Variance_X,Variance_Y,Variance_Z,RMS_X,RMS_Y,RMS_Z,PtP_X,PtP_Y,PtP_Z,Dominant_X,Dominant_Y,Dominant_Z,Spec_Crest_X,Spec_Crest_Y,Spec_Crest_Z,Label
1.6321369912475348e-05,6.905636837473139e-06,1.4011686289450154e-05,0.004039971523720848,0.0026278578419452487,0.003743218707135632,0.017578125,0.013427734375,0.02197265625,13.0,21.0,6.0,6.448058822630394,2.6390932992390312,3.9722841679894523,Transient_Shock
1.1590716894716024e-05,6.457543349824846e-06,3.438166095293127e-05,0.0034045141936429085,0.002541169681431141,0.005863587720238461,0.02099609375,0.014404296875,0.0322265625,14.0,4.0,2.0,4.496015465646366,2.896599863279581,6.822658286264327,Transient_Shock
1.3224256690591574e-05,8.761518984101713e-06,4.132065441808663e-05,0.0036365171098994673,0.0029599863148504105,0.006428114375000388,0.0234375,0.0166015625,0.029541015625,3.0,40.0,3.0,4.1321457714974175,3.6203996492668775,9.505250268335784,Transient_Shock
2.6660443836590275e-05,1.8041315342998132e-05,2.0940522517776117e-05,0.005163375236857212,0.004247506956203619,0.004576081568085966,0.0263671875,0.021240234375,0.023681640625,15.0,38.0,3.0,4.697317490714494,4.9915338512753715,5.257256140986524,Transient_Shock
2.737250179052353e-05,2.5256536900997162e-05,4.222779534757137e-05,0.005231873640534864,0.005025588214427955,0.00649829172533608,0.02099609375,0.024169921875,0.0361328125,14.0,37.0,3.0,7.10517902821337,4.351416753937644,9.43892525427145,Transient_Shock
1.666322350502014e-05,3.767539965338074e-05,0.00013058248077868484,0.004082061183399894,0.006138028971370267,0.011427269174159014,0.021728515625,0.026611328125,0.049072265625,3.0,40.0,3.0,4.999003967826995,4.55999814165419,14.034188743515465,Transient_Shock
1.3736509572481737e-05,1.9792638340732083e-05,6.211045183590613e-05,0.003706279748276125,0.004448891810409878,0.007881018451691769,0.020263671875,0.023681640625,0.03857421875,42.0,33.0,4.0,4.09589260793306,3.705043513332697,9.588999967319122,Transient_Shock
1.8221078789792955e-05,3.439077045186423e-05,6.970142931095324e-05,0.004268615558912861,0.005864364454215327,0.008348738186753328,0.021728515625,0.031982421875,0.034912109375,14.0,37.0,5.0,3.001434773589224,6.043313562019745,6.31169164350086,Transient_Shock
3.274570553912781e-05,5.688404417014681e-05,9.116038199863397e-05,0.005722386350040323,0.007542151163305255,0.009547794614393104,0.02734375,0.0322265625,0.04736328125,12.0,40.0,5.0,3.596717582855908,7.5861768341001135,8.479198188235182,Transient_Shock
3.20853287121281e-05,3.3643849747022614e-05,0.00010330162695026956,0.005664391292286233,0.005800331865248972,0.010163740795114246,0.027099609375,0.028564453125,0.05419921875,14.0,44.0,5.0,5.608626916154642,5.645925589334077,6.027142088256586,Transient_Shock
1.7432263121008873e-05,2.7179219614481553e-05,0.00011631421511992812,0.0041751961775476935,0.005213369314990216,0.010784906820178287,0.02685546875,0.025146484375,0.04833984375,14.0,47.0,6.0,5.411008577609951,3.7361819273757773,9.484014730253678,Transient_Shock
2.0982683054171503e-05,2.911045157816261e-05,0.00011810153591795824,0.00458068587158861,0.005395410232610919,0.01086745305570529,0.02392578125,0.02880859375,0.0546875,6.0,25.0,6.0,4.559642005620968,4.0731344074823195,7.883514498367232,Transient_Shock
3.87849286198616e-05,3.4295953810214996e-05,0.00012901885202154517,0.006227754701323873,0.005856274738279873,0.011358646575254693,0.02978515625,0.039306640625,0.05712890625,20.0,39.0,6.0,3.9280527073456546,3.56564907128994,5.170126143414728,Transient_Shock
3.276657298556529e-05,3.9110072975745425e-05,0.00016305594181176275,0.00572420937646111,0.006253804680012434,0.012769335997292998,0.028076171875,0.028564453125,0.0625,14.0,27.0,7.0,5.875275882933293,4.444551925565567,7.413945530919601,Transient_Shock
2.376477641519159e-05,3.7689136661356315e-05,0.00014863779870211147,0.004874912964883742,0.006139147877462826,0.01219171024516706,0.0224609375,0.02783203125,0.0546875,42.0,42.0,7.0,3.854253163922425,5.9172991338061145,10.088766407548226,Transient_Shock
1.799544770619832e-05,4.217294917907566e-05,0.0001756914280122146,0.004242104160225008,0.006494070309064698,0.013254864315118983,0.0234375,0.033447265625,0.06005859375,7.0,43.0,7.0,4.940980973565225,5.6200963750408865,9.36052048195594,Transient_Shock
3.413148442632519e-05,5.00363385071978e-05,0.00019490564227453433,0.005842215712067228,0.0070736368656581314,0.01396086108642781,0.02783203125,0.0390625,0.062744140625,21.0,44.0,7.0,2.933227147250168,4.57148614928455,7.980942385764422,Transient_Shock
3.075407585129142e-05,6.84430960973259e-05,0.00019901300765923224,0.00554563574816192,0.008273034273912197,0.014107197016389622,0.025146484375,0.03564453125,0.066650390625,14.0,30.0,8.0,4.524416404125516,6.004151979874796,6.705758845306741,Transient_Shock
2.4340723030036315e-05,5.568143387790769e-05,0.0001949615398189053,0.0049336318295993995,0.007461999321757386,0.01396286288047352,0.02294921875,0.039306640625,0.06201171875,8.0,31.0,8.0,4.085501863377715,7.593277718281782,8.57226088946058,Transient_Shock
2.2692398488288745e-05,6.223722812137567e-05,0.00029636354884132743,0.004763653900976513,0.007889057492589065,0.017215212715541085,0.025146484375,0.036865234375,0.076904296875,8.0,31.0,8.0,6.869899946535254,7.061257437588507,9.560654897482744,Transient_Shock
5.079753464087844e-05,7.746927440166473e-05,0.00030642945421277545,0.007127238921270876,0.008801663161111355,0.017505126512332766,0.041015625,0.043701171875,0.08203125,8.0,32.0,8.0,4.952359483047935,6.377524341123897,9.908176303758601,Transient_Shock
4.7653473302489147e-05,7.44891440263018e-05,0.0002899672253988683,0.006903149520507951,0.008630709358233644,0.01702842404331265,0.0380859375,0.038818359375,0.07421875,8.0,32.0,8.0,9.16103052754722,10.599791957980647,12.599365022230417,Transient_Shock
3.3784101105993614e-05,7.798276783432811e-05,0.00030188210075721145,0.0058124092342155,0.00883078523316744,0.017374754696317628,0.02880859375,0.039306640625,0.086181640625,8.0,32.0,8.0,7.620009443419994,7.338211868816801,12.96508365245569,Transient_Shock
2.3731961846351624e-05,0.00010416417717351578,0.00034331482311245054,0.004871546145357922,0.010206085301109127,0.018528756653171594,0.02294921875,0.044189453125,0.084228515625,8.0,32.0,8.0,4.6068157649642245,7.393190057993892,9.621396568884695,Transient_Shock
4.258396438672207e-05,9.536271682009101e-05,0.000312471322104102,0.006525639002176114,0.009765383598204988,0.01767685837766717,0.0341796875,0.04150390625,0.076904296875,8.0,33.0,8.0,6.05725606235734,8.566099044295768,9.121150459749959,Transient_Shock
4.071075454703532e-05,9.936022979672998e-05,0.0003750843461602926,0.006380497985818609,0.009967960162276432,0.019367094417085198,0.031005859375,0.039794921875,0.08349609375,8.0,33.0,8.0,6.316908845654885,11.418894771714491,9.845407770172963,Transient_Shock
3.534565621521324e-05,0.00012324837734922767,0.00045644116107723676,0.005945221292366941,0.011101728574831384,0.021364483637037354,0.02880859375,0.053466796875,0.10546875,8.0,33.0,8.0,5.167438077537241,8.65889600155313,7.74975238018898,Transient_Shock
6.514082997455262e-05,0.00013252815915620886,0.00044665479799732566,0.008070986926922421,0.01151208752382507,0.021134209187886017,0.05908203125,0.050537109375,0.106689453125,8.0,33.0,8.0,4.065854199802521,6.236614859391213,6.888788553235067,Transient_Shock
3.772694253711961e-05,0.00016839956151670776,0.0005568616179516539,0.006142226187394894,0.012976885663236298,0.023597915542514638,0.031494140625,0.062255859375,0.111328125,8.0,34.0,8.0,4.3282410391418065,8.024028999552048,6.354858492633928,Transient_Shock
5.063321441411972e-05,0.00015123408229555935,0.00042554154060781,0.007115701962148198,0.012297726712509078,0.020628658235760513,0.033447265625,0.055908203125,0.091796875,34.0,34.0,8.0,3.1488255717071016,11.772026219591814,6.233108645282154,Transient_Shock
6.17696059634909e-05,0.00014273518172558397,0.00045253443749970756,0.007859364221328014,0.011947183003770553,0.021272856825064836,0.046142578125,0.04638671875,0.088134765625,14.0,34.0,8.0,4.361088928234635,12.691145498828547,5.825961829788247,Transient_Shock
4.756449197884649e-05,0.0001452346878068056,0.0003166298702126369,0.006896701528908329,0.012051335519634561,0.017794096498913253,0.031982421875,0.057861328125,0.072265625,8.0,34.0,9.0,5.315483963312083,9.495421022754547,6.490093772181484,Transient_Shock
4.905933383270167e-05,0.00013887224486097693,0.0003517124423524365,0.0070042368487010535,0.011784406852318742,0.018753998036483754,0.035888671875,0.046875,0.07958984375,34.0,34.0,9.0,4.2443976717512095,10.710645641926853,8.001639204709003,Transient_Shock
6.155390292406082e-05,0.00012922141468152404,0.00035021372241317295,0.007845629542876775,0.011367559750514797,0.018713998033909614,0.03857421875,0.044189453125,0.08203125,13.0,34.0,9.0,5.054364267084755,11.392264066844854,6.536377698159534,Transient_Shock
5.424965274869464e-05,0.00012922947280458175,0.00034285872243344784,0.007365436358335781,0.011367914180032402,0.018516444648837095,0.041259765625,0.040771484375,0.07958984375,9.0,34.0,9.0,5.264248190215773,11.393400861663151,8.086576713305496,Transient_Shock
4.824847201234661e-05,0.00013628042870550416,0.00028824846958741546,0.006946112006896132,0.011673920879700365,0.016977881775634304,0.032958984375,0.05029296875,0.07568359375,25.0,34.0,9.0,3.9597381050145115,10.092899826708658,7.529201452679013,Transient_Shock
4.20011201640591e-05,0.00012218320262036286,0.0003320664254715666,0.006480827120365047,0.011053651099087706,0.018222689852806215,0.03173828125,0.050048828125,0.0751953125,12.0,34.0,9.0,4.650007691827718,8.015094258095768,8.355439403766804,Transient_Shock
9.581673657521605e-05,0.0001585900317877531,0.0003545756917446852,0.009788602381096908,0.012593253423470565,0.018830180342861436,0.0732421875,0.056884765625,0.086669921875,12.0,34.0,9.0,4.187401795063951,7.933766103173395,7.336311887585897,Transient_Shock
6.665254113613628e-05,0.000154600347741507,0.000418032388552092,0.008164100754898623,0.0124338388175779,0.02044584037285071,0.052001953125,0.0517578125,0.095703125,9.0,34.0,9.0,2.835044390301896,7.2412654813770905,7.009313141356442,Transient_Shock
5.685257201548666e-05,0.0001463814260205254,0.0003736786893568933,0.007540064456984878,0.012098819199431215,0.01933077053189793,0.042724609375,0.05322265625,0.079833984375,9.0,34.0,9.0,4.949590993164209,8.177890325079943,7.579422592296389,Transient_Shock
5.305828744894825e-05,0.00014346401076181792,0.00043166475006728433,0.00728411198767209,0.011977646294736622,0.02077654326559845,0.037841796875,0.049560546875,0.093994140625,9.0,34.0,9.0,4.898566351453784,10.85362630735988,7.635324299592884,Transient_Shock
5.181919550523162e-05,0.0001854500405897852,0.0004607422997651156,0.007198555098436882,0.013618004280722826,0.021464908566428034,0.0390625,0.054443359375,0.091552734375,9.0,34.0,9.0,3.9272987108378934,11.223329664170496,6.270925065550195,Transient_Shock
5.484442226588726e-05,0.00013886898523196578,0.0003606277605285868,0.0074057020103355,0.011784268548873357,0.01899020169794378,0.0361328125,0.048095703125,0.083740234375,8.0,34.0,9.0,4.725841095458669,10.719293720062156,6.54889841989244,Transient_Shock
4.9087218940258026e-05,0.0001672037433309015,0.00043602060395642184,0.0070062271544860735,0.01293072864655745,0.020881106387268415,0.04150390625,0.052734375,0.08251953125,34.0,34.0,9.0,5.074655162388161,12.35355068896082,6.517223669300803,Transient_Shock
4.1760955355130136e-05,0.00014137051766738296,0.00045447676893672906,0.0064622716868861325,0.011889933459333696,0.021318460754396154,0.032958984375,0.050537109375,0.087646484375,9.0,34.0,9.0,5.127530113327421,12.937930486111524,7.188097195689524,Transient_Shock
7.158178777899593e-05,0.00018912308951257728,0.00042693130671977997,0.008460602093172561,0.013752203078509904,0.02066231610250361,0.048828125,0.059326171875,0.094970703125,17.0,34.0,9.0,3.9320171041979557,10.3211278086027,6.779850044657963,Transient_Shock
6.0856109485030174e-05,0.00017402319645043463,0.00048411052193841897,0.007801032590947827,0.01319178518815534,0.022002511718856532,0.0400390625,0.0537109375,0.092529296875,25.0,34.0,9.0,3.519168590662376,8.861873550511087,7.085955600765847,Transient_Shock
5.585291364695877e-05,0.00015409708430524915,0.0004075001343153417,0.007473480691549204,0.012413584667824567,0.020186632565025345,0.0439453125,0.055908203125,0.081787109375,17.0,34.0,9.0,4.270640644422492,9.382613166587259,7.8220353899919886,Transient_Shock
4.469473788049072e-05,0.00016141129526658915,0.00047618892494938336,0.0066854123194078855,0.012704774506719477,0.021821753480171645,0.03564453125,0.05517578125,0.091796875,9.0,34.0,9.0,4.69517366166737,8.955682069522158,8.134940706498657,Transient_Shock
7.774388359393924e-05,0.00016576680354773998,0.0004612931370502338,0.008817249207884466,0.012875045768762921,0.021477735845526962,0.052490234375,0.05859375,0.094970703125,25.0,34.0,9.0,4.592499569086252,8.02221443494683,7.221353327244864,Transient_Shock
8.233240805566311e-05,0.0001516733864264097,0.0004899213090538979,0.0090737207393474,0.012315574953140016,0.022134166102518924,0.04638671875,0.050537109375,0.09130859375,21.0,35.0,9.0,4.37818334691001,6.478753186788639,7.788346721476154,Transient_Shock
8.406350025325082e-05,0.0001693880039965734,0.0005105518175696488,0.009168614958283002,0.013014914674963235,0.02259539372459902,0.04833984375,0.058837890625,0.0869140625,22.0,34.0,9.0,5.89195870924389,6.430361589585453,7.477584133591637,Transient_Shock
5.8433375670574605e-05,0.00014102515706326813,0.00044280002111918293,0.007644172660960413,0.011875401343250177,0.021042814001914833,0.038818359375,0.05322265625,0.091796875,14.0,35.0,9.0,4.074997254529005,6.8447585098747,7.557063977107548,Transient_Shock
3.895835470757447e-05,0.00017489813035354018,0.00047536286001559347,0.00624166281591488,0.01322490568410755,0.021802817708167756,0.03515625,0.063232421875,0.092041015625,9.0,34.0,9.0,3.84915337623443,6.5812214565306535,6.633069482576503,Transient_Shock
5.830853115185164e-05,0.00015784884089953266,0.0004658646030293312,0.007636002301718592,0.012563790865002993,0.021583896845318067,0.04052734375,0.0556640625,0.087158203125,9.0,34.0,9.0,5.170157709329764,7.883146228245469,6.987819460982128,Transient_Shock
4.929560236632824e-05,0.0001905370590975508,0.0004660728736780584,0.007021082706130746,0.013803516186014012,0.021588720982912778,0.03955078125,0.057861328125,0.09130859375,9.0,35.0,9.0,4.290003422888507,7.332999286476103,8.047521571798406,Transient_Shock
5.929995313636027e-05,0.00016071030040620826,0.0005066164158051834,0.007700646280433888,0.012677156637282994,0.02250814110061476,0.03955078125,0.0546875,0.091552734375,25.0,35.0,9.0,5.101259580916725,8.155821149295358,8.068144396707297,Transient_Shock
8.951976997195743e-05,0.00018293092944077216,0.0004599757812684402,0.00946148878200241,0.013525196096204008,0.021447045980004804,0.06298828125,0.072021484375,0.091552734375,9.0,35.0,9.0,3.361116327879814,8.322104850644024,7.628258466333609,Transient_Shock
6.536788714583963e-05,0.00023031668024486862,0.0005536908538488206,0.008085040948927818,0.015176187935211813,0.02353063649476615,0.042236328125,0.06591796875,0.09912109375,35.0,35.0,9.0,3.0887087918030662,7.210151664916719,6.79389901320277,Transient_Shock
0.00011891041867784224,0.00029799434923916124,0.0012226076651131734,0.01090460538845135,0.017262512830962973,0.03496580708511064,0.0537109375,0.0791015625,0.16259765625,3.0,2.0,3.0,5.7911010553972995,7.636528454075988,8.93032161894147,Transient_Shock
7.348903091042303e-05,0.0002172782551497221,0.0005546908359974623,0.008572574345575722,0.01474036143212649,0.02355187542420905,0.050537109375,0.072998046875,0.105224609375,37.0,35.0,9.0,3.684247531724375,6.035100299524479,6.8666923425346615,Transient_Shock
7.182137051131576e-05,0.00016899333786568604,0.0005983926203043666,0.008474748994000693,0.012999743761539534,0.0244620649231492,0.050048828125,0.059326171875,0.109619140625,25.0,35.0,9.0,3.2296396339412548,5.616743315234576,6.587096205257053,Transient_Shock
7.225377703434788e-05,0.00016534601672901772,0.0005934356559009757,0.008500222175587406,0.01285869420777311,0.02436053480326275,0.04345703125,0.060791015625,0.111328125,9.0,34.0,9.0,3.953231733680781,7.092155097346848,6.605526795423587,Transient_Shock
5.462835542857647e-05,0.00017217261483892798,0.0005266595944704022,0.007391099744190743,0.013121456277369825,0.02294906521996925,0.03662109375,0.05810546875,0.10302734375,14.0,34.0,9.0,4.46647790489538,7.010081299969588,7.138863130265389,Transient_Shock
6.005342220305465e-05,0.00017304602079093456,0.0005959508380328771,0.007749414313550067,0.013154695769607695,0.024412104334384552,0.040771484375,0.058349609375,0.10546875,9.0,34.0,9.0,3.8016985827182808,7.4211680627358145,7.012106269158584,Transient_Shock
0.0002601876876724418,0.00017478243898949586,0.0005827711393067148,0.016130334394315632,0.013220530964734202,0.02414065324937821,0.10498046875,0.067138671875,0.114990234375,20.0,34.0,9.0,4.244481687878811,5.691441973276448,7.334181913184294,Transient_Shock
0.0002721769269555807,0.00018342019757255912,0.0006101386970840394,0.0164977855167165,0.01354327130247929,0.02470098575126182,0.09814453125,0.069580078125,0.114501953125,21.0,35.0,9.0,6.761249681264287,7.056607079474615,6.494602286004475,Transient_Shock
8.146976688294671e-05,0.00018423868095851503,0.0005967975448584184,0.00902606042983021,0.013573455011842601,0.024429440125766665,0.044921875,0.052734375,0.10400390625,9.0,35.0,9.0,3.957280646222203,9.819867422776829,7.062157273950615,Transient_Shock
0.0001682236179476604,0.00028672319240286015,0.0010707968467613682,0.012970104777821203,0.01693290265733729,0.032723032358896204,0.077392578125,0.069091796875,0.162841796875,20.0,35.0,9.0,4.288624453514293,9.379589312607095,5.905399953019545,Transient_Shock
7.042124343570322e-05,0.00019846307986881584,0.0008318027794302907,0.008391736616201871,0.014087692496247065,0.028840991304570143,0.044189453125,0.058349609375,0.155029296875,35.0,35.0,3.0,5.120879527178454,11.9655425776602,6.208229720590346,Transient_Shock
4.347122376202606e-05,0.00015937513671815395,0.0005391007834987249,0.006593271097264699,0.012624386587797205,0.023218543957335587,0.031494140625,0.05712890625,0.10888671875,9.0,35.0,9.0,4.212732090234788,8.322553278243248,8.27765258061985,Transient_Shock
7.942871889099479e-05,0.00032515358179807663,0.0005346118377929088,0.008912279107556875,0.018032015466887683,0.023121674632104586,0.048583984375,0.107177734375,0.10888671875,14.0,35.0,9.0,3.7334370344738024,7.915013188836353,8.522476127045103,Transient_Shock
0.0001000798620225396,0.0005761974862252828,0.0007757304083497729,0.010003992304202338,0.024004113943765615,0.02785193724590397,0.052490234375,0.115966796875,0.131103515625,3.0,1.0,3.0,4.970241824111843,12.985457877430623,7.304559000899351,Transient_Shock
7.392278348561376e-05,0.00021193312932155095,0.0007829733040125575,0.008597835976896381,0.014557923248923623,0.027981660136821,0.050537109375,0.07958984375,0.150634765625,3.0,35.0,9.0,4.707715529539921,8.831837060507588,6.5268199313215725,Transient_Shock
6.89891712681856e-05,0.00019067547691520303,0.0005692650120181497,0.008305972024283828,0.013808529136559151,0.02385927517797114,0.043701171875,0.06640625,0.107177734375,35.0,35.0,9.0,4.483654139541553,10.634276305617986,8.582207185346563,Transient_Shock
7.309054126380943e-05,0.0001906731486087665,0.0006302833644440398,0.0085493006300989,0.013808444829479042,0.025105444916273437,0.0419921875,0.06005859375,0.115234375,14.0,35.0,9.0,4.797903291067099,12.12361240163854,8.070489088779128,Transient_Shock
7.019714394118637e-05,0.00019184403572580777,0.000578956154640764,0.008378373585677973,0.013850777441205522,0.02406150773831025,0.05126953125,0.066650390625,0.10986328125,9.0,35.0,9.0,4.175387569984485,10.97001836533627,7.133424325290099,Transient_Shock
5.42331108590588e-05,0.00016679291366017424,0.0007016224808467086,0.0073643133324878835,0.012914833086810462,0.026488157369789024,0.038818359375,0.05859375,0.130859375,35.0,35.0,9.0,4.22538220831452,10.590842682309631,7.395129527772482,Transient_Shock
5.5316657380899414e-05,0.00016573046741541475,0.000545557530131191,0.007437516882730379,0.012873634584507002,0.023357172990993387,0.042724609375,0.052001953125,0.105712890625,9.0,35.0,9.0,3.838980517087775,9.85706633844456,7.5317332753276975,Transient_Shock
5.554570452659391e-05,0.00014108296818449162,0.0004940833568980452,0.0074528990685902834,0.011877835164056268,0.022227985893869134,0.0380859375,0.057373046875,0.098876953125,9.0,35.0,9.0,3.795245412678837,8.57727288523407,7.53371232286249,Transient_Shock
5.796661935164593e-05,0.000152553719090065,0.0005438800981210079,0.007613581243517792,0.012351263866101516,0.023321237062407473,0.041748046875,0.05029296875,0.107421875,9.0,35.0,9.0,4.253964420769981,7.901439035858979,6.938584347202503,Transient_Shock
5.458771192934364e-05,0.0001819712015276309,0.0005229743546806276,0.00738834974330152,0.013489670178608183,0.022868632549425155,0.03564453125,0.060791015625,0.08984375,9.0,34.0,9.0,4.159351162476022,5.9973577385558565,7.646396337995242,Transient_Shock
6.256926280912012e-05,0.00015772253027535044,0.00048383493776782416,0.007910073502131324,0.012558763086998275,0.021996248265734413,0.0478515625,0.0546875,0.092041015625,13.0,34.0,9.0,4.685964013072316,6.982618170634963,8.41233707019457,Transient_Shock
7.78529210947454e-05,0.00017381898578605615,0.0005083568394184113,0.008823430234027206,0.013184042846792336,0.022546770044030946,0.051513671875,0.0615234375,0.097412109375,14.0,34.0,9.0,5.012818563634703,8.875542627810615,6.942869340362456,Transient_Shock
5.0442347856005654e-05,0.00016809020598884672,0.00048261729170917533,0.007102277652697454,0.012964960701400014,0.0219685523353082,0.042236328125,0.058837890625,0.099853515625,9.0,34.0,9.0,3.9835010793241556,7.088400029383573,7.153115560284529,Transient_Shock
4.566827556118369e-05,0.00015679647913202643,0.0005075972876511514,0.006757830684560223,0.012521840085707309,0.022529919832328552,0.036376953125,0.05859375,0.092529296875,9.0,34.0,9.0,4.112880570250621,7.916279147523998,7.2713860762056735,Transient_Shock
4.246864409651607e-05,0.00017402504090568982,0.0005490852308867034,0.006516797073449201,0.013191855097206375,0.023432567739936298,0.03857421875,0.059814453125,0.10595703125,9.0,34.0,9.0,5.019025425791627,8.1783973668036,7.453442250053856,Transient_Shock
5.398961002356373e-05,0.00015072608584887348,0.00048245166181004606,0.007347762245987803,0.012277055259665222,0.02196478230736754,0.040771484375,0.054443359375,0.0947265625,8.0,34.0,9.0,3.2673540549320754,8.15684607093784,6.057097117952561,Transient_Shock
5.7659519370645285e-05,0.00019408552543609403,0.0005819386533403303,0.007593386554801835,0.013931458123114537,0.024123404679694996,0.03955078125,0.06884765625,0.107421875,9.0,34.0,9.0,3.31101510808857,8.947936681686487,6.148020413722778,Transient_Shock
6.260391091927886e-05,0.00016358908032998443,0.0005563152335525956,0.007912263324692807,0.012790194694764596,0.02358633573814711,0.04296875,0.052490234375,0.106689453125,9.0,34.0,9.0,4.45574734716012,10.206805962809971,6.51554476432932,Transient_Shock
4.404200808494352e-05,0.00016038550165831111,0.0005693032726412639,0.0066364153038325985,0.012664339764011037,0.023860076962182328,0.037109375,0.05517578125,0.098388671875,9.0,34.0,9.0,4.244190524382739,9.277976859602694,6.690890135113049,Transient_Shock
6.120273610576987e-05,0.00015604286454617977,0.0005621340787911322,0.00782321775906627,0.012491711834099431,0.023709366899837967,0.041259765625,0.053955078125,0.101806640625,9.0,34.0,9.0,4.314345971089477,8.923774246074723,7.401852169060355,Transient_Shock
7.494166129617952e-05,0.00018320648450753652,0.0005304285114107188,0.008656885195968555,0.013535378993864063,0.02303103365918948,0.05322265625,0.061279296875,0.097900390625,9.0,34.0,9.0,4.418299464869823,8.84274699882146,6.816463980750647,Transient_Shock
6.325867434497923e-05,0.00018534858463681303,0.0006177508585096803,0.0079535321929932,0.013614278704243315,0.024854594313922732,0.038818359375,0.06201171875,0.1123046875,43.0,34.0,9.0,4.128134496711376,8.585036741058177,6.1490678587697065,Transient_Shock
6.473354005720466e-05,0.00016072834841907024,0.0005243203449936118,0.008045715633627916,0.012677868449351816,0.022898042383435572,0.040283203125,0.054443359375,0.1103515625,14.0,34.0,9.0,4.521328995289063,7.832102141275988,6.409425893685455,Transient_Shock
4.1735576814971864e-05,0.000171084360772511,0.0005015440656279679,0.006460307795683721,0.013079922047646575,0.022395179517654417,0.030517578125,0.0576171875,0.097412109375,9.0,34.0,9.0,4.0993438292216995,8.829039716108191,7.483739873280109,Transient_Shock
4.7389359679073095e-05,0.00015280389925464988,0.0004634667966456618,0.006883993003996525,0.012361387432430466,0.021528278998695225,0.0419921875,0.056640625,0.094970703125,9.0,34.0,9.0,3.79560268089164,7.245336364288717,7.170408788962466,Transient_Shock
3.987502714153379e-05,0.00014831102453172207,0.0004227306017128285,0.006314667619244404,0.012178301381215775,0.020560413461621546,0.03369140625,0.061767578125,0.083984375,9.0,34.0,9.0,5.124022400086661,8.030967497477732,8.194429397917961,Transient_Shock
5.3049938287585974e-05,0.0001712495541141834,0.0005515750344784465,0.007283538857422673,0.013086235291869981,0.02348563464074255,0.04150390625,0.057861328125,0.093994140625,14.0,34.0,9.0,4.372697555786935,9.086168833995856,7.421466137116149,Transient_Shock
4.5782653614878654e-05,0.00015535700003965758,0.0005021074866817798,0.006766288023346232,0.012464228818489236,0.022407755056715963,0.030517578125,0.058837890625,0.090576171875,9.0,34.0,9.0,5.160937611348386,8.59494421146207,7.740784749636706,Transient_Shock
5.766097456216812e-05,0.00017484811542090029,0.0004758031827805098,0.007593482373863004,0.013223014611687468,0.02181291321168518,0.042724609375,0.05517578125,0.088623046875,34.0,34.0,9.0,3.802851743656631,10.266345412840668,7.6000526087010645,Transient_Shock
5.11137732246425e-05,0.0001637506647966802,0.0005233082301856484,0.007149389709943255,0.012796509867799118,0.022875931241933045,0.03759765625,0.0595703125,0.1005859375,14.0,34.0,9.0,4.967195976013173,8.294667928335956,6.485204347455533,Transient_Shock
5.146092371433042e-05,0.00016079761189757846,0.0005651953651977237,0.007173626956730495,0.012680599824045331,0.02377383783064324,0.03173828125,0.058837890625,0.107421875,43.0,34.0,9.0,4.00152183763543,9.096207059024556,6.407861394792306,Transient_Shock
5.642022006213665e-05,0.00017457551075494848,0.000595166755374521,0.007511339431961296,0.013212702628718641,0.02439603974776482,0.038330078125,0.066162109375,0.109375,9.0,34.0,9.0,3.855586704305394,9.588044358554331,6.287721550695014,Transient_Shock
7.73110514273867e-05,0.00016839088857523166,0.0004996093775844201,0.008792670324047564,0.012976551490100583,0.02235194348562156,0.049072265625,0.061279296875,0.103515625,15.0,34.0,9.0,4.653284637629677,7.965339094901777,7.381071400499205,Transient_Shock
7.880697012296878e-05,0.00018771344548440538,0.000600129129452398,0.008877328997112181,0.013700855647893142,0.024497533129937757,0.0439453125,0.0546875,0.1005859375,14.0,34.0,9.0,4.455011462000265,7.800815344466939,7.17253186497949,Transient_Shock
6.878323620185256e-05,0.0001795864081941545,0.0005742094945162535,0.008293565952101217,0.013400985344151172,0.023962668768654577,0.041015625,0.060791015625,0.096923828125,9.0,34.0,9.0,3.7306193552664015,8.138912581407515,6.835712443791254,Transient_Shock
5.137885091244243e-05,0.0001702141853456851,0.0005058274691691622,0.007167904220373095,0.013046615857979614,0.022490608465961126,0.0361328125,0.056640625,0.10107421875,9.0,34.0,9.0,4.578564948304243,6.647076693415682,7.480937166750013,Transient_Shock
7.842782360967249e-05,0.00015827524475753307,0.0005520065860764589,0.008855948487297817,0.012580748974426485,0.02349482040953833,0.04443359375,0.0576171875,0.098876953125,15.0,34.0,9.0,4.578595547399371,6.668055229176658,7.701270701125101,Transient_Shock
6.746945655322634e-05,0.00017280605607083999,0.0005098507936054375,0.008213979337277782,0.013145571728564717,0.022579875854517834,0.045166015625,0.0595703125,0.1025390625,9.0,35.0,9.0,3.9584753447937993,6.94303409888408,6.601638789071455,Transient_Shock
5.4675645515089855e-05,0.00017547743846080266,0.0005493927747011185,0.007394298175965712,0.013246789741699785,0.02343912913700333,0.035888671875,0.0625,0.10205078125,9.0,34.0,9.0,4.815179730684029,6.888155484280907,7.4525763531038836,Transient_Shock
4.705494211521e-05,0.00016701464483048767,0.0004912774857075419,0.006859660495622943,0.012923414596401667,0.022164780299103844,0.03759765625,0.06396484375,0.100341796875,9.0,34.0,9.0,4.2470094343057605,6.951346499544724,7.763925392632055,Transient_Shock
4.4559070374816656e-05,0.00015984571291483007,0.000496918335556984,0.006675258075521624,0.012643010437187421,0.02229166515891049,0.03857421875,0.053955078125,0.099853515625,9.0,35.0,9.0,3.714281318572666,7.034716557473773,7.012232530809636,Transient_Shock
7.112830644473433e-05,0.0001620462535356637,0.0006164899932628032,0.008433759923351762,0.01272973894216467,0.024829216525351805,0.052978515625,0.0546875,0.1083984375,43.0,34.0,9.0,3.593422314592325,7.764265763903006,6.751375192523147,Transient_Shock
6.633564771618694e-05,0.00019103671365883201,0.0005343605153029785,0.008144669896084613,0.013821603150822702,0.023116239211925856,0.046630859375,0.066162109375,0.0986328125,15.0,34.0,9.0,3.997371168689825,6.962766936763982,6.7448907398595415,Transient_Shock
7.028854452073574e-05,0.00014076221486902796,0.0005426030220405664,0.008383826365135178,0.011864325301888344,0.02329384086063452,0.041748046875,0.0546875,0.11328125,16.0,34.0,9.0,4.1810707065529975,6.764372315360255,6.220221989985733,Transient_Shock
4.500160866882652e-05,0.00014888212535879575,0.0005663609481416643,0.006708323834522788,0.012201726326991428,0.023798339188726265,0.03173828125,0.066162109375,0.106201171875,9.0,34.0,9.0,4.1625682756289875,5.883354384059325,6.709416220813781,Transient_Shock
7.292312511708587e-05,0.00018201395505457185,0.000562421071663266,0.008539503798060276,0.013491254762051298,0.023715418437448368,0.0419921875,0.076904296875,0.0986328125,9.0,34.0,9.0,3.4805551695691834,6.629780915331553,6.570511871167656,Transient_Shock
6.566404772456735e-05,0.0001559164229547605,0.0005693172570317984,0.008103335592493214,0.01248664978906514,0.023860370010370717,0.03955078125,0.057861328125,0.10107421875,8.0,34.0,9.0,3.631249266048258,8.409982743570025,7.3074869743818365,Transient_Shock
9.737413711263798e-05,0.0001611687730473932,0.0005759857594966888,0.009867833455862436,0.0126952263881899,0.023999703321013966,0.049560546875,0.055908203125,0.097900390625,25.0,34.0,9.0,6.51196640587801,8.051494640026322,6.849221989345216,Transient_Shock
8.042843182920478e-05,0.00017225542978849262,0.000596244204643881,0.008968189997385469,0.01312461160524351,0.02441811222522906,0.044189453125,0.059814453125,0.10302734375,43.0,34.0,9.0,3.6929540111802335,8.345493673023203,6.510993664839051,Transient_Shock
6.077746729715727e-05,0.0001482628140365705,0.0005440022796392441,0.007795990462869825,0.012176321859928412,0.023323856448693128,0.04345703125,0.064453125,0.099853515625,34.0,34.0,9.0,3.357884469422005,7.164500143108296,5.724116142223203,Transient_Shock
5.608479477814399e-05,0.00016152744865394197,0.0005020833887101617,0.007488978219900495,0.01270934493410034,0.022407217335273063,0.047119140625,0.057373046875,0.0986328125,9.0,34.0,9.0,3.665838681437005,7.390470388287804,6.5555046731443785,Transient_Shock
5.872524343430996e-05,0.00015225086463033222,0.000552152192540234,0.007663239747933635,0.012338997715792487,0.023497918898069122,0.039306640625,0.058837890625,0.103759765625,9.0,34.0,9.0,3.54743701123415,6.895774117181441,7.096707292016011,Transient_Shock
6.544263669638894e-05,0.00017918354933499359,0.00053114011825528,0.008089662335128022,0.01338594596339734,0.023046477350243354,0.037109375,0.0712890625,0.107421875,34.0,34.0,9.0,3.9338653706004227,7.125245713836591,6.6043170562155336,Transient_Shock
6.443351958296262e-05,0.00014505762374028563,0.0004827818447665777,0.008027049245081446,0.012043987036703653,0.021972297211866075,0.038330078125,0.061279296875,0.09326171875,13.0,34.0,9.0,3.8699712828363175,6.329412812814255,6.802988377856235,Transient_Shock
6.0474907513707876e-05,0.00014763185390620492,0.0005220039165578783,0.0077765614196576545,0.012150384928314202,0.022847405028971632,0.0400390625,0.06201171875,0.098876953125,9.0,34.0,9.0,3.749710750027437,9.036200444419988,7.789210685596774,Transient_Shock
5.327362669049762e-05,0.0001496549775765743,0.00046531049520126544,0.007298878454289921,0.012233355123455475,0.02157105688651498,0.03515625,0.056640625,0.089111328125,9.0,34.0,9.0,3.9771988680919663,9.473017442471802,8.098326369812767,Transient_Shock
5.070021143183112e-05,0.0001441360764147248,0.0005130529752932489,0.007120408094472614,0.012005668511779127,0.022650672733789803,0.03515625,0.05712890625,0.098876953125,34.0,34.0,9.0,3.460587445728443,8.178347238090023,5.777693805030888,Transient_Shock
9.583657083567232e-05,0.00014351849313243292,0.000557222738279961,0.009789615459029651,0.011979920414277923,0.02360556583265822,0.052734375,0.057861328125,0.10009765625,25.0,34.0,9.0,3.651457318764298,11.290315860939234,6.618214732253681,Transient_Shock
5.054787834524177e-05,0.00014805089085712098,0.0004733536479761824,0.007109703112313606,0.012167616482167779,0.021756692027424168,0.04150390625,0.0576171875,0.09521484375,8.0,34.0,9.0,4.209863000714985,9.466245098439115,6.030934214186046,Transient_Shock
7.013510912656784e-05,0.00016436580335721374,0.0006213964516064152,0.008374670687649027,0.012820522741183907,0.024927824847074308,0.045166015625,0.052734375,0.120361328125,25.0,34.0,9.0,5.555392764579242,9.385386318611555,5.8936033284636915,Transient_Shock
5.09274541400373e-05,0.00014573335647583008,0.0005056420341134071,0.007136347394853848,0.01207200714362902,0.022486485588312975,0.032470703125,0.054931640625,0.094970703125,25.0,34.0,9.0,4.703748779089866,9.851828465043743,6.642478617618243,Transient_Shock
5.457899533212185e-05,0.00015100241580512375,0.0005913748755119741,0.007387759831784047,0.01228830402476777,0.024318200499049557,0.03564453125,0.052490234375,0.115966796875,34.0,34.0,9.0,4.9192850570737505,9.259728134761644,5.490393022416915,Transient_Shock
0.09976866748183966,0.16585199551059304,0.41567169610038945,0.31586178540912424,0.40724930387981395,0.6447260628362944,2.68310546875,3.99993896484375,3.99993896484375,7.0,26.0,7.0,3.2199950257084047,3.224993050167997,3.0134722089594543,Transient_Shock
0.00036595647907233797,0.00017456331988796592,0.004398173754452728,0.019129988998228358,0.013212241289348522,0.06631872853465096,0.108642578125,0.06787109375,0.322021484375,3.0,34.0,3.0,9.101677968418848,6.826028984140722,10.949985870656066,Transient_Shock
7.72982275520917e-05,0.0001791399990906939,0.0006959028542041779,0.008791941057132475,0.013384319149314016,0.02637997070135177,0.0537109375,0.05859375,0.131103515625,34.0,34.0,9.0,3.9716837202633344,6.560089234877031,5.177315500504735,Transient_Shock
5.909752508159727e-05,0.00018443794397171587,0.0006946553730813321,0.007687491468717039,0.013580793201124736,0.02635631562038465,0.033935546875,0.06298828125,0.114501953125,34.0,34.0,9.0,4.71049248398978,10.846830888663868,6.536725824494569,Transient_Shock
6.947014480829239e-05,0.0001633557112654671,0.0006537658628076315,0.008334875212520724,0.012781068471198608,0.02556884555093623,0.04443359375,0.052978515625,0.1162109375,34.0,34.0,9.0,5.281561772689075,9.029103176103584,5.579347815532043,Transient_Shock
5.9492562286322936e-05,0.00020972730999346823,0.0006681219347228762,0.007713142179833258,0.014481964990755509,0.025848054757038802,0.03759765625,0.063232421875,0.11474609375,34.0,34.0,9.0,5.612758501574455,9.574264507181317,5.6218140298273935,Transient_Shock
5.6070974096655846e-05,0.0001768604815879371,0.0006731567518727388,0.007488055428257449,0.013298890238961185,0.025945264536572737,0.0361328125,0.064697265625,0.1103515625,34.0,34.0,9.0,3.6482215791077808,9.557491481486,5.940980884535015,Transient_Shock
6.542399933096021e-05,0.00019410758977755904,0.0005826812557643279,0.008088510328296565,0.013932249989774052,0.02413879151416508,0.05078125,0.0654296875,0.100830078125,8.0,34.0,9.0,4.860457448526801,13.194965158438436,6.931797326384608,Transient_Shock
8.936492667999119e-05,0.00018442793225403875,0.000674334467476001,0.009453302421904801,0.01358042459770823,0.02596795077544628,0.045654296875,0.06103515625,0.116943359375,34.0,34.0,9.0,3.8732413195986406,11.998720824211409,6.311769931990133,Transient_Shock
5.6058153859339654e-05,0.00018505669140722603,0.0005291350498737302,0.007487199333485095,0.013603554366680277,0.023002935679467745,0.03759765625,0.06591796875,0.1025390625,34.0,34.0,9.0,5.0634683898748545,8.34412621683345,5.682959539202756,Transient_Shock
5.8609992265701294e-05,0.00015214603263302706,0.000529396565980278,0.00765571631303703,0.012334748989461726,0.02300861938448889,0.045166015625,0.0576171875,0.095947265625,34.0,34.0,9.0,4.920900739286571,6.91468316965373,6.121328139334834,Transient_Shock
6.286665666266344e-05,0.00018447321781422943,0.0005614895162580069,0.007928849643085902,0.013582091805544146,0.023695770007704054,0.042724609375,0.0576171875,0.1064453125,34.0,34.0,9.0,5.680700107602131,10.16956454264967,6.2678002791307215,Transient_Shock
6.865503019071184e-05,0.00020692840553238057,0.0006786754493077751,0.008285833101789574,0.014385006275020549,0.026051400141024573,0.045166015625,0.0634765625,0.106689453125,34.0,34.0,9.0,3.8234708382595977,14.29669355248937,6.424303904951489,Transient_Shock
5.414228871813975e-05,0.00017979531548917294,0.0005153430647624191,0.007358144380082505,0.013408777553870186,0.022701168797276034,0.0341796875,0.05908203125,0.097412109375,34.0,34.0,9.0,5.506292191484633,12.126429432976384,6.614736826210983,Transient_Shock
6.35000724287238e-05,0.0001593966590007767,0.0005076784727862105,0.007968693269835639,0.012625238968066176,0.022531721478533558,0.03955078125,0.056396484375,0.0986328125,34.0,34.0,9.0,5.744582816809967,11.0735217223436,6.346217221229328,Transient_Shock
5.018754382035695e-05,0.00019628681184258312,0.0005777267360826954,0.007084316750425333,0.014010239535517697,0.0240359467482081,0.0380859375,0.060302734375,0.107421875,34.0,34.0,9.0,6.393037957411817,10.748050570174085,5.802088899060272,Transient_Shock
5.778866761829704e-05,0.00018231988360639662,0.0006097463447076734,0.007601885793557875,0.01350258803364735,0.02469304243522198,0.041015625,0.058349609375,0.108154296875,34.0,34.0,9.0,4.537929434832318,10.681067601896517,5.63441555701312,Transient_Shock
6.173652582219802e-05,0.0001883276527223643,0.0006309247946774121,0.007857259434573738,0.01372325226476451,0.025118216391245063,0.040771484375,0.064697265625,0.10009765625,9.0,34.0,9.0,4.445249031519188,13.326503000604719,6.707093871372411,Transient_Shock
6.48196873953566e-05,0.00019912310744985007,0.0005137929692864418,0.00805106746930844,0.014111098732907019,0.022667001770998337,0.038818359375,0.07177734375,0.100830078125,14.0,34.0,9.0,3.942232572899428,11.577377138176619,6.105442812643527,Transient_Shock
5.454383426695131e-05,0.00021926556655671448,0.000569878364331089,0.0073853797645721175,0.014807618530902074,0.023872125257946537,0.041015625,0.05615234375,0.099853515625,34.0,34.0,9.0,6.234662090965747,11.582793032407253,5.943877000787886,Transient_Shock
4.734040339826606e-05,0.00020779017359018326,0.0005221299361437559,0.0068804362796457946,0.01441492884443705,0.02285016271591421,0.0341796875,0.067138671875,0.097900390625,34.0,34.0,9.0,4.522674121919642,12.250845560837876,6.648511442623691,Transient_Shock
0.20088518873308203,0.27370386730194696,0.5041927788367957,0.448202173949527,0.5231671504423294,0.7100653342029842,3.107666015625,3.99993896484375,3.99993896484375,7.0,25.0,6.0,3.3087672324359136,2.794829213211353,2.9182251308353213,Transient_Shock
0.001130332937464118,0.00021809394456795417,0.015249126532580703,0.0336204244093396,0.014768004082067224,0.12348735373543601,0.153076171875,0.0791015625,0.517822265625,2.0,2.0,2.0,11.535144928302683,4.338365985496895,13.763525338937187,Transient_Shock
8.645662092021666e-05,0.00016205932115553878,0.0008997029945021495,0.009298205252639708,0.012730252203139527,0.02999504949991164,0.0517578125,0.0556640625,0.15625,3.0,34.0,3.0,5.541399358534405,8.458176574817005,6.41357143186244,Transient_Shock
6.972573100938462e-05,0.0001756844576448202,0.0006021246663294733,0.008350193471374457,0.013254601376307785,0.02453822867139096,0.042724609375,0.062255859375,0.109130859375,34.0,34.0,9.0,4.738485204640259,9.78510129414847,7.799629663116992,Transient_Shock
7.214903234853409e-05,0.00016760799553594552,0.0005160724649613257,0.008494058649934912,0.012946350664799156,0.02271722837322647,0.039306640625,0.060791015625,0.097412109375,34.0,34.0,9.0,3.96035719890026,8.142723491224128,6.540130200477967,Transient_Shock
6.658106212853454e-05,0.00016673121353960596,0.0006579583132406697,0.008159721939412798,0.012912444135004262,0.025650698104353217,0.0478515625,0.056396484375,0.10986328125,34.0,34.0,9.0,4.423705430931026,8.731968741991762,7.190335090757984,Transient_Shock
5.826912820339203e-05,0.0001618398673599586,0.0006241218507057056,0.007633421788647083,0.012721629901862362,0.024982430840606876,0.04541015625,0.0546875,0.110107421875,34.0,34.0,9.0,3.6027108476293197,10.86794634321352,6.433899343853088,Transient_Shock
6.303627378656529e-05,0.00020034529370605014,0.0006883298592583742,0.00793953863814298,0.014154338335155415,0.026236041226876707,0.037841796875,0.05810546875,0.117919921875,34.0,34.0,9.0,4.78705947626611,10.354644185618664,5.930133509212346,Transient_Shock
5.498422251548618e-05,0.00018677726257010363,0.0006141998419479933,0.007415134693010383,0.01366664781759242,0.024783055540993998,0.036865234375,0.0546875,0.112548828125,34.0,34.0,9.0,4.833986617037715,10.085499375387021,7.122327534742226,Transient_Shock
5.518131365533918e-05,0.00017748301615938544,0.0005349214443413075,0.0074284125932354604,0.013322275187046147,0.023128368821456205,0.0400390625,0.055419921875,0.093505859375,34.0,34.0,9.0,4.86100110721945,11.055278556063104,7.191905210624502,Transient_Shock
5.422426329459995e-05,0.0001855811533459928,0.0005138830601936206,0.007363712602661781,0.0136228173791618,0.02266898895393486,0.041015625,0.061279296875,0.093505859375,34.0,34.0,9.0,5.740142006222944,11.77518944026017,7.1444441436441,Transient_Shock
6.536062574014068e-05,0.00015587300003971905,0.0004137809737585485,0.008084591872206084,0.012484910894344382,0.02034160696106747,0.03662109375,0.054931640625,0.089599609375,34.0,34.0,9.0,4.643270944430337,8.974003130023618,6.812792853365279,Transient_Shock
8.227297803387046e-05,0.00018165352230425924,0.0004927780100842938,0.009070445305158423,0.013477890128067495,0.022198603786821678,0.04150390625,0.059814453125,0.0859375,34.0,34.0,9.0,4.296810515787052,10.325713210671127,7.383988373600729,Transient_Shock
6.097869118093513e-05,0.0001579244817548897,0.00045442464761435986,0.007808885399398248,0.012566800776446235,0.021317238273621652,0.04345703125,0.048095703125,0.089111328125,9.0,34.0,9.0,4.8660535183894105,12.636513179612066,7.297074277847983,Transient_Shock
4.561524838209152e-05,0.00017696023860480636,0.0005211300413066056,0.0067539061573352885,0.013302640286980865,0.02282827284983701,0.036865234375,0.055419921875,0.091064453125,34.0,34.0,9.0,5.005863685207774,14.02356283951334,7.012920161870236,Transient_Shock
6.943636981304735e-05,0.00018120753520634025,0.0005112937615194824,0.00833284884136556,0.013461334822607312,0.022611805799614554,0.043701171875,0.0556640625,0.09326171875,19.0,34.0,9.0,3.887914980851087,13.461944190971012,5.820706760951542,Transient_Shock
0.00012291292659938335,0.00018848256149794906,0.0006133364768174943,0.011086610239355551,0.013728895130269918,0.024765630959406107,0.0546875,0.058349609375,0.104248046875,21.0,34.0,9.0,7.914346782851674,13.801345052505429,6.026868085484261,Transient_Shock
6.984430365264416e-05,0.00019529368728399277,0.0005505242734216154,0.008357290449221216,0.013974751778975995,0.023463253683613773,0.041748046875,0.06494140625,0.099853515625,34.0,34.0,9.0,4.13017880927731,13.607742472362464,6.035176645950207,Transient_Shock
6.362526619341224e-05,0.00020495411808951758,0.0006019127904437482,0.007976544752799438,0.014316218707798424,0.02453391103032185,0.0390625,0.06640625,0.111572265625,34.0,34.0,9.0,6.039974768017036,11.144012004727648,5.688264331511049,Transient_Shock
0.00010325456969439983,0.0001781035534804687,0.0005155805120011792,0.010161425573924155,0.013345544330617192,0.022706398041106808,0.044677734375,0.05419921875,0.100830078125,20.0,34.0,9.0,5.669508015291557,10.42028983390181,6.916146182414533,Transient_Shock
5.8998059103032574e-05,0.00018065530093736015,0.0005068170685262885,0.007681019405198282,0.013440807302292529,0.022512597995928602,0.038818359375,0.05908203125,0.09130859375,34.0,34.0,9.0,5.605494409198011,9.318270833665903,6.4188579064558375,Transient_Shock
4.8181143938563764e-05,0.00018320695016882382,0.000567978680919623,0.006941263857437186,0.013535396195487734,0.023832303307058322,0.040771484375,0.056884765625,0.103759765625,34.0,34.0,9.0,5.862286272973924,8.36417841356322,6.683367981457554,Transient_Shock
6.757196024409495e-05,0.00016278581460937858,0.000512755705130985,0.008220216557007179,0.012758754430169843,0.022644109722640565,0.046142578125,0.053466796875,0.103759765625,34.0,34.0,9.0,5.240426145696779,11.236229168271898,5.746260347919566,Transient_Shock
7.271504364325665e-05,0.00019221979891881347,0.0006401044920494314,0.008527311630476316,0.013864335502245084,0.025300286402517885,0.04541015625,0.067138671875,0.11328125,34.0,34.0,9.0,4.3417394571817995,14.926937894884565,6.311031659653525,Transient_Shock
3.971758997067809e-05,0.00011167500269948505,0.000438786213635467,0.006302189299813049,0.0105676394099858,0.020947224485250236,0.03466796875,0.055908203125,0.162353515625,34.0,34.0,8.0,4.176637931259387,8.201501521687668,4.584909045984508,Transient_Shock
3.3340529626002535e-05,1.02063495432958e-05,5.049394894740544e-05,0.005774125875489946,0.0031947377894431025,0.007105909438446668,0.026611328125,0.017822265625,0.02978515625,3.0,2.0,3.0,5.155081029008829,3.6754276643559938,11.854690604382574,Transient_Shock
0.00757127114047762,0.002685694689716911,0.00029498146614059806,0.08701305155249768,0.05182368849972868,0.0171750244873362,0.747802734375,0.35107421875,0.102294921875,20.0,37.0,3.0,3.753180572691953,6.932314994125687,3.7986349900310645,Transient_Shock
0.00011809599527623504,3.680866211652756e-05,0.00014145869863568805,0.010867198133660536,0.006067014267044998,0.0118936411008441,0.058837890625,0.037841796875,0.0478515625,22.0,37.0,3.0,5.646541516631902,4.189147381060415,17.296651411904495,Transient_Shock
3.786425804719329e-05,2.2322157747112215e-05,2.8582693630596623e-05,0.006153394026648488,0.004724633080685972,0.005346278484197828,0.0322265625,0.024658203125,0.0234375,20.0,41.0,3.0,3.715404100528945,3.6073649575566917,9.36302465334447,Transient_Shock
2.0627074263757095e-05,3.219301288481802e-05,8.194794281735085e-05,0.004541703894328328,0.005673888691613365,0.009052510304735965,0.021484375,0.02880859375,0.0400390625,3.0,39.0,3.0,5.279486813337216,5.686736200961004,14.655553935312591,Transient_Shock
2.9501938115572557e-05,2.331366704311222e-05,5.4900869145058095e-05,0.005431568660670005,0.00482842283184812,0.007409512071996246,0.026611328125,0.024658203125,0.03466796875,14.0,44.0,3.0,3.9406322445565367,3.652482650817374,5.86715080496657,Transient_Shock
3.4690016036620364e-05,3.522330371197313e-05,4.4736298150382936e-05,0.005889823090434921,0.005934922384662931,0.0066885198774006,0.03076171875,0.0322265625,0.037841796875,25.0,39.0,4.0,4.6793594913313195,4.9147857283749135,5.549167898756953,Transient_Shock
4.884198642685078e-05,6.604863665415905e-05,4.400111720315181e-05,0.006988704202271747,0.00812703123250791,0.006633333792532365,0.033935546875,0.035888671875,0.030517578125,15.0,39.0,5.0,4.239735904444794,5.48070398762775,6.8687679334226095,Transient_Shock
3.725942224264145e-05,4.297401392250322e-05,5.3286432375898585e-05,0.0061040496592542105,0.00655545680502154,0.0072997556380949204,0.027587890625,0.031494140625,0.0419921875,14.0,42.0,5.0,4.791438768373312,7.539468439931375,6.869646102964661,Transient_Shock
5.099823101772927e-05,3.737865699804388e-05,4.918974809697829e-05,0.007141304573936702,0.006113808714544795,0.007013540339727026,0.036376953125,0.029052734375,0.037353515625,17.0,45.0,6.0,4.913510647746354,4.0618371907131365,8.149284445415779,Transient_Shock
4.6201981604099274e-05,3.011546505149454e-05,5.466400398290716e-05,0.006797203954869919,0.005487755921275521,0.0073935109374983115,0.03662109375,0.031982421875,0.037841796875,12.0,36.0,6.0,3.994726060779192,3.3638150193921086,9.059892486242438,Transient_Shock
3.912014653906226e-05,3.7654637708328664e-05,9.207123366650194e-05,0.00625461002294006,0.006136337483249162,0.009595375639676747,0.030029296875,0.0322265625,0.042724609375,19.0,26.0,6.0,4.234025793386433,4.121589727099667,7.224180758116675,Transient_Shock
0.0003202427178621292,0.0005388707941165194,0.0001525978877907619,0.017895326704537393,0.023213590720018294,0.012353051760223539,0.100341796875,0.097412109375,0.068115234375,20.0,1.0,3.0,5.186102257948246,16.418707082669265,6.381260546174463,Transient_Shock
0.00013306160326465033,0.00025593115424271673,0.0004594223246385809,0.0115352331257175,0.01599784842542011,0.021434139232508986,0.050048828125,0.063720703125,0.102783203125,7.0,1.0,2.0,3.418129509914781,13.410049280325099,9.347194610622951,Transient_Shock
4.785990677191876e-05,4.79572918266058e-05,0.0002390185218246188,0.0069180854845772724,0.006925120347445653,0.015460223860753724,0.031494140625,0.033203125,0.077880859375,16.0,1.0,3.0,6.040489524076817,3.446071860239913,8.846638473317343,Transient_Shock
3.420229404582642e-05,3.629264756455086e-05,0.00015910781439743005,0.0058482727403761205,0.006024337935786044,0.012613794607390356,0.03369140625,0.03076171875,0.059814453125,16.0,29.0,7.0,4.255105576903096,4.835797712041882,6.788111547870775,Transient_Shock
5.298709947965108e-05,3.643654054030776e-05,0.00011384527897462249,0.007279223823983645,0.006036268759780976,0.01066983031611199,0.03759765625,0.029541015625,0.051025390625,16.0,30.0,8.0,4.859550421892339,5.384986374449314,5.926291628034839,Transient_Shock
0.00012401310596033,4.89458761876449e-05,0.0001386405056109652,0.011136117185102264,0.0069961329452523195,0.01177457029411117,0.052001953125,0.0400390625,0.05615234375,14.0,31.0,8.0,6.833864939087774,3.8101859991138793,7.379296064771351,Transient_Shock
8.082069325610064e-05,7.896724855527282e-05,0.00014556184396496974,0.00899003299527319,0.008886351813611299,0.012064901324294771,0.044677734375,0.047607421875,0.06201171875,14.0,1.0,8.0,8.29961009510122,7.377583511857733,8.562484968553138,Transient_Shock
4.031672142446041e-05,7.366003410425037e-05,0.00015825306400074624,0.006349544977749226,0.008582542403288805,0.012579867407915961,0.028076171875,0.046630859375,0.05859375,12.0,39.0,8.0,4.731228427340561,4.168689691487885,8.517549861015603,Transient_Shock
2.9965387511765584e-05,6.564359864569269e-05,0.00017173564992845058,0.005474064989727979,0.00810207372502205,0.013104794921266436,0.02490234375,0.034912109375,0.06494140625,8.0,32.0,8.0,5.186673151948865,8.32038980208139,10.904746475287151,Transient_Shock
4.147429353906773e-05,5.648520527756773e-05,0.00014143413864076138,0.006440053845975803,0.00751566399445636,0.011892608571745787,0.031494140625,0.032958984375,0.05859375,12.0,32.0,8.0,5.857515214090602,6.357969471943094,9.972602013136761,Transient_Shock
2.009258241741918e-05,5.567242260440253e-05,0.00017646442574914545,0.0044824750325483335,0.007461395486395459,0.013283991333524177,0.0224609375,0.031982421875,0.055419921875,22.0,33.0,8.0,3.7953476071566774,6.660996429564863,10.174912776415107,Transient_Shock
8.554056694265455e-05,5.1199865993112326e-05,0.00015876884572207928,0.00924881435334576,0.007155408163977253,0.012600351015828062,0.05029296875,0.037841796875,0.0556640625,22.0,33.0,8.0,9.199928989077163,8.26293279587676,9.458708399346712,Transient_Shock
5.094590596854687e-05,5.791749572381377e-05,0.00014358734188135713,0.007137640083987625,0.007610354507105025,0.011982793575846876,0.035400390625,0.035400390625,0.05810546875,8.0,33.0,8.0,4.006941437911849,10.153336555637226,9.352168295065624,Transient_Shock
3.8150781620061025e-05,8.989128036773764e-05,0.0001722519773466047,0.006176631899349436,0.009481101221257879,0.013124480079096645,0.02734375,0.040283203125,0.060546875,8.0,33.0,8.0,4.73954130047738,9.559856497816954,8.758277044388548,Transient_Shock
4.042646833113395e-05,7.607856241520494e-05,0.0001675792591413483,0.00635818121251148,0.008722302586771737,0.012945240791169097,0.03076171875,0.035400390625,0.05908203125,17.0,34.0,8.0,4.750594311754673,5.874897379326837,7.663515094550534,Transient_Shock
4.0194539906224236e-05,8.676246216055006e-05,0.00018438274491927586,0.006339916395838689,0.009314636984904461,0.013578760802049495,0.0302734375,0.036865234375,0.067626953125,25.0,34.0,8.0,5.205387601720542,8.088470899929069,6.573664720712278,Transient_Shock
4.758918294101022e-05,9.022972881211899e-05,0.0001988848925975617,0.0068984913525357286,0.009498933035458193,0.014102655515808422,0.033935546875,0.038818359375,0.064208984375,34.0,34.0,8.0,4.015021402041983,7.82303415586953,6.931390172462567,Transient_Shock
5.309743573889136e-05,8.757199611864053e-05,0.00020115915322094224,0.007286798730505143,0.009357991030057708,0.01418305866944582,0.03662109375,0.03857421875,0.062255859375,14.0,34.0,9.0,6.529545298275769,11.179207536942991,7.376920104508389,Transient_Shock
5.5040931329131126e-05,8.285568037535995e-05,0.00019572366363718174,0.007418957563507903,0.00910250956469478,0.013990127363150836,0.037353515625,0.03857421875,0.060546875,34.0,34.0,17.0,5.572624794049009,9.446630866924705,6.682298376482144,Transient_Shock
4.508387064561248e-05,8.258109664893709e-05,0.00016767576744314283,0.006714452371237171,0.009087414189357558,0.012948967813812143,0.033935546875,0.03857421875,0.060791015625,34.0,34.0,17.0,4.632749603390439,9.45867786637187,7.132487137985846,Transient_Shock
3.911045132554136e-05,0.0001015412708511576,0.00016974380923784338,0.006253834929508562,0.010076768869590967,0.01302857663898261,0.0322265625,0.038330078125,0.0625,34.0,34.0,9.0,5.474619728293994,11.098427343868265,6.97724338089506,Transient_Shock
7.791652751620859e-05,0.00010372698307037354,0.00019158198483637534,0.008827033902518365,0.01018464447442195,0.013841314418666146,0.0498046875,0.03955078125,0.064208984375,22.0,34.0,9.0,4.96467486579344,8.838812514727785,8.71559447813037,Transient_Shock
7.382546027656645e-05,9.556341319694184e-05,0.00020650672013289295,0.008592174362556108,0.009775654105835672,0.014370341684625768,0.041259765625,0.041015625,0.061279296875,22.0,34.0,9.0,5.061864057930766,7.783703584032355,6.935270471597108,Transient_Shock
4.484684541239403e-05,9.887735359370708e-05,0.00022717227329849266,0.006696778734017874,0.009943709247243058,0.015072235179245733,0.036376953125,0.04638671875,0.08056640625,34.0,34.0,9.0,4.301296029386063,6.874273104971281,5.851615425176906,Transient_Shock
3.95335337088909e-05,0.00011082271521445364,0.00018279390860698186,0.006287569777655823,0.010527236827128647,0.013520129755552713,0.03369140625,0.046630859375,0.066162109375,34.0,34.0,9.0,3.6827863313629443,7.8168461150890955,7.746988715597217,Transient_Shock
3.5682693123817444e-05,0.00011248598093516193,0.00021409965120255947,0.005973499236110895,0.010605940832154492,0.014632144449893853,0.028564453125,0.046875,0.067626953125,9.0,35.0,9.0,3.899879935652201,6.1058816886908875,8.695073238496542,Transient_Shock
4.47905040346086e-05,9.842493091127835e-05,0.00020376420798129402,0.0066925708090843986,0.009920933973738479,0.014274600098822175,0.03662109375,0.039794921875,0.071044921875,16.0,35.0,9.0,4.899554960608866,6.811014634128685,8.851302839099764,Transient_Shock
6.48766290396452e-05,0.00010705889144446701,0.00022230983813642524,0.008054602972192062,0.010346926666622656,0.01491005828749255,0.044921875,0.04638671875,0.0673828125,15.0,35.0,9.0,5.132028460579694,8.088695061806291,8.120020954216997,Transient_Shock
6.023455352988094e-05,0.00010591162936179899,0.00020451657474040985,0.007761092289741241,0.010291337588564422,0.014300929156541188,0.0361328125,0.042236328125,0.06494140625,35.0,35.0,9.0,4.826098071371454,8.882908675636639,9.120303841059169,Transient_Shock
4.6447370550595224e-05,0.0001125584494729992,0.00023055262863636017,0.006815230777500878,0.010609356694587999,0.015183959583598744,0.03564453125,0.0439453125,0.068359375,35.0,35.0,9.0,5.982394794354377,7.105717489558378,7.201023845738249,Transient_Shock
3.137869862257503e-05,0.00010530272265896201,0.00019969098138972186,0.005601669271081169,0.010261711487805629,0.014131205942513252,0.0322265625,0.040771484375,0.069091796875,35.0,35.0,9.0,5.208083617848097,9.724276878202906,7.698978185142233,Transient_Shock
3.503955667838454e-05,0.00010239699258818291,0.00021679651399608701,0.005919421988537778,0.01011913991346018,0.014724011477721927,0.033203125,0.041015625,0.072265625,35.0,35.0,9.0,5.227026393786475,8.164024330713648,8.170060937682821,Transient_Shock
6.735044007655233e-05,9.866946129477583e-05,0.00020381059948704205,0.008206731388107713,0.00993325028853979,0.014276224973256833,0.044189453125,0.039794921875,0.060791015625,22.0,35.0,9.0,5.303281939765905,9.062192676377322,7.691941186348331,Transient_Shock
5.094613879919052e-05,0.00010394466517027467,0.00023121769481804222,0.00713765639402672,0.010195325652978166,0.015205844100806842,0.0380859375,0.03857421875,0.069580078125,35.0,35.0,9.0,4.279532302159906,7.551838958285003,8.14026432353108,Transient_Shock
4.066817564307712e-05,9.089578816201538e-05,0.00020239449804648757,0.006377160468662923,0.009533928264992105,0.014226542027017232,0.03466796875,0.037109375,0.06396484375,35.0,35.0,9.0,5.263424514637841,7.115892775374454,8.025642908376003,Transient_Shock
4.226318560540676e-05,8.886941577657126e-05,0.00021429498156066984,0.006501014198216057,0.009427057641521625,0.014638817628506403,0.033935546875,0.037841796875,0.074462890625,35.0,35.0,9.0,4.267946645602391,7.422000060650003,7.635758987042626,Transient_Shock
4.34294888691511e-05,9.363094795844518e-05,0.00020996664170525037,0.006590105376179587,0.009676308591526274,0.014490225729961916,0.036865234375,0.039306640625,0.0830078125,35.0,35.0,9.0,5.098930336912801,7.7314076672664696,7.847813121395244,Transient_Shock
6.074714474380016e-05,0.00010071223368868232,0.00019693784634000622,0.007794045467137086,0.010035548499642773,0.014033454540490244,0.041259765625,0.0419921875,0.0556640625,35.0,35.0,9.0,4.135102288996995,8.746103045327077,8.413728267054777,Transient_Shock
6.388223482645117e-05,0.00010548051432124339,0.00020758385289809667,0.007992636287636962,0.010270370700283579,0.014407770573482099,0.041748046875,0.044921875,0.065185546875,13.0,35.0,9.0,5.2013756717128095,9.19454044470917,8.278450768780054,Transient_Shock
5.187291753827594e-05,0.00012090979362255894,0.00016568634600844234,0.007202285577389718,0.010995898945632365,0.012871920836007435,0.037353515625,0.04296875,0.066162109375,35.0,35.0,9.0,5.448327901468814,10.172535377901447,7.754250001289309,Transient_Shock
4.497318514040671e-05,0.00012113223419873975,0.00022930398336029612,0.00670620497303853,0.011006009004118602,0.015142786512405705,0.035400390625,0.045654296875,0.06640625,35.0,35.0,9.0,6.413084379150295,9.455704173626149,8.176316973670025,Transient_Shock
4.044220258947462e-05,0.00011081786578870378,0.00022929183614905924,0.006359418415977566,0.010527006497039117,0.015142385418059442,0.033447265625,0.041015625,0.072509765625,35.0,35.0,9.0,5.524418395993688,9.136209694739192,7.972835879036856,Transient_Shock
6.522886906168424e-05,0.00011078057286795229,0.00020270319873816334,0.008076439132543762,0.01052523505048473,0.014237387356469702,0.0458984375,0.039306640625,0.07080078125,22.0,35.0,9.0,5.0679068050494696,10.253116201888396,8.787649399463772,Transient_Shock
6.14905402471777e-05,0.00012119713937863708,0.0001841170851548668,0.007841590415673194,0.01100895723393624,0.013568975095963099,0.036865234375,0.047607421875,0.060546875,35.0,35.0,9.0,5.814580516392214,8.974876469780993,9.16053349461971,Transient_Shock
4.875709055340849e-05,0.00010818126247613691,0.00022077791800256819,0.0069826277684986535,0.010401022184195979,0.014858597443990741,0.039306640625,0.04150390625,0.064208984375,35.0,35.0,9.0,5.929036190613321,10.746808464602783,8.725896476708416,Transient_Shock
4.920124774798751e-05,0.00010523208402446471,0.00019587832503020763,0.007014360109659862,0.010258269055959914,0.01399565379073831,0.034423828125,0.03857421875,0.0625,35.0,35.0,9.0,5.966189124355505,9.321516919457114,8.12613450946804,Transient_Shock
4.470162093639374e-05,0.0001085523072106298,0.00019528023767634295,0.006685927081294989,0.010418843851917055,0.01397427055972307,0.033935546875,0.04638671875,0.06396484375,35.0,35.0,9.0,6.018203612295318,8.748180736705375,8.066309022346113,Transient_Shock
5.279105607769452e-05,9.93874818959739e-05,0.00021118571748957038,0.0072657453903708,0.00996932705331578,0.014532230299908215,0.0400390625,0.0400390625,0.066162109375,35.0,35.0,9.0,4.848853249812945,7.308354982652672,7.573089320462377,Transient_Shock
8.488283128826879e-05,0.0001259738601220306,0.0001997728795686271,0.00921318790041041,0.01122380773721782,0.014134103422878548,0.051513671875,0.050048828125,0.06298828125,15.0,35.0,9.0,6.125245735831554,8.542335345633886,7.557276231795855,Transient_Shock
7.656748857698403e-05,0.00011116201858385466,0.00022924778750166297,0.008750285056898663,0.01054334001082459,0.015140930866418451,0.052490234375,0.047119140625,0.062744140625,15.0,35.0,9.0,5.303273432032956,9.069291941964318,8.345305766766474,Transient_Shock
5.477118247654289e-05,0.0001132689903897699,0.00020719294843729585,0.007400755534169663,0.010642790535840208,0.014394198429829147,0.043212890625,0.044189453125,0.072021484375,35.0,35.0,9.0,5.602311689721681,8.420942319008208,7.673013086472655,Transient_Shock
5.320671698427759e-05,0.00013824342386214994,0.00021866126917302608,0.007294293453397498,0.01175769636715245,0.0147871995040652,0.03857421875,0.05078125,0.073974609375,35.0,35.0,9.0,6.098142353296665,9.689437167297395,7.77904772583204,Transient_Shock
0.10975504439193173,0.1751773156663603,0.4881099085976075,0.33129298874550867,0.4185418923672519,0.6986486302839271,2.461181640625,3.99993896484375,3.99993896484375,6.0,26.0,6.0,4.054489965002676,3.0023888824595466,3.496553188700918,Transient_Shock
0.0010058232001028955,0.00016480174599564634,0.012801554195903009,0.03171471582882141,0.012837513232540263,0.11314395342174945,0.146728515625,0.057373046875,0.51318359375,3.0,35.0,2.0,11.047706499344464,7.240264531685397,12.358911302283698,Transient_Shock
7.613186244270764e-05,0.00017166041288874112,0.0005778127815574408,0.008725357439251853,0.013101924014767492,0.024037736614694837,0.044189453125,0.0546875,0.1220703125,3.0,35.0,3.0,4.687036313239316,7.8088687006322015,8.637151142428973,Transient_Shock
4.297621489968151e-05,0.00011695859939209186,0.0002479554641467985,0.006555624676541627,0.010814739913289262,0.015746601669782548,0.031005859375,0.0439453125,0.07763671875,15.0,34.0,9.0,4.02488528917738,6.207428802663521,6.993861415084934,Transient_Shock
5.119288107380271e-05,0.0001369530764350202,0.0002103197475662455,0.007154920060615822,0.011702695263699735,0.014502404889060487,0.0380859375,0.05029296875,0.07177734375,15.0,34.0,9.0,4.725850497651696,7.74916122760339,7.091800655046935,Transient_Shock
5.838446304551326e-05,0.0001092932652682066,0.000217130462260684,0.0076409726504885,0.010454341933771183,0.014735347374958081,0.044677734375,0.04345703125,0.060546875,25.0,34.0,17.0,5.693212058126804,9.283626203258006,6.498564412635982,Transient_Shock
7.992352766450495e-05,0.00010827809092006646,0.0002286333910888061,0.008939995954389742,0.010405675899242031,0.015120627999154205,0.0478515625,0.037109375,0.071044921875,34.0,34.0,9.0,4.418272842364448,9.319404288948032,6.935638700564488,Transient_Shock
8.0647281720303e-05,0.00010425172513350844,0.00022985035320743918,0.008980383161107492,0.01021037340813295,0.015160816376681013,0.0439453125,0.04638671875,0.0712890625,15.0,34.0,17.0,5.252285292250816,8.483020865237284,7.591255636486774,Transient_Shock
5.551840513362549e-05,0.00010315606778021902,0.00019354197138454765,0.007451067382169181,0.010156577562359234,0.013911936291708197,0.045654296875,0.04443359375,0.060546875,14.0,34.0,9.0,4.894960065531392,9.91550072517259,6.765907823683665,Transient_Shock
3.9924634620547295e-05,9.9533936008811e-05,0.00019446032456471585,0.006318594354802917,0.00997666958502741,0.013944903175164603,0.03515625,0.044677734375,0.06005859375,34.0,34.0,17.0,5.417711327564633,9.336905221790282,8.142839849952606,Transient_Shock
3.736849976121448e-05,0.00010686920722946525,0.00019596769925556146,0.006112977978139172,0.010337756392441506,0.013998846354452265,0.03076171875,0.042724609375,0.0576171875,15.0,34.0,9.0,4.9220010083881345,11.673785217875125,7.161470678338264,Transient_Shock
6.399932317435741e-05,0.00010586145435809158,0.00020461570238694549,0.007999957698285499,0.01028889956983212,0.014304394513118879,0.049072265625,0.04052734375,0.064697265625,34.0,34.0,9.0,4.869948195368922,8.619890310982836,6.928055460031556,Transient_Shock
0.00010801989992614836,0.00010545673649176024,0.00021046871188445948,0.010393262236956613,0.010269213041502266,0.014507539828808312,0.055419921875,0.044921875,0.064208984375,22.0,34.0,9.0,11.327215639740752,10.413891537962105,6.924214765259932,Transient_Shock
4.668637120630592e-05,9.451401638216339e-05,0.00020504783606156707,0.006832742583055937,0.009721831945788992,0.014319491473567316,0.02978515625,0.04541015625,0.0615234375,34.0,34.0,17.0,5.272358330475778,10.423522335434516,7.471218737496627,Transient_Shock
3.8646099710604176e-05,0.00010480811761226505,0.00016327056800946593,0.006216598725235865,0.010237583582675408,0.01277773720223835,0.033203125,0.043701171875,0.0556640625,34.0,34.0,8.0,5.729774903864485,13.534377046527286,7.31469977676212,Transient_Shock
3.1689090974396095e-05,0.00011484138667583466,0.00023022087043500505,0.005629306438132152,0.010716407358617657,0.01517303102333232,0.029296875,0.041748046875,0.06689453125,34.0,34.0,8.0,5.369928413845722,12.43270184277044,7.832038214936442,Transient_Shock
2.966433748952113e-05,8.72171949595213e-05,0.00019250667173764668,0.005446497726936194,0.009339014667486142,0.013874677356163878,0.02783203125,0.0361328125,0.067138671875,34.0,34.0,17.0,5.198807850648273,10.459174391908295,5.900259796371124,Transient_Shock
7.732995072728954e-05,0.00011101538257207721,0.00019870625328621827,0.00879374497738532,0.01053638375212659,0.014096320558437165,0.04296875,0.047607421875,0.060546875,12.0,34.0,17.0,5.716668878057096,10.126299690041108,7.21235157686015,Transient_Shock
6.802938878536224e-05,0.00010468053733347915,0.00020672123355325311,0.008247993015598537,0.010231350709142911,0.014377803502387043,0.045654296875,0.046875,0.0654296875,14.0,34.0,8.0,5.520405672059479,9.704938388660398,7.1899506446252195,Transient_Shock
4.037047256133519e-05,8.753884685575031e-05,0.0001892255968414247,0.0063537762441980275,0.009356219688300948,0.013755929515718837,0.031982421875,0.043212890625,0.067626953125,34.0,34.0,9.0,5.603475351692342,10.35312935176142,5.54417093733181,Transient_Shock
3.882747478201054e-05,0.00011548390830284916,0.0002173817738366779,0.006231169615891589,0.010746343950518667,0.014743872416589811,0.0302734375,0.049560546875,0.074951171875,34.0,34.0,9.0,5.057869472295733,10.015722159973695,6.515596205386867,Transient_Shock
4.13250490964856e-05,0.00011020571400877088,0.0001950453588506207,0.006428456198535197,0.01049789093145718,0.013965864056714166,0.030029296875,0.050048828125,0.05859375,34.0,34.0,9.0,5.730477108956767,9.169107928836752,7.17750399559315,Transient_Shock
0.00011477932275738567,0.00011433477266109549,0.00022346315381582826,0.010713511224495249,0.010692743925723438,0.014948684016187787,0.06396484375,0.03857421875,0.078857421875,22.0,34.0,9.0,7.042670016590991,8.493473174701109,6.686688050593884,Transient_Shock
3.912942702299915e-05,9.27145010791719e-05,0.0002230171776318457,0.006255351870438557,0.009628836953608255,0.014933759661647355,0.032470703125,0.035400390625,0.064208984375,34.0,34.0,9.0,5.513034788005241,9.235928356209069,7.415339405097156,Transient_Shock
4.06205072067678e-05,8.616025661467575e-05,0.0002247704214823898,0.006373421938548223,0.009282254931571086,0.01499234542966476,0.03466796875,0.041748046875,0.066162109375,34.0,34.0,17.0,4.8716403680468625,9.081923953167564,6.472865955787594,Transient_Shock
0.07519064191365032,0.13546919977466132,0.3653196363011375,0.27420912077035353,0.3680614076138129,0.6044167736761923,2.12890625,3.99993896484375,3.99993896484375,6.0,27.0,4.0,3.6555582136631584,2.728294588605504,3.535604235907758,Transient_Shock
0.0004647996938729193,0.0001656072236073669,0.005938746442552656,0.021559213665459123,0.012868847019347417,0.07706326259997467,0.092041015625,0.063232421875,0.345458984375,3.0,34.0,3.0,9.813629070846915,5.34591727829524,12.843957838520925,Transient_Shock
7.868335524108261e-05,0.00011170841389684938,0.00038352269621100277,0.008870363873093517,0.010569220117721524,0.019583735501967004,0.05029296875,0.043212890625,0.1123046875,3.0,34.0,3.0,4.202772909977604,9.61962533790141,8.077068006566195,Transient_Shock
4.0839193388819695e-05,0.00011001288294210099,0.00018708023344515823,0.006390555014145461,0.010488702633886661,0.013677727641869399,0.033447265625,0.04248046875,0.056396484375,34.0,34.0,17.0,5.284646259889055,10.783615473321575,6.790135107739822,Transient_Shock
4.922678635921329e-05,9.17634715733584e-05,0.00021705883773392998,0.007016180325448691,0.009579325214928158,0.014732916810120459,0.030029296875,0.038330078125,0.070068359375,34.0,34.0,17.0,4.607861875437202,9.136552938637589,7.635981272085454,Transient_Shock
5.217558646108955e-05,0.00010448874672874808,0.00021629873663187027,0.007223267021306187,0.010221973719822806,0.01470709817169486,0.03515625,0.044189453125,0.060302734375,12.0,34.0,9.0,5.352367170837417,11.632437689093328,6.833107172096663,Transient_Shock
3.8903173845028505e-05,9.310195673606358e-05,0.00025591710800654255,0.00623724088399899,0.009648935523469083,0.015997409415481702,0.032958984375,0.04052734375,0.07177734375,34.0,34.0,17.0,5.7441047740777975,10.696169179944857,6.624176424016978,Transient_Shock
4.691314825322479e-05,9.851064532995224e-05,0.00022055952285882086,0.006849317356731603,0.009925252910125375,0.014851246508587112,0.041748046875,0.04296875,0.0634765625,34.0,34.0,17.0,4.644258688441505,11.848127886463885,6.675443879586745,Transient_Shock
8.942442946135998e-05,0.00010610079334583133,0.00022161378001328558,0.00945644909367993,0.010300523935501113,0.014886698089680114,0.047607421875,0.046630859375,0.065673828125,22.0,34.0,8.0,7.444094196861745,9.432498255843186,5.91698995760366,Transient_Shock
4.5667195081477985e-05,0.00011501277549541555,0.00024234357988461852,0.00675775074129536,0.010724400938766488,0.015567388345018522,0.0341796875,0.04736328125,0.068603515625,34.0,34.0,9.0,5.561584438683359,9.22854972420973,6.443914544734854,Transient_Shock
3.970191755797714e-05,0.00015351530964835547,0.00021750613814219832,0.0063009457669446055,0.012390129525083888,0.014748089304794649,0.0322265625,0.04931640625,0.065673828125,34.0,34.0,9.0,6.110040641727955,10.325503821883512,8.085076524945375,Transient_Shock
3.3349086152156815e-05,0.00011667408034554683,0.00023955128563102335,0.005774866764883569,0.010801577678540614,0.015477444415375019,0.03076171875,0.04931640625,0.072265625,34.0,34.0,9.0,5.201348241094442,9.851210951028916,7.461549780688556,Transient_Shock
4.1837072785710916e-05,0.00012138081001467071,0.00023761834017932415,0.006468158376671904,0.0110172959484018,0.015414873991678431,0.032470703125,0.04296875,0.075927734375,34.0,34.0,9.0,5.777814367942537,9.857053816809206,7.1992450924032205,Transient_Shock
0.0398705219522526,0.18845343314660568,0.2115002674945572,0.19967604250949236,0.4341122356564091,0.45989158232626653,2.003662109375,3.99993896484375,3.917236328125,7.0,28.0,6.0,2.8016036480045203,3.325598260702378,3.239891420137996,Transient_Shock
0.010919004314928316,0.0016213708877330646,0.15397893379849847,0.10449403961436421,0.04026624998349194,0.3924014956629224,0.64306640625,0.321533203125,2.318359375,2.0,2.0,2.0,10.03034835373289,4.891808346174691,10.79609989108402,Transient_Shock
0.00018899241331382655,0.00014655453560408205,0.00230911426115199,0.013747451156990031,0.012105971072329639,0.04805324402318734,0.06884765625,0.0517578125,0.243896484375,3.0,34.0,3.0,8.427950973199307,6.826447477074687,12.61685836283698,Transient_Shock
5.826447159051895e-05,0.00014639884102507494,0.0003020605072379112,0.007633116767777036,0.012099538876547113,0.01737988800993583,0.041259765625,0.053955078125,0.07763671875,34.0,34.0,8.0,4.708121807057612,10.917017499117273,6.240664380081778,Transient_Shock
3.9108006603782997e-05,0.00012073639300069772,0.0002116728574037552,0.0062536394686440785,0.010988011330568316,0.014548981318420723,0.03515625,0.045654296875,0.05810546875,34.0,34.0,8.0,4.703120359670183,10.212968405462508,6.84774154418472,Transient_Shock
7.642473792657256e-05,0.00010975479017361067,0.00029003381496295333,0.008742124337171862,0.010476392039896688,0.01703037917848435,0.040771484375,0.045166015625,0.082275390625,22.0,34.0,9.0,6.121762645712274,11.932012684645276,6.44850794114492,Transient_Shock
5.222647450864315e-05,0.00013485719318850897,0.00025490671396255493,0.007226788671923592,0.011612802985864737,0.0159657982563527,0.037353515625,0.04248046875,0.07568359375,8.0,34.0,9.0,4.041558418136194,12.817931108808372,6.305682602013476,Transient_Shock
3.4570679417811334e-05,0.0001282689299841877,0.00026828233603737317,0.005879683615451713,0.011325587401286863,0.01637932648302039,0.029541015625,0.052978515625,0.07568359375,34.0,34.0,9.0,5.399485964578994,10.25784292886884,6.661103067724174,Transient_Shock
4.2318944906583056e-05,0.00011979537885054015,0.0002725643425947055,0.006505301292529275,0.010945107530332452,0.016509522785189933,0.0341796875,0.042724609375,0.072265625,34.0,34.0,9.0,4.003643447967299,12.303986579389644,6.699790475231828,Transient_Shock
5.9057027101516724e-05,0.0001565800885146018,0.00025159301003441215,0.007684856999418839,0.012513196574600824,0.015861683707425644,0.039794921875,0.05029296875,0.070068359375,34.0,34.0,8.0,4.563768133465244,10.176996950169293,6.8025286877555455,Transient_Shock
5.683954805135727e-05,0.00016077907275757752,0.00025944596563931555,0.0075392007568015635,0.012679868798910244,0.016107326458457204,0.04833984375,0.0517578125,0.062255859375,16.0,34.0,9.0,4.48555437747263,12.349938550748204,7.262825132957286,Transient_Shock
6.618803308811039e-05,0.0001595081848790869,0.00031983148073777556,0.008135602810370623,0.012629654978624194,0.017883832943129823,0.043212890625,0.047607421875,0.072509765625,14.0,34.0,9.0,5.247620177486006,14.272159878330582,6.863662343659694,Transient_Shock
6.81597157381475e-05,0.00013582745668827556,0.00034584570676088333,0.008255889760537474,0.011654503708364228,0.01859692734730346,0.039306640625,0.0498046875,0.079345703125,14.0,34.0,9.0,6.985758752024105,11.251913828554882,6.769267670162536,Transient_Shock
4.970315785612911e-05,0.0001611074221727904,0.0002998427953571081,0.007050046656308674,0.012692809861208448,0.017315969373878786,0.03271484375,0.06103515625,0.088134765625,17.0,34.0,9.0,4.22309762173428,12.762663713051033,6.606533585277304,Transient_Shock
5.5477023124694824e-05,0.00021097619537613355,0.0004065953544341028,0.007448289946336328,0.01452501963427704,0.020164209739885735,0.0390625,0.06396484375,0.086181640625,34.0,34.0,17.0,4.2102904811471165,9.703769587221496,6.3493955882394815,Transient_Shock
5.205336128710769e-05,0.0001614037755643949,0.00031403248067363165,0.0072148015417686775,0.01270447856326244,0.017720961618197577,0.041748046875,0.05419921875,0.078125,34.0,34.0,9.0,4.7223303008813655,9.74094840334763,7.058640936591846,Transient_Shock
6.709071749355644e-05,0.00015774651183164679,0.0003091771504841745,0.008190892350260529,0.01255971782452324,0.01758343397872482,0.03759765625,0.050537109375,0.066650390625,22.0,34.0,9.0,7.335857341900695,11.034085443490529,6.894305650407122,Transient_Shock
4.5981360017322004e-05,0.00018122748224413954,0.00038242805749177933,0.006780955686134662,0.013462075703402486,0.019555767882948993,0.03857421875,0.0595703125,0.0927734375,34.0,34.0,8.0,4.33193167031301,9.779446621792054,6.290313761168342,Transient_Shock
3.717746221809648e-05,0.0001619532959011849,0.00040214109685621224,0.006097332385404003,0.012726087218826725,0.020053455982852738,0.030517578125,0.05615234375,0.08251953125,34.0,34.0,9.0,4.507257248390997,9.85461747322639,7.338316678651759,Transient_Shock
2.9278919100761414e-05,0.00011851439194288105,0.00031930693876347505,0.005410999824502068,0.010886431552298534,0.017869161669297053,0.027099609375,0.044189453125,0.076904296875,34.0,34.0,9.0,4.369823908027368,12.197192585440328,7.26168712410098,Transient_Shock
3.901956370100379e-05,0.0001598741946509108,0.00039397343061864376,0.006246564151676006,0.012644136769701235,0.019848763956948144,0.03955078125,0.05126953125,0.0830078125,34.0,34.0,9.0,5.2221366910441525,17.540797443026413,6.413425894084783,Transient_Shock
7.047372855595313e-05,0.00017828255658969283,0.0004241047390678432,0.008394863224374364,0.01335224912101676,0.020593803414324496,0.0380859375,0.0546875,0.086669921875,13.0,34.0,9.0,3.960354908091919,12.4139180141419,7.232217398819962,Transient_Shock
6.251291779335588e-05,0.0001854393631219864,0.0003302736695331987,0.007906511101197283,0.013617612240109732,0.01817343306954409,0.040771484375,0.055419921875,0.077392578125,14.0,34.0,8.0,5.339186196545766,12.746846422910476,6.283167690236563,Transient_Shock
5.5730793974362314e-05,0.0001927420926222112,0.000411818236898398,0.007465306020141593,0.013883158596739116,0.0202933052236051,0.047607421875,0.057373046875,0.085693359375,14.0,34.0,9.0,5.460048662214383,17.145193759873372,6.587051373083068,Transient_Shock
4.817472290596925e-05,0.00019546887779142708,0.0004993238217139151,0.006940801315840214,0.01398101848190707,0.022345554853570208,0.031982421875,0.05224609375,0.091796875,34.0,34.0,9.0,5.615425306968943,14.99990838123791,6.70461588613926,Transient_Shock
4.7089983127079904e-05,0.00022288175750873052,0.0005254597490420565,0.006862214156311351,0.014929224946685294,0.022922908825933425,0.035400390625,0.05712890625,0.091552734375,34.0,34.0,9.0,6.413906955707441,15.958739481538883,6.514631870274324,Transient_Shock
9.37691620492842e-05,0.00024246959583251737,0.00046652532182633877,0.009683447838930315,0.015571435252812033,0.021599197249581724,0.052978515625,0.06103515625,0.097412109375,22.0,34.0,9.0,4.902710228465729,17.03849720897358,6.275660601362883,Transient_Shock
6.564933573827147e-05,0.00022375722983269952,0.0005458317318698391,0.008102427768161311,0.014958516966353969,0.023363042008048507,0.042236328125,0.0576171875,0.0986328125,34.0,34.0,8.0,4.864663590348015,17.52266337060539,5.718713655555044,Transient_Shock
4.570948294713162e-05,0.00020256172865629196,0.0004115560441277921,0.0067608788590782795,0.014232418229390673,0.020286844114543595,0.037353515625,0.05126953125,0.08154296875,34.0,34.0,8.0,6.216724763664998,17.22832858919931,6.259249182550765,Transient_Shock
5.230515671428293e-05,0.00020578746625687927,0.00041828326357062906,0.007232230410757315,0.014345294219948202,0.02045197456410087,0.041015625,0.0654296875,0.08203125,34.0,34.0,9.0,5.640053240891404,15.545377998753308,6.54972005941046,Transient_Shock
5.3133986511966214e-05,0.00018411161363474093,0.0004259283850842621,0.007289306312123686,0.013568773475695618,0.020638032490629094,0.041015625,0.05322265625,0.0849609375,34.0,34.0,8.0,5.757263449312356,18.30850513843235,6.9987399774487296,Transient_Shock
6.766922524548136e-05,0.0002271262346766889,0.0004598253726726398,0.008226130636300481,0.01507070783595412,0.02144353918252861,0.052001953125,0.066162109375,0.087158203125,34.0,34.0,8.0,5.298397470330574,15.763452691200259,6.1866407137979245,Transient_Shock
8.946511661633849e-05,0.00020476051940931939,0.00039875501533970237,0.00945860014041922,0.014309455594442418,0.01996885112718562,0.049560546875,0.0546875,0.08544921875,13.0,34.0,8.0,5.396509984092191,13.47588504201073,6.788048851713859,Transient_Shock
6.964989006519318e-05,0.00020690998280770145,0.0004437230381881818,0.008345650967132114,0.014384365916080607,0.021064734467545084,0.04638671875,0.060546875,0.093994140625,34.0,34.0,8.0,5.0983692627180135,12.483871715554496,6.631284121912634,Transient_Shock
4.790350794792175e-05,0.00020123220747336745,0.0004189698811387643,0.006921236013019767,0.01418563384108611,0.0204687537759084,0.0361328125,0.056884765625,0.0849609375,34.0,34.0,8.0,5.3716895641255,12.988037761723488,6.13972230284005,Transient_Shock
4.333174729254097e-05,0.00018682214431464672,0.00036697834366350435,0.006582685416495381,0.013668289736270838,0.01915667882654779,0.036376953125,0.054443359375,0.0751953125,34.0,34.0,8.0,5.943406151436123,12.4999909784349,6.626855141855835,Transient_Shock
4.8272569983964786e-05,0.00020728037634398788,0.00041356006113346666,0.006947846427776364,0.01439723502426726,0.020336176167939406,0.0341796875,0.0556640625,0.0849609375,34.0,34.0,8.0,5.036451964846361,12.93086253972736,6.757867969373628,Transient_Shock
0.00011013819312211126,0.0002342802326893434,0.0004722166595456656,0.01049467451244255,0.015306215492058885,0.021730546692287002,0.056396484375,0.071533203125,0.10986328125,22.0,34.0,8.0,9.761684085610286,14.12409843458977,6.071179533941526,Transient_Shock
5.414793486124836e-05,0.0002283066241943743,0.0004670564339903649,0.007358528036315983,0.015109818800845174,0.021611488472346483,0.03515625,0.065185546875,0.093505859375,34.0,34.0,8.0,6.407253251498787,14.176195218062665,6.584476222371249,Transient_Shock
4.7524368710583076e-05,0.00022877714582136832,0.00046072661643847823,0.006893792041437214,0.01512538084880405,0.021464543238524276,0.041259765625,0.06640625,0.089111328125,34.0,34.0,9.0,7.31731832664362,16.673573051381023,6.41853719020405,Transient_Shock
5.100239286548458e-05,0.00022201634419616312,0.0004635385666915681,0.007141595960671857,0.014900212890967804,0.021529945812555313,0.03564453125,0.054443359375,0.097412109375,34.0,34.0,8.0,6.448167599659772,17.99409154212406,6.676661531442983,Transient_Shock
7.738711065030657e-05,0.000215910782571882,0.00047608560635126196,0.008796994410041795,0.014693902904670427,0.02181938602140908,0.052001953125,0.061767578125,0.1015625,34.0,34.0,8.0,5.364836598341441,14.936670286749806,5.738246446211685,Transient_Shock
7.513299351558089e-05,0.00020810482965316623,0.000532712263520807,0.008667929021143453,0.014425838958381804,0.02308056029477636,0.046875,0.05517578125,0.09814453125,34.0,34.0,8.0,4.410552036368702,14.030419631207538,6.746962916691034,Transient_Shock
7.226875459309667e-05,0.00019161702584824525,0.000411001019529067,0.008501103139775253,0.01384258017308353,0.0202731600775278,0.048583984375,0.05908203125,0.08935546875,14.0,34.0,8.0,5.085553132221927,11.257049978215019,7.036853649689877,Transient_Shock
7.859873221605085e-05,0.00020393925660755485,0.0004753642133437097,0.008865592603771665,0.014280730254701782,0.021802848743769924,0.044921875,0.05615234375,0.089111328125,34.0,34.0,8.0,5.440317221261576,13.46375520034289,6.490283845183283,Transient_Shock
5.935635635978542e-05,0.00022218847516342066,0.0004856068262597546,0.007704307649606512,0.014905987896259028,0.02203648851926628,0.040283203125,0.059326171875,0.096923828125,34.0,34.0,8.0,6.323665545576909,13.185290164662558,6.228885064477897,Transient_Shock
5.225831046118401e-05,0.0002069509937427938,0.0005084653239464387,0.007228990971164926,0.014385791383959167,0.022549175682193768,0.03369140625,0.057861328125,0.109619140625,34.0,34.0,9.0,7.639343266954497,16.093924135724745,5.38882913536726,Transient_Shock
9.17455181479454e-05,0.00022241845726966858,0.00048421439350931905,0.009578388076704003,0.01491370032117008,0.022004872040285058,0.0537109375,0.060791015625,0.094970703125,34.0,34.0,9.0,5.8261538079019655,16.330156958412328,5.684095650681446,Transient_Shock
6.943283369764686e-05,0.00017263874178752303,0.0004449549269338604,0.008332636659404204,0.013139206284533439,0.02109395474854965,0.045654296875,0.05419921875,0.1005859375,22.0,34.0,8.0,5.280887700466039,13.16348374104047,6.087608700996665,Transient_Shock
5.561612488236278e-05,0.00018420038031763397,0.000456494846730493,0.007457621932115008,0.013572044072932934,0.021365740023001616,0.037109375,0.05859375,0.092529296875,34.0,34.0,8.0,6.0397517971113395,12.618990351859116,6.15563840166898,Transient_Shock
5.562044680118561e-05,0.00019643373889266513,0.00045040511395200156,0.0074579116916993335,0.01401548211417164,0.021222749914938017,0.038330078125,0.060302734375,0.097900390625,34.0,34.0,8.0,5.744148693937972,13.418303330732433,6.065924317136767,Transient_Shock
5.261202750261873e-05,0.00019240914843976498,0.0005017151088395622,0.007253414885598281,0.013871162476150474,0.022398997942755433,0.0400390625,0.055419921875,0.099609375,34.0,34.0,8.0,5.219767347511097,13.389473971652889,6.417949409347795,Transient_Shock
7.194737190729938e-05,0.0002031719450314995,0.0004905117930320557,0.008482179667237626,0.014253839659246188,0.02214750083038842,0.04931640625,0.05712890625,0.097900390625,34.0,34.0,8.0,4.467472815456563,14.160803516448597,6.796639108881491,Transient_Shock
7.543348692706786e-05,0.00017775897504179738,0.000482184663269436,0.00868524535790831,0.01333262821208922,0.021958703588086343,0.045654296875,0.05517578125,0.093505859375,15.0,34.0,8.0,6.67417971596852,12.311324452155228,7.2202274095473395,Transient_Shock
8.459700256935321e-05,0.00019797775894403458,0.00045977717672940344,0.009197662886263728,0.01407045695576496,0.021442415366031024,0.04833984375,0.058349609375,0.09228515625,15.0,34.0,8.0,5.561889279264012,12.027516670308863,7.072207608143625,Transient_Shock
6.895430487929843e-05,0.00020367511024232954,0.0005121238064020872,0.008303872884341285,0.01427147890873015,0.02263015259343355,0.042236328125,0.064208984375,0.0947265625,15.0,34.0,8.0,4.400501786140292,9.734925065229604,5.46495940960677,Transient_Shock
4.6863129682606086e-05,0.00021301954620867036,0.0005099359987070784,0.006845665028513014,0.01459518914603954,0.02258176252437082,0.033447265625,0.06005859375,0.099365234375,34.0,34.0,8.0,5.401862644799831,12.163880287683103,6.252993537736135,Transient_Shock
5.5671724112471566e-05,0.0001912057305162307,0.0005029264393670019,0.0074613486791914214,0.013827716026742475,0.022426021478786688,0.0419921875,0.060791015625,0.1005859375,34.0,34.0,8.0,5.247579879539417,10.943354148612386,6.26654258827888,Transient_Shock
0.0001390135112160351,0.0002302396715094801,0.0006063466280465946,0.011790399111821242,0.015173650566342962,0.024624106644639814,0.0615234375,0.064208984375,0.117431640625,22.0,34.0,8.0,10.203929055706155,10.853072696116492,5.947297682829747,Transient_Shock
6.904161637066863e-05,0.0002022394328378141,0.00050990933959838,0.008309128496459098,0.014221091126837422,0.022581172237029237,0.044677734375,0.067138671875,0.096435546875,22.0,34.0,8.0,5.139594036358213,9.975792601792472,6.334495240194752,Transient_Shock
5.39837492397055e-05,0.00019543628150131553,0.0005233143710938748,0.007347363420963027,0.013979852699557158,0.022876065463577316,0.03662109375,0.066162109375,0.09765625,34.0,34.0,8.0,4.449087824200825,9.289833767220143,6.999552940281439,Transient_Shock
0.00016324687749147415,0.00014907294826116413,0.0004911099058517721,0.012776810145395218,0.012209543327297878,0.022160999658223275,0.101318359375,0.063232421875,0.094482421875,21.0,34.0,8.0,3.2170158668503848,6.995844003826948,6.677629457164293,Transient_Shock
4.400835314299911e-05,0.00019147025523125194,0.0005537424585781991,0.006633879192674458,0.013837277739181647,0.023531733012640593,0.0361328125,0.069580078125,0.09619140625,8.0,34.0,8.0,4.2361720805454315,7.6393223072877445,6.429176144951979,Transient_Shock
7.355176785495132e-05,0.00019438564777374268,0.000478275993373245,0.008576232730922787,0.013942225352279408,0.021869522019770916,0.03955078125,0.061767578125,0.099853515625,34.0,34.0,8.0,3.902892335342825,9.70413804672819,5.858463833747702,Transient_Shock
7.62522358854767e-05,0.00019340726066729985,0.0005370383987610694,0.008732252623777938,0.013907093897263361,0.023174088952126453,0.046142578125,0.06884765625,0.09912109375,14.0,34.0,8.0,4.620494564644688,10.163535839320456,5.666732312760237,Transient_Shock
7.64548167353496e-05,0.00022259388060774654,0.0006271682177612092,0.008743844505442076,0.014919580443422212,0.025043326810973203,0.046875,0.06201171875,0.1220703125,34.0,34.0,8.0,4.9237250305949605,12.157179636004528,5.525581231438227,Transient_Shock
6.138337994343601e-05,0.00020213465904816985,0.0005676301516359672,0.007834754619222992,0.014217406903094877,0.023824990065810462,0.03662109375,0.061767578125,0.100341796875,34.0,34.0,8.0,5.459465510642205,10.609995457598284,6.419366051560598,Transient_Shock
5.430117016658187e-05,0.00022733944570063613,0.0006326552829705179,0.00736893276985086,0.015077779866433789,0.02515263968196018,0.040771484375,0.060302734375,0.114990234375,34.0,34.0,8.0,5.6365362691068075,10.509700712048963,5.576390324094115,Transient_Shock
9.572793715051375e-05,0.0002009114105021581,0.0005540036945603788,0.009784065471495669,0.014174322223731127,0.023537283075163513,0.0537109375,0.0625,0.11328125,22.0,34.0,8.0,3.944801968429611,10.31234661785717,6.550592142053649,Transient_Shock
8.952506686910056e-05,0.00021405419101938605,0.000602935382630676,0.009461768696660289,0.014630590931995402,0.024554742569016602,0.0498046875,0.058349609375,0.109619140625,22.0,34.0,8.0,5.358740229456412,10.061516637000366,6.366201819174894,Transient_Shock
4.603754496201873e-05,0.00018832776913768612,0.0004972073329554405,0.006785097269901053,0.013723256506299302,0.022298146401785072,0.03857421875,0.057373046875,0.09521484375,34.0,34.0,8.0,4.228808313367054,9.016967924690123,6.197459116578964,Transient_Shock
5.506671732291579e-05,0.00021542083413805813,0.0005328645784175023,0.007420695204825205,0.014677221608262857,0.023083859694979572,0.03955078125,0.057861328125,0.099609375,34.0,34.0,8.0,4.669127164269216,10.084681543917558,5.7011942462438645,Transient_Shock
5.8399265981279314e-05,0.00016795744886621833,0.0004723879974335432,0.007641941244296459,0.01295983984724419,0.021734488662803714,0.04638671875,0.057373046875,0.09521484375,34.0,34.0,8.0,4.287584334604031,10.66800297484886,6.0151053420320775,Transient_Shock
6.050126103218645e-05,0.00018366309814155102,0.0004239967092871666,0.007778255654848743,0.013552235909308508,0.020591180376247655,0.0478515625,0.05517578125,0.087158203125,34.0,34.0,8.0,4.7580805826613926,10.26371342680149,6.759367125220129,Transient_Shock
7.400695176329464e-05,0.0001793681258277502,0.00046587493488914333,0.008602729320587428,0.013392838602318411,0.021584136185845922,0.044677734375,0.06005859375,0.098388671875,15.0,34.0,8.0,5.369416025671505,8.613692910785865,6.659372930268016,Transient_Shock
8.091231575235724e-05,0.00018957536667585373,0.0004715807153843343,0.008995127333860107,0.013768637066748971,0.021715909269112686,0.044677734375,0.06396484375,0.09130859375,14.0,34.0,8.0,6.248195532020639,10.406031335440437,6.331467950111898,Transient_Shock
5.7118853874271736e-05,0.0002029379793384578,0.0005476418846228626,0.007557701626438539,0.014245630183970726,0.023401749606020116,0.03857421875,0.058837890625,0.093994140625,34.0,34.0,8.0,5.463969091198054,12.04385963317375,6.971847982739527,Transient_Shock
2.3883403628133237e-05,8.739047552808188e-05,0.0002098031691275537,0.004887064929805336,0.009348287304532412,0.014484583843782109,0.029541015625,0.05615234375,0.095947265625,22.0,34.0,9.0,3.5206321500619393,6.401259276428558,3.9546510861241018,Transient_Shock
7.608381565660238e-06,5.1869974413421005e-06,1.2396005331538618e-05,0.0027583294882338183,0.0022774980661555127,0.0035207961218364546,0.013916015625,0.012939453125,0.01806640625,22.0,9.0,14.0,6.823247624707812,3.0638046110195565,3.682189179202221,Transient_Shock
1.2093918485334143e-05,7.480484782718122e-06,1.4444693078985438e-05,0.003477631160047618,0.0027350474918578878,0.0038006174602274088,0.02587890625,0.0166015625,0.0244140625,22.0,30.0,11.0,4.101818529579284,2.9428121606697775,3.354820013226877,Transient_Shock
7.644699508091435e-06,1.4079021639190614e-05,3.417953848838806e-05,0.00276490497270547,0.003752202238578115,0.005846326922811285,0.014404296875,0.01904296875,0.033203125,42.0,33.0,3.0,4.696496809221966,4.115835262540718,8.597256800359178,Transient_Shock
1.2554661225294694e-05,2.173173925257288e-05,3.277580253779888e-05,0.003543255738059941,0.004661731357829715,0.0057250155054636214,0.017333984375,0.022216796875,0.03076171875,22.0,36.0,2.0,3.909277885031945,3.9245170256869137,5.297121871038125,Transient_Shock
1.8350299797020853e-05,3.6720288335345685e-05,7.862460552132688e-05,0.004283724990825258,0.006059726754181717,0.008867051681439942,0.022705078125,0.025146484375,0.052734375,3.0,39.0,3.0,5.745405740644427,5.3089433878766075,12.75391245691848,Transient_Shock
1.0714269592426717e-05,1.9044058717554435e-05,6.345394285744987e-05,0.0032732658908843195,0.0043639498986072734,0.007965798318903754,0.016845703125,0.018310546875,0.03662109375,4.0,31.0,4.0,4.823165120842663,3.6086068151446025,8.392329645622667,Transient_Shock
1.5309022273868322e-05,3.1609306461177766e-05,8.183902536984533e-05,0.003912674567845929,0.005622215440658404,0.00904649243463152,0.0166015625,0.027587890625,0.042724609375,35.0,35.0,4.0,3.8487887345524636,5.796961577877674,7.94075080252128,Transient_Shock
1.746162524796091e-05,5.41729386895895e-05,6.807729369029403e-05,0.004178710955301995,0.007360226809656718,0.008250896538576523,0.0205078125,0.03271484375,0.038818359375,42.0,38.0,5.0,3.8171352702034094,7.221536980961499,7.141955251952368,Transient_Shock
1.780004458851181e-05,3.706224015331827e-05,8.538667680113576e-05,0.004219009906187921,0.006087876489656987,0.009240491155838837,0.021728515625,0.02880859375,0.04248046875,5.0,42.0,5.0,5.711260699171912,7.2974138016952095,8.469780430839702,Transient_Shock
1.8405084119876847e-05,2.664326166268438e-05,9.472806414123625e-05,0.004290114697753062,0.005161711117709357,0.009732834332363632,0.02099609375,0.02197265625,0.0537109375,6.0,45.0,6.0,3.813176678379013,4.343506872967517,6.2408447281640935,Transient_Shock
1.8867252947529778e-05,2.6190853532170877e-05,0.00012234761379659176,0.004343645122190552,0.005117700023660128,0.011061085561399106,0.02294921875,0.02392578125,0.054931640625,42.0,36.0,6.0,4.616902378978933,3.4221916917522766,8.612575034051291,Transient_Shock
2.0612842490663752e-05,3.14224416797515e-05,0.00013789740842184983,0.0045401368361166995,0.005605572377532155,0.011742972725074765,0.022216796875,0.02685546875,0.05419921875,6.0,25.0,6.0,4.958996216327282,4.2914456257944185,8.5660651991086,Transient_Shock
1.7551807104609907e-05,3.982294219895266e-05,0.00014945991279091686,0.0041894876899938385,0.006310542147783553,0.012225379862847488,0.0244140625,0.03125,0.05322265625,42.0,26.0,7.0,3.8596751411854218,5.6437326553588125,5.330449392512956,Transient_Shock
2.1610318071907386e-05,5.371798397391103e-05,0.00020412541925907135,0.004648689930712457,0.007329255349209156,0.014287246734730641,0.023681640625,0.03662109375,0.061279296875,7.0,27.0,7.0,4.409222121112445,6.2266522709193355,7.90555340491907,Transient_Shock
1.9682596757775173e-05,4.2648462112993e-05,0.00021334873963496648,0.00443650727011409,0.006530579002890402,0.014606462255966244,0.021728515625,0.037109375,0.064453125,7.0,28.0,7.0,6.131890094285517,6.871006447841532,10.613712974785146,Transient_Shock
2.1215513697825372e-05,6.349454633891582e-05,0.00021426894454634748,0.00460603014512773,0.007968346524776381,0.014637928287375488,0.0244140625,0.04052734375,0.0625,7.0,29.0,7.0,5.0182628078872655,6.720475072617797,8.629975528110997,Transient_Shock
2.5029396056197584e-05,7.76421366026625e-05,0.0002386965206824243,0.005002938741999304,0.008811477549347925,0.015449806493365033,0.02490234375,0.04443359375,0.0732421875,30.0,29.0,7.0,3.1069265819402605,6.466617175178711,7.2591348478909,Transient_Shock
2.953773582703434e-05,6.725929779349826e-05,0.00023677240824326873,0.005434862999840414,0.008201176610310149,0.015387410706264674,0.028076171875,0.03564453125,0.07080078125,30.0,30.0,8.0,5.748882863403887,10.361263807375503,6.798529095309243,Transient_Shock
2.897385274991393e-05,8.810218059807085e-05,0.0002557326661190018,0.005382736548440201,0.009386276183773351,0.015991643634067194,0.02783203125,0.038330078125,0.0732421875,8.0,30.0,8.0,4.5260125835768745,7.407261849762458,7.7212270234227205,Transient_Shock
2.9347833333304152e-05,8.994863310363144e-05,0.0002853632322512567,0.005417364057667174,0.009484125320957723,0.01689269760136778,0.025634765625,0.04052734375,0.074951171875,8.0,31.0,8.0,5.337435853351442,9.653590714978842,8.799138693656966,Transient_Shock
2.4394699721597135e-05,0.00011165212708874606,0.00034783946102834307,0.004939099079953462,0.010566557012042573,0.01865045471371524,0.02734375,0.049560546875,0.084228515625,8.0,31.0,8.0,5.448146568063027,10.355586531288335,10.109413284996268,Transient_Shock
3.548300810507499e-05,0.00014918152010068297,0.00039412526166415773,0.005956761545091006,0.012213988705606494,0.019852588286270324,0.0341796875,0.046142578125,0.09326171875,8.0,31.0,8.0,6.517805972812443,6.740103232177987,9.024938470621365,Transient_Shock
3.423076122999191e-05,0.0001268434825760778,0.0003752662996703293,0.005850706045426647,0.011262481190931144,0.019371791338705084,0.027587890625,0.0458984375,0.07958984375,8.0,32.0,8.0,6.389637760881057,11.968212704041187,9.975805531855666,Transient_Shock
4.227575482218526e-05,0.00011389780775061809,0.0003281099343439564,0.00650198083834344,0.010672291588530464,0.018113805076348712,0.031005859375,0.04736328125,0.076904296875,32.0,32.0,8.0,8.91094332622445,15.333460339816984,12.50068436064316,Transient_Shock
3.222052691853605e-05,0.0001550792330817785,0.000383267553843325,0.005676312792520868,0.012453081268576806,0.019577220278765958,0.028076171875,0.0478515625,0.094970703125,8.0,32.0,8.0,5.637411510465738,13.77660578868644,10.480633959486063,Transient_Shock
0.13993584393392666,0.09211550742838881,0.5247620593179363,0.3740799967038156,0.3035053663914179,0.724404624031305,2.779296875,3.21240234375,3.99993896484375,6.0,40.0,6.0,4.3117047277633365,2.1075765680087515,4.3334212594075066,Transient_Shock
0.00102802156470716,0.00017986969032790512,0.014397088845726103,0.032062775374367705,0.013411550631001067,0.1199878695774123,0.165283203125,0.06591796875,0.58740234375,3.0,33.0,3.0,10.589049167971577,5.619089170152593,10.799700688268418,Transient_Shock
5.7169454521499574e-05,0.00015601981431245804,0.0007587918917124625,0.0075610485067548385,0.01249078917892933,0.02754617744284064,0.03369140625,0.062744140625,0.124755859375,3.0,33.0,3.0,6.893297091025757,9.423065177831903,7.983589850950934,Transient_Shock
3.3099229767685756e-05,0.00014445039778365754,0.0004342845313658472,0.0057531930062953525,0.012018751922876915,0.02083949450840512,0.032958984375,0.043701171875,0.1162109375,8.0,33.0,8.0,5.184099400793814,9.282397131522265,6.287953259690159,Transient_Shock
4.249974153935909e-05,0.00011863849067594856,0.00042070087147294544,0.006519182582146253,0.010892129758497581,0.020510993917237298,0.03076171875,0.048583984375,0.101318359375,8.0,33.0,8.0,5.148719698199684,8.849114506895777,7.099524092429045,Transient_Shock
3.3492164220660925e-05,0.00012648763004108332,0.00036782858660444617,0.005787241503571535,0.011246671954008587,0.01917885780239392,0.028564453125,0.043701171875,0.102783203125,33.0,33.0,8.0,4.636222418023815,7.683089066983505,7.462036250397258,Transient_Shock
3.813946386799216e-05,0.0001446232054149732,0.00035606509482022375,0.0061757156563423616,0.012025938857942576,0.018869687194551576,0.02880859375,0.049072265625,0.0859375,8.0,33.0,8.0,4.767048734606036,9.562423463062096,8.00843917393781,Transient_Shock
3.768989336094819e-05,0.00015807433737791143,0.00040455994530930184,0.006139209506194441,0.012572761724375096,0.02011367557929932,0.02783203125,0.04736328125,0.086181640625,22.0,33.0,8.0,4.597828978766686,8.079583030426203,7.3938673437182185,Transient_Shock
3.489303344395012e-05,0.00014923418348189443,0.00040635830009705387,0.005907032541297713,0.012216144378726639,0.02015833078647768,0.031982421875,0.056884765625,0.0830078125,8.0,33.0,8.0,4.366449754972725,7.462412522298126,7.4908784682088445,Transient_Shock
3.788340472965501e-05,0.0001596426845935639,0.00041129247983917594,0.006154949612275881,0.012634978614685658,0.020280347133103414,0.033935546875,0.05126953125,0.083740234375,22.0,34.0,8.0,4.436378236925806,7.766953867008669,7.48768314816496,Transient_Shock
3.6445966543396935e-05,0.00019160599549650215,0.0005208803195273504,0.006037049489891311,0.01384218174626031,0.022822802622100343,0.031494140625,0.064453125,0.099853515625,34.0,34.0,8.0,3.75170801386689,8.426643959005686,6.986136039193232,Transient_Shock
4.186341175227426e-05,0.0001660355737840291,0.00046890122757758945,0.00647019410468297,0.012885479183329936,0.021654127264278962,0.035400390625,0.051513671875,0.09814453125,8.0,34.0,8.0,4.448084518067009,11.216339616456155,6.965682014386041,Transient_Shock
3.7215733755147085e-05,0.00019749675630009733,0.0004630336152331438,0.0061004699618264725,0.014053353916417865,0.02151821589335751,0.0302734375,0.069091796875,0.090576171875,34.0,34.0,8.0,5.549330658176763,11.177097693163626,6.6882185482959695,Transient_Shock
4.6358079998753965e-05,0.00018073977844323963,0.0004710893699666485,0.006808676817029426,0.013443949510588011,0.02170459329189673,0.03125,0.0576171875,0.094482421875,34.0,34.0,8.0,5.489230131755079,14.192508686989045,7.008860594969198,Transient_Shock
4.262063521309756e-05,0.00018788297529681586,0.0005332878172339406,0.006528448147385224,0.013707041084669436,0.02309302529409996,0.0341796875,0.054931640625,0.10107421875,34.0,34.0,8.0,6.33919209711468,15.074731141815155,6.726273070971522,Transient_Shock
4.822905975743197e-05,0.00018295155314262956,0.00048629199955030344,0.0069447145195056055,0.013525958492566416,0.02205202937487395,0.03564453125,0.052734375,0.10986328125,42.0,34.0,8.0,5.533873385446828,14.186957370847008,6.464308550278462,Transient_Shock
3.73410148313269e-05,0.0001939492649398744,0.000502447597682476,0.006110729484384569,0.013926566875575416,0.022415342907983273,0.0283203125,0.056640625,0.092529296875,34.0,34.0,8.0,4.770997286004509,13.26393079791478,5.80645023185334,Transient_Shock
4.500377690419555e-05,0.00017339060650556348,0.00046881939852028154,0.006708485440410194,0.01316778669729896,0.02165223772547035,0.03369140625,0.056396484375,0.094482421875,34.0,34.0,8.0,6.163412280640111,15.37066828215278,5.99940672940681,Transient_Shock
4.487483238335699e-05,0.00020990856864955276,0.0005114098566991743,0.006698867992680329,0.014488221721438169,0.022614372790311348,0.03076171875,0.06103515625,0.092529296875,34.0,34.0,8.0,5.283922532164992,16.67692833086275,5.937714638825339,Transient_Shock
4.4854383304482326e-05,0.00020166692775092088,0.0004834504798054695,0.006697341510217492,0.0142009481285906,0.021987507357712686,0.033203125,0.057861328125,0.10009765625,34.0,34.0,9.0,6.141113586259095,14.300653781701051,5.403716067549265,Transient_Shock
0.09984109737683866,0.0888131010503912,0.17260703476131312,0.3159764190202153,0.29801526982755633,0.41546002787429875,3.99993896484375,3.59149169921875,3.03076171875,20.0,21.0,3.0,1.67631422691729,2.945893706626412,4.934204541102264,Transient_Shock
7.987114076968282e-05,0.0001421237684553489,0.0006832986691733822,0.00893706555697578,0.011921567365717853,0.026139982195353198,0.048583984375,0.053955078125,0.11962890625,3.0,34.0,3.0,5.159860302911544,10.777785609311621,6.561926233456956,Transient_Shock
4.167199585936032e-05,0.00011193467071279883,0.0004637443598767277,0.006455385027971633,0.01057991827533648,0.021534724513601926,0.03515625,0.05126953125,0.100341796875,9.0,34.0,9.0,4.006210647559534,9.175985932155521,5.985969777294568,Transient_Shock
3.378413384780288e-05,0.00014050280151423067,0.000431604446930578,0.005812412050758521,0.011853387765285951,0.020775091983685125,0.02783203125,0.051513671875,0.08984375,8.0,34.0,9.0,4.622147640204433,11.352733823340186,5.550390346392552,Transient_Shock
3.957975059165619e-05,0.00012572802006616257,0.0004552628051897045,0.006291243962179197,0.01121285066636324,0.02133688836709103,0.03076171875,0.05078125,0.095947265625,34.0,34.0,8.0,4.962342604303942,12.254979824562712,6.499053245307991,Transient_Shock
3.005772305186838e-05,0.00013224366921349429,0.0004226299897709396,0.005482492412385846,0.011499724745118654,0.02055796657675412,0.02685546875,0.055908203125,0.080322265625,8.0,34.0,8.0,4.592339607715947,10.546150732559967,5.994030590340438,Transient_Shock
3.082933835685253e-05,0.00013897555982111953,0.00034369757850072347,0.005552417343540787,0.01178878958252795,0.018539082461133925,0.025634765625,0.047119140625,0.085693359375,34.0,34.0,8.0,4.424137229544925,11.925014480820876,6.794374932112152,Transient_Shock
3.140041371807456e-05,0.00011454778723418713,0.00039074174128472805,0.0056036072059053674,0.01070269999739258,0.019767188502281454,0.02587890625,0.048583984375,0.078369140625,34.0,34.0,9.0,5.502713845206263,11.349408636233035,6.768575627766211,Transient_Shock
3.6442637792788446e-05,0.0001248715998372063,0.00035438203121884726,0.006036773790095869,0.011174596182288034,0.018825037349733127,0.032470703125,0.04931640625,0.088623046875,34.0,34.0,8.0,6.5723918662631196,11.579014664466166,6.064669018637862,Transient_Shock
3.286520950496197e-05,0.0001579504314577207,0.00039361038579954766,0.0057328186352754934,0.012567833204563176,0.01983961657390454,0.0263671875,0.053955078125,0.080810546875,34.0,34.0,9.0,4.9045802274433425,11.158456751043957,6.053157491662966,Transient_Shock
3.376335007487796e-05,0.0001418730098521337,0.0004488760605454445,0.0058106238972143055,0.011911045707751007,0.021186695366324698,0.033447265625,0.054931640625,0.08984375,9.0,34.0,8.0,4.891827479475996,12.516226129552273,6.0315381860220505,Transient_Shock
3.524167914292775e-05,0.00017031925017363392,0.0005045225261710584,0.005936470259584204,0.013050641753325157,0.022461578888650247,0.030517578125,0.05810546875,0.09912109375,9.0,34.0,8.0,4.490058930861853,15.707329258016957,5.809861470993538,Transient_Shock
4.975325646228157e-05,0.0001616161571291741,0.0004788617625308689,0.007053598830546118,0.012712834346799855,0.021882910284760318,0.05029296875,0.06201171875,0.089111328125,9.0,34.0,9.0,3.4643382252597754,10.975301152847434,7.184942830449962,Transient_Shock
3.948888843297027e-05,0.0001198566606035456,0.000402581845264649,0.0062840184940028835,0.010947906676782809,0.02006444231132899,0.030517578125,0.0556640625,0.09326171875,34.0,34.0,9.0,4.80845426972529,10.573036908590113,7.255219434249037,Transient_Shock
4.0358860132982954e-05,0.00013550612129620276,0.00043998331238981336,0.006352862357471863,0.011640709656039135,0.02097577918433099,0.03125,0.048583984375,0.0859375,34.0,34.0,9.0,4.843821903453135,9.012035826848173,5.933601119453086,Transient_Shock
3.890873631462455e-05,0.0001386129151796922,0.00040768632607068866,0.006237686775931006,0.011773398624853071,0.020191243797019753,0.03076171875,0.055908203125,0.0888671875,9.0,34.0,9.0,4.5931225938106675,8.546609964726555,7.01219840522649,Transient_Shock
4.613200144376606e-05,0.00016077322288765572,0.000453192726126872,0.006792054287457224,0.01267963812132096,0.02128832370401371,0.036376953125,0.06787109375,0.104248046875,34.0,34.0,9.0,5.184293549467754,9.130205419134617,6.865590245734058,Transient_Shock
3.506624125293456e-05,0.0001459866762161255,0.0004271898615115788,0.005921675544382228,0.012082494618915644,0.02066857183047679,0.031982421875,0.057861328125,0.0888671875,9.0,34.0,9.0,4.487948887339169,8.625950522336748,6.749614001169201,Transient_Shock
4.156258364673704e-05,0.00013678700997843407,0.0005583790480159223,0.006446904966473217,0.011695597888882555,0.023630045450991462,0.032470703125,0.053955078125,0.102294921875,43.0,34.0,9.0,4.555147401747077,8.335556939313463,6.5634123481722595,Transient_Shock
3.8050333387218416e-05,0.00013406111611402594,0.0005481238731590565,0.006168495228758665,0.011578476415920445,0.023412045471488743,0.03173828125,0.052490234375,0.104736328125,9.0,34.0,9.0,4.271465877999358,8.374454686428363,6.568085125585022,Transient_Shock
3.881436714436859e-05,0.00016463093561469577,0.00047718206405988894,0.006230117747231475,0.012830858724757895,0.021844497340517792,0.029052734375,0.056884765625,0.091796875,9.0,34.0,9.0,4.346465459895713,9.160211215038972,6.7378207987425665,Transient_Shock
7.227290188893676e-05,0.0001352061372017488,0.0005223887237661984,0.0085013470631975,0.011627817387702164,0.022855824722949693,0.0634765625,0.052001953125,0.110107421875,20.0,34.0,9.0,2.7953173582300375,8.86436515493866,6.500865189850933,Transient_Shock
3.7590503779938444e-05,0.00013057016985840164,0.0004313482058933005,0.006131109506438329,0.011426730497320816,0.02076892404274474,0.02880859375,0.05615234375,0.09033203125,34.0,34.0,9.0,4.706765037170174,6.591959682930783,5.671016003169743,Transient_Shock
3.8395370211219415e-05,0.00017538847168907523,0.0005346765829017386,0.006196399778195353,0.013243431265690747,0.023123074685295175,0.031005859375,0.064697265625,0.091552734375,9.0,34.0,9.0,4.585929917883807,9.68858179317126,7.000749147867436,Transient_Shock
3.8865309761604294e-05,0.0001503772655269131,0.0004901956963294651,0.006234204821916288,0.012262840842435863,0.022140363509424707,0.02880859375,0.053466796875,0.099609375,34.0,34.0,9.0,4.8089540886588455,10.12134777714228,5.539447411378693,Transient_Shock
3.385569652891718e-05,0.00013783550821244717,0.0005358622256608214,0.005818564816938725,0.011740336801491138,0.023148698141813966,0.02783203125,0.06884765625,0.106689453125,34.0,34.0,9.0,3.8975607600617064,7.478802186227484,7.2666715347508,Transient_Shock
4.309961514081806e-05,0.0001493144045525696,0.0005637041758745909,0.006565029713627963,0.01221942734143338,0.023742455135781364,0.03271484375,0.063720703125,0.10302734375,9.0,34.0,9.0,4.4879841911359994,10.993628412066247,6.071718766233916,Transient_Shock
4.001798515673727e-05,0.00014563437071046792,0.0004485192330321297,0.006325977012030416,0.012067906641603917,0.021178272664033052,0.030517578125,0.0556640625,0.0908203125,34.0,34.0,9.0,4.892119873681735,7.743618162442368,5.938275857022116,Transient_Shock
3.5057539207628e-05,0.00013275252422317863,0.0004890008676738944,0.005920940736709666,0.011521828163237751,0.022113364006272188,0.028076171875,0.0546875,0.0966796875,9.0,34.0,9.0,5.0892630432870245,10.207716413308017,7.136807608417035,Transient_Shock
3.6892699426971376e-05,0.00014864204786135815,0.00039382825707434677,0.006073936073665196,0.012191884508202912,0.019845106627940975,0.036865234375,0.060302734375,0.08984375,34.0,34.0,9.0,4.516612690123406,8.917220345453977,6.450207188764143,Transient_Shock
5.052726191934198e-05,0.00017176917390315793,0.00047252807053155266,0.007108253084924733,0.013106073931698919,0.02173771079326323,0.034423828125,0.056640625,0.093994140625,9.0,34.0,9.0,4.238916559966304,11.069984039092843,7.7680808763561355,Transient_Shock
4.282715599401854e-05,0.0001498293386248406,0.0004887017385044601,0.006544246021813249,0.012240479509596044,0.022106599433301816,0.0341796875,0.064208984375,0.0966796875,34.0,34.0,9.0,5.675032359116463,8.964850502703069,5.478756819949012,Transient_Shock
4.577391882776283e-05,0.000156754187628394,0.0004750164480356034,0.006765642528818888,0.012520151262201028,0.02179487205825268,0.03759765625,0.055419921875,0.110107421875,34.0,34.0,9.0,5.035940982096892,9.044922497862796,5.918877134421005,Transient_Shock
7.6258962508291e-05,0.00017639364523347467,0.0005703040187654551,0.008732637774938969,0.01328132693797855,0.023881038896276165,0.044921875,0.05810546875,0.10400390625,22.0,34.0,9.0,4.425825069104455,11.296490665658169,6.2978702331728735,Transient_Shock
8.134502786560915e-05,0.00017100595505326055,0.00043778760300483555,0.0090191478458671,0.013076924525792009,0.020923374560639963,0.0439453125,0.0546875,0.087646484375,14.0,34.0,9.0,5.204455201726261,10.406033401400709,6.409158369292591,Transient_Shock
6.681120430584997e-05,0.0001065030082827434,0.00040950014954432845,0.008173812103654572,0.010320029471021069,0.020236110039835435,0.0361328125,0.04345703125,0.0830078125,14.0,34.0,9.0,6.695853942390514,9.920690198006692,6.066074136044231,Transient_Shock
4.289530625101179e-05,0.00013436074368655682,0.0003366958371771034,0.00654945083583439,0.01159140818393334,0.01834927347818173,0.036865234375,0.0478515625,0.079345703125,34.0,34.0,9.0,4.203384122431969,10.20561487774581,6.839150111685143,Transient_Shock
5.743265137425624e-05,0.00012681327280006371,0.00041393976425752044,0.007578433306050548,0.011261139942299967,0.020345509682913338,0.036865234375,0.049560546875,0.088623046875,34.0,34.0,9.0,5.288908124129096,13.2739584624717,7.204062653756253,Transient_Shock
5.058492752141319e-05,0.0001277647061215248,0.00045584398321807384,0.007112308171150431,0.011303305097250308,0.021350503113933262,0.0400390625,0.042236328125,0.098388671875,22.0,34.0,8.0,4.254804905377524,13.513268998558866,6.1863166992994225,Transient_Shock
4.0287031879415736e-05,0.00012715832781395875,0.0005729686818085611,0.006347206620192519,0.01127645014239671,0.02393676423012436,0.029052734375,0.05224609375,0.105712890625,43.0,34.0,9.0,4.285128605114848,15.778564838796411,5.488257918220381,Transient_Shock
3.9407048461725935e-05,0.00012771231922670268,0.0004341041058069095,0.006277503362143738,0.01130098753325136,0.020835165125501393,0.03173828125,0.052978515625,0.088623046875,34.0,34.0,9.0,5.154443430448156,12.817412490586289,6.543533604848311,Transient_Shock
4.501774310483597e-05,0.00012869387865066528,0.0004711953479272779,0.006709526295114728,0.011344332446233462,0.02170703452632989,0.038818359375,0.0546875,0.099853515625,34.0,34.0,9.0,5.199592502373685,11.116929692600548,5.687136652392246,Transient_Shock
4.470249041332863e-05,0.00013391169704846106,0.0004069382412126288,0.006685992103893679,0.011572022167644731,0.020172710309044464,0.03466796875,0.048583984375,0.08642578125,15.0,34.0,8.0,4.877109155032053,13.845851464379683,7.378519158544901,Transient_Shock
4.4814103603130206e-05,0.00016054839579737745,0.00048195268027484417,0.006694333693739072,0.012670769345125711,0.021953420696439182,0.033935546875,0.06201171875,0.093994140625,34.0,34.0,9.0,4.6146181625065195,13.469940353042329,5.50992080333008,Transient_Shock
3.9399306842824444e-05,0.00012628569675143808,0.00039591673703398556,0.00627688671578709,0.011237690899443625,0.019897656571415276,0.030029296875,0.04541015625,0.088134765625,34.0,34.0,9.0,4.742283092009896,12.948142831057103,6.515066609828524,Transient_Shock
5.9055862948298454e-05,0.0002039651408267673,0.0004876051352766808,0.0076847812557221465,0.014281636489799316,0.022081782882654218,0.036865234375,0.071533203125,0.10009765625,8.0,34.0,8.0,4.0860335440255025,11.253131561012118,6.352725528565234,Transient_Shock
8.64738212840166e-05,0.00022364890537573956,0.0004710927460109815,0.009299130135879194,0.014954895699259809,0.02170467106433501,0.05126953125,0.0703125,0.105224609375,13.0,34.0,8.0,5.483302831283378,7.914312824216616,5.622997309691005,Transient_Shock
0.0001221691163664218,0.0007390330865746364,0.0008348320516233798,0.011053013904199244,0.027185162985986243,0.02889346036083909,0.055908203125,0.114501953125,0.1552734375,16.0,1.0,3.0,4.532740451448123,18.412167594508432,6.613014885435886,Transient_Shock
9.505258640274405e-05,0.0001591839245520532,0.0009753901831572875,0.009749491597142081,0.012616811187937038,0.031231237297892754,0.0458984375,0.0654296875,0.165771484375,3.0,34.0,3.0,6.52692333092111,10.062860235697595,7.946802121668671,Transient_Shock
5.861464887857437e-05,0.00014173098315950483,0.00045781186781823635,0.00765602043352644,0.01190508224077032,0.021396538687793322,0.050537109375,0.05126953125,0.09521484375,34.0,34.0,9.0,4.579031808757408,11.219750468811737,6.164550319096702,Transient_Shock
5.6068398407660425e-05,0.0001431892997061368,0.00054289190666168,0.00748788343977525,0.011966173143747202,0.023300040915450772,0.043701171875,0.05712890625,0.114990234375,34.0,34.0,9.0,3.626725584945255,11.752815542879762,6.212726877469155,Transient_Shock
4.571862154989503e-05,0.00013603659681393765,0.0005912002779950853,0.00676155466959301,0.011663472759600274,0.024314610381313648,0.033447265625,0.0546875,0.1171875,3.0,34.0,3.0,5.847874569321224,8.389497673626733,6.688711716914114,Transient_Shock
4.352323230705224e-05,0.00013886851957067847,0.00041784845234360546,0.006597213980693081,0.011784248791105798,0.020441341745188975,0.030517578125,0.052490234375,0.0947265625,34.0,34.0,9.0,5.225933542215943,9.700386657750922,6.1521842745981346,Transient_Shock
4.631186311598867e-05,0.00015396243179566227,0.0005497913807630539,0.006805282001209698,0.012408159887576492,0.023447630600191866,0.035400390625,0.055419921875,0.10595703125,9.0,34.0,9.0,4.946369343048949,13.427175540846006,6.489739654103277,Transient_Shock
5.502762724063359e-05,0.0001431030686944723,0.00043576210737228394,0.0074180608814321276,0.011962569485460569,0.020874915745273896,0.03955078125,0.053955078125,0.08642578125,9.0,34.0,9.0,4.068871944350536,11.636337141349653,6.549003510290789,Transient_Shock
4.129740409553051e-05,0.00012737693032249808,0.00041267437336500734,0.006426305633529307,0.011286138858019518,0.020314388333518864,0.0341796875,0.05029296875,0.097412109375,34.0,34.0,9.0,5.551688418577538,9.86571325148517,6.260004823243572,Transient_Shock
4.309415817260742e-05,0.00015980613170540892,0.0004860937442572322,0.006564614091674195,0.012641445000687576,0.022047533745460788,0.035400390625,0.052734375,0.089111328125,34.0,34.0,9.0,4.440465600280936,13.109428835594983,6.04815681140412,Transient_Shock
2.980895442306064e-05,0.00015263387103914283,0.00044166663428768516,0.00545975772567434,0.012354508126151475,0.021015866251184727,0.02978515625,0.064453125,0.091796875,9.0,34.0,9.0,4.656328699197443,13.676982734402724,7.445549378158672,Transient_Shock
5.0457994802854955e-05,0.00015184899893938564,0.0005089607111585792,0.007103379111581681,0.012322702582606855,0.02256015760491445,0.035400390625,0.055908203125,0.109130859375,34.0,34.0,9.0,4.536519110148941,13.057964806052004,6.246204987061112,Transient_Shock
0.0014244011508708354,0.00023510914979851805,0.0004648174508474767,0.037741239392352174,0.015333269377354526,0.021559625480222906,0.19384765625,0.092529296875,0.108642578125,21.0,34.0,8.0,7.9306031673069874,10.475603792218639,5.632138092905168,Transient_Shock
0.0003770597650145646,0.00016702007269486785,0.0005387789424275979,0.019418026805382793,0.012923624595865815,0.02321161223240639,0.11669921875,0.05615234375,0.100830078125,21.0,34.0,9.0,4.1840030549543545,10.900905608336151,5.7182868294937395,Transient_Shock
6.94664049660787e-05,0.00010850653052330017,0.0004524109208432492,0.008334650860478722,0.010416646798432794,0.021269953475342846,0.046142578125,0.043212890625,0.09423828125,21.0,34.0,9.0,5.280899508330279,12.680909916305307,6.632032826554662,Transient_Shock
4.9337613745592535e-05,0.00011930287291761488,0.0005364638309401926,0.007024073871023321,0.010922585450231776,0.02316168886200211,0.033935546875,0.046630859375,0.104248046875,34.0,34.0,9.0,4.957594616171103,14.957662650272022,5.815419489655435,Transient_Shock
3.724683483596891e-05,0.00012962426990270615,0.0004909960516670253,0.00610301850201758,0.011385265473527886,0.022158430713094854,0.02734375,0.059326171875,0.09716796875,34.0,34.0,8.0,5.0394075173382396,12.654770046715806,5.9321727711404035,Transient_Shock
3.593411747715436e-05,0.00012123980195610784,0.0004548170691123232,0.005994507275594413,0.011010894693716211,0.02132644061047983,0.032470703125,0.049560546875,0.094970703125,34.0,34.0,8.0,5.8679974264119235,12.696795529136162,6.375063059508652,Transient_Shock
5.0912611186504364e-05,0.0001584026867931243,0.0005429185366665479,0.0071353073645431956,0.0125858129174529,0.023300612366771563,0.031982421875,0.060546875,0.11181640625,34.0,34.0,9.0,4.8642918004615,10.529949295977282,5.362085726509575,Transient_Shock
3.5813423892250285e-05,0.00012174882795079611,0.0004617264166881796,0.005984431793599981,0.011033985134610074,0.021487820193965224,0.02880859375,0.05810546875,0.095947265625,34.0,34.0,8.0,4.172823574939962,11.887836123978534,6.101091967135342,Transient_Shock
4.0522776544094086e-05,0.00012268357386346906,0.0004740187432616949,0.0063657502734629865,0.011076261727833495,0.02177197150608311,0.03173828125,0.05419921875,0.09814453125,34.0,34.0,9.0,5.4856765714962945,11.928647128848436,6.225891492037351,Transient_Shock
3.2298903533956036e-05,0.00013291485083755106,0.0004963588289683685,0.005683212430831355,0.011528870319226904,0.022279111942991994,0.02783203125,0.05517578125,0.108154296875,34.0,34.0,8.0,4.616747608382123,11.824297503474597,6.512106464628114,Transient_Shock
3.5121673136018217e-05,0.00014958210158511065,0.00045079359551891685,0.00592635411834445,0.012230376183303221,0.0212319004217455,0.029052734375,0.0595703125,0.096435546875,34.0,34.0,9.0,5.484293460678918,13.699492025164679,5.833561554445387,Transient_Shock
3.436178303672932e-05,0.00010444544022902846,0.00040303892455995083,0.0058618924449984,0.010219855196089055,0.020075829361696388,0.026123046875,0.048583984375,0.092041015625,34.0,34.0,9.0,5.926884649542809,9.293701733740885,6.847057339675448,Transient_Shock
3.4029213566100225e-05,0.00013289920389070176,0.0004617223603418097,0.005833456399605659,0.011528191700813348,0.021487725806650867,0.029052734375,0.058349609375,0.09423828125,9.0,34.0,9.0,4.938648112000481,12.098813808984554,6.061826268247821,Transient_Shock
3.860000288113952e-05,0.00012103124390705489,0.000506334807141684,0.006212890058671529,0.011001420085927766,0.02250188452422783,0.033935546875,0.049560546875,0.091064453125,34.0,34.0,34.0,4.998549445023783,12.182594342233696,6.521292539900246,Transient_Shock
3.796128657995723e-05,0.00010924342495854944,0.00047582946717739105,0.0061612731297968956,0.010451957948563965,0.02181351569961594,0.03125,0.04248046875,0.091796875,34.0,34.0,9.0,5.981435271912654,15.607559656035477,6.816580008387654,Transient_Shock
4.236301174387336e-05,0.00010266806930303574,0.0004822986520593986,0.006508687405604402,0.010132525317167273,0.021961298961113356,0.036376953125,0.048828125,0.093505859375,34.0,34.0,9.0,5.623630510683959,12.00339890140422,5.893427836993698,Transient_Shock
4.877359242527746e-05,0.00012363437781459652,0.00044125504791736603,0.00698380930619368,0.011119099685433013,0.02100607169171252,0.040283203125,0.055419921875,0.09423828125,34.0,34.0,9.0,5.055730499878634,9.655199193351775,5.060320985863264,Transient_Shock
3.98321972170379e-05,0.00013379607116803527,0.00046292248589452356,0.006311275403358492,0.011567025165012621,0.021515633522964726,0.0322265625,0.060302734375,0.09619140625,9.0,34.0,9.0,4.234956420392843,9.085999570989811,5.700937254822135,Transient_Shock
0.00014667966388515197,0.0001368301127513405,0.0006209192652022466,0.01211113800949985,0.011697440435896243,0.024918251648184443,0.087646484375,0.051513671875,0.107666015625,17.0,34.0,34.0,3.0904891018831377,12.41542324481273,5.80914618102687,Transient_Shock
4.19539246649947e-05,0.00013764225514023565,0.0005199275765335187,0.006477184933672552,0.011732103611042466,0.022801920457135156,0.033203125,0.056640625,0.10498046875,34.0,34.0,8.0,5.006902035970213,13.378278781888493,5.926619018608912,Transient_Shock
2.6525405701249838e-05,9.456160478293896e-05,0.00021531764286919497,0.005150282099191251,0.00972427913950124,0.014673705832856095,0.031982421875,0.040283203125,0.088134765625,34.0,34.0,9.0,2.9295752908795127,5.517947679617591,5.344185287849849,Transient_Shock
1.8701364751905203e-05,5.3167110309004784e-05,8.579430868849158e-05,0.004324507457723389,0.007291578039697908,0.009262521724049644,0.02294921875,0.034912109375,0.0439453125,5.0,40.0,5.0,2.761004189543804,9.956334740634993,7.476635499849706,Transient_Shock
1.6471018170705065e-05,3.561725316103548e-05,8.630553202237934e-05,0.0040584502178424055,0.005968019199117533,0.009290077073005333,0.020263671875,0.028564453125,0.047119140625,5.0,42.0,5.0,4.104156785215794,5.18379932940556,5.782506546000613,Transient_Shock
2.7981805033050478e-05,2.909879185608588e-05,0.00011168779747094959,0.005289783079961832,0.005394329602099401,0.010568244767744055,0.029052734375,0.0244140625,0.05322265625,17.0,45.0,6.0,3.2219431618506045,6.199786431078193,4.588794620706335,Transient_Shock
2.1400916011771187e-05,2.6873312890529633e-05,0.00014151516006677411,0.004626112408034546,0.005183947616491667,0.011896014461439348,0.0224609375,0.021728515625,0.06103515625,6.0,47.0,6.0,3.6345632021613303,4.801400522639607,7.048377957456563,Transient_Shock
2.421386307105422e-05,2.8996666515013203e-05,0.00021257897606119514,0.004920758383730522,0.005384855291928763,0.014580088342023005,0.0224609375,0.03173828125,0.069091796875,6.0,49.0,6.0,4.310674293055409,3.989075086838276,5.861924062446136,Transient_Shock
2.321201827726327e-05,4.185001307632774e-05,0.00022716715102433227,0.004817885249491033,0.006469158606521233,0.015072065254116048,0.0283203125,0.041015625,0.079345703125,51.0,51.0,6.0,3.6535001955844657,3.995362941433071,5.209691785433348,Transient_Shock
2.6038611395051703e-05,4.6027591452002525e-05,0.00023928853624965996,0.00510280426775824,0.006784363747029085,0.015468953948139479,0.027587890625,0.040283203125,0.07470703125,7.0,39.0,7.0,3.590386583597739,2.6964833667006416,6.037474726518841,Transient_Shock
2.413984839222394e-05,4.899542545899749e-05,0.0002479562535881996,0.004913231970121494,0.006999673239444645,0.015746626736803018,0.02490234375,0.041748046875,0.0908203125,7.0,27.0,7.0,4.792992864445802,4.9844245472598,6.804217440248024,Transient_Shock
2.4121949536493048e-05,4.874296428170055e-05,0.0002587421186035499,0.004911410137271479,0.00698161616545199,0.016085462958943704,0.02685546875,0.036376953125,0.078369140625,7.0,28.0,7.0,5.340814845321623,4.277742999549655,8.32864810799477,Transient_Shock
2.8636593924602494e-05,7.727682532276958e-05,0.0003326571277284529,0.005351317027106737,0.008790723822460218,0.018238890528989228,0.028564453125,0.056396484375,0.08251953125,7.0,28.0,7.0,4.124383269268688,6.028918274178966,7.35700628866752,Transient_Shock
2.771013168967329e-05,7.007746899034828e-05,0.0003237859891669359,0.0052640413837348665,0.008371228642818704,0.017994054272646172,0.02685546875,0.055419921875,0.07666015625,7.0,29.0,7.0,4.348815793079452,6.905392148770841,7.960529813381632,Transient_Shock
4.485853423830122e-05,8.955629527918063e-05,0.00032149417893378995,0.006697651397191497,0.009463418794451645,0.01793025875256099,0.033935546875,0.050048828125,0.0810546875,25.0,30.0,7.0,4.763196426759771,6.851487451052017,5.606062525696455,Transient_Shock
4.543506292975508e-05,0.00016971281729638577,0.0005830989066453185,0.0067405536070678255,0.01302738720144549,0.02414744099579329,0.03466796875,0.07177734375,0.115966796875,30.0,30.0,30.0,5.462994285069514,9.765119736572656,8.784734995277288,Transient_Shock
4.960823571309447e-05,0.0001449624505767133,0.0004758250288432464,0.007043311416733927,0.012040035322901396,0.021813413965797432,0.03955078125,0.061279296875,0.103515625,30.0,31.0,8.0,4.855846969186832,6.135733348834459,5.890083163261485,Transient_Shock
3.6393277696333826e-05,0.00012847836114815436,0.00041189364856109023,0.006032684120384046,0.01133482955973112,0.02029516318143538,0.03173828125,0.053466796875,0.092529296875,31.0,31.0,8.0,6.572556398168063,10.328883041740992,8.29828225341644,Transient_Shock
4.635442383005284e-05,0.00011508332318044268,0.0004213671745674219,0.006808408318399598,0.010727689554626508,0.020527230075376022,0.03662109375,0.05322265625,0.092041015625,31.0,31.0,8.0,6.061494665675436,11.712822385485092,8.750513811660094,Transient_Shock
4.509463906288147e-05,0.0001535063929622993,0.0004909473791485652,0.00671525420686972,0.01238976968963908,0.022157332401454947,0.033203125,0.057861328125,0.1083984375,8.0,31.0,8.0,5.108976648753378,9.263767429754285,7.756451612157988,Transient_Shock
4.6429919166257605e-05,0.00013525398389901966,0.00044264177267905325,0.0068139503348834006,0.011629874629548663,0.0210390535119585,0.033935546875,0.0576171875,0.086181640625,32.0,32.0,8.0,6.296576350073293,9.216319142812521,9.088003505800772,Transient_Shock
4.1504608816467226e-05,0.00018821656340151094,0.00045378377762972377,0.006442407066963964,0.013719204182514048,0.02130220123906738,0.03564453125,0.055419921875,0.090576171875,32.0,32.0,8.0,8.200497782247938,15.033178833211474,10.608703151555455,Transient_Shock
5.826647611684166e-05,0.00015052914386615157,0.0003977817832492292,0.007633248071223787,0.01226903190419487,0.01994446748472441,0.033935546875,0.06005859375,0.0927734375,32.0,32.0,8.0,8.788738546779232,15.335879824679484,10.456648053004315,Transient_Shock
4.489961065701209e-05,0.00021192620260990225,0.00047844263826846145,0.006700717174826295,0.014557685345201766,0.021873331668231556,0.03515625,0.064453125,0.112548828125,32.0,32.0,8.0,5.163160841226825,13.827632846671463,9.262644819875202,Transient_Shock
4.637296297005378e-05,0.00020754430443048477,0.00050182520863018,0.006809769670851854,0.014406398038041458,0.022401455502493135,0.036865234375,0.062255859375,0.09521484375,8.0,32.0,8.0,5.488812690820798,10.025113322771203,9.590466357115243,Transient_Shock
3.9370872400468215e-05,0.00019848519877996296,0.0005301629680616315,0.006274621295382552,0.014088477518169341,0.023025268034523105,0.03076171875,0.05859375,0.103271484375,8.0,32.0,8.0,6.176899769265886,7.721961280209726,8.80358960020409,Transient_Shock
5.712074926123023e-05,0.00020066098295501433,0.0005300801385601517,0.007557827019800747,0.014165485623691633,0.023023469298959955,0.036865234375,0.06103515625,0.10302734375,8.0,32.0,8.0,5.772330252120612,7.972412924424067,8.310260189010197,Transient_Shock
4.446982347872108e-05,0.00018376571824774146,0.0005054187349742278,0.00666856982258723,0.013556021475629988,0.022481519854632336,0.03125,0.055908203125,0.10302734375,8.0,33.0,8.0,6.51403282875242,9.365166685375463,8.774396055553446,Transient_Shock
6.308385854936205e-05,0.00020940099784638733,0.0005332762375473976,0.007942534768533408,0.014470694449347872,0.023092774574472372,0.039794921875,0.05908203125,0.107177734375,33.0,33.0,8.0,6.155244122819558,9.399819393567423,7.918174802750617,Transient_Shock
6.20530336163938e-05,0.0002254872197227087,0.0005813397256133612,0.00787737479217498,0.015016231874964793,0.024110987653212408,0.040283203125,0.06591796875,0.107421875,33.0,33.0,8.0,6.126031262365381,9.462373487980607,8.040655025024225,Transient_Shock
4.810030441149138e-05,0.00019049875845666975,0.0004642063286155462,0.0069354382998835324,0.013802128765399551,0.02154544797899422,0.03759765625,0.071533203125,0.092041015625,33.0,33.0,8.0,5.883900404783522,11.089477144953456,8.754592272617868,Transient_Shock
6.394012234522961e-05,0.00021174548601265997,0.0005832657298014965,0.007996256770841568,0.014551477107588081,0.024150895010361346,0.04052734375,0.060546875,0.10595703125,33.0,33.0,8.0,7.028581486086542,13.233817396515692,8.259458836417823,Transient_Shock
5.614919064100832e-05,0.00017379544078721665,0.00051924679428339,0.007493276362246912,0.013183149881087472,0.022786987389371814,0.03466796875,0.056396484375,0.101318359375,33.0,33.0,8.0,7.722604341141908,13.41443000704501,8.284883317303079,Transient_Shock
5.353718006517738e-05,0.00019856994913425297,0.0005634815570374485,0.007316910554679303,0.014091484986837014,0.023737766471120414,0.042724609375,0.058349609375,0.108154296875,33.0,33.0,8.0,7.8427823554298435,16.530868415206584,7.661036900167783,Transient_Shock
5.307353785610758e-05,0.00022481638006865978,0.0005437887593870983,0.007285158739252534,0.014993878086361106,0.023319278706407244,0.04638671875,0.061767578125,0.099853515625,33.0,33.0,8.0,7.085278003144901,13.846325546206726,7.679090326904878,Transient_Shock
5.239885285845958e-05,0.0002049738213827368,0.0005477426711877342,0.0072387051921223855,0.01431690683711872,0.02340390290502279,0.0419921875,0.05810546875,0.1015625,33.0,33.0,8.0,6.357692748249882,10.757180072057755,6.596036035335776,Transient_Shock
5.550862988457084e-05,0.0001964051007234957,0.0005276985721138772,0.007450411390290528,0.014014460414996209,0.02297169066729476,0.033935546875,0.0595703125,0.103271484375,33.0,33.0,8.0,5.443038944299316,9.629112704953496,6.815633807303822,Transient_Shock
5.429690645541996e-05,0.00019154755500494502,0.0005059194772911724,0.007368643461005557,0.01384007062861115,0.022492653851672824,0.03857421875,0.064453125,0.09765625,33.0,33.0,8.0,4.933862195061757,8.677383052400707,6.716887641413805,Transient_Shock
6.538009256473742e-05,0.00022307218750938773,0.0006287890573730692,0.008085795728605653,0.014935601344083463,0.02507566663865727,0.04345703125,0.064453125,0.11474609375,33.0,33.0,8.0,4.8617004796245595,8.726200572157335,6.719464675109239,Transient_Shock
5.600828444585204e-05,0.0001984433620236814,0.0005362994525057729,0.0074838682808993934,0.01408699265363908,0.023158140091677763,0.03564453125,0.0576171875,0.096435546875,33.0,33.0,8.0,4.988940642824488,9.702708896223264,6.497442300739863,Transient_Shock
5.4161937441676855e-05,0.000186465240403777,0.0005357682493922766,0.007359479427356045,0.013655227585206223,0.023146668213638796,0.036376953125,0.058837890625,0.107421875,33.0,33.0,8.0,6.172787390386819,11.012037065359939,7.058468382391487,Transient_Shock
4.5338747440837324e-05,0.00020335485169198364,0.0005708190401492175,0.006733405337630977,0.014260254264633,0.023891819523619743,0.035400390625,0.059814453125,0.103759765625,33.0,33.0,8.0,8.090834439735344,15.600022819967483,8.141456691413618,Transient_Shock
6.858576307422481e-05,0.00021171135813347064,0.0005794410208181944,0.008281652194714821,0.014550304400027879,0.02407158118649862,0.049560546875,0.064453125,0.126220703125,33.0,33.0,8.0,6.370190538066812,14.07202244676087,7.472500530753629,Transient_Shock
4.7976718633435667e-05,0.00019293147124699317,0.0004964961990481243,0.006926522838584716,0.013889977366683978,0.022282194664083793,0.032470703125,0.055908203125,0.102294921875,33.0,33.0,8.0,6.710236094430787,12.957497594339362,8.043151797614255,Transient_Shock
5.387677811086178e-05,0.0002007353468798101,0.0005670541395375039,0.007340080252344778,0.014168110208486172,0.023812898595876646,0.0390625,0.0576171875,0.11181640625,33.0,33.0,8.0,6.986361132809428,13.405315163682626,6.547451623733771,Transient_Shock
5.0545782869448885e-05,0.00021942838793620467,0.0005364025673770811,0.007109555743465894,0.014813115402784273,0.023160366304898573,0.03515625,0.059814453125,0.099365234375,33.0,33.0,8.0,6.440993850206219,12.864466185242838,7.380812079002251,Transient_Shock
5.1884908316424116e-05,0.00020378012777655385,0.0005475489851960447,0.007203117957969598,0.014275157714594745,0.023399764639757483,0.039794921875,0.06298828125,0.102294921875,33.0,33.0,8.0,7.5231689882986315,11.603399838932678,7.716884148877826,Transient_Shock
5.029694875702262e-05,0.00021307053975760937,0.0005370927974581718,0.007092034176244684,0.014596935971552706,0.023175262618968785,0.033447265625,0.0625,0.106201171875,33.0,33.0,8.0,6.983429835741459,11.839686008637635,7.151138200113298,Transient_Shock
6.774067878723145e-05,0.0002407309330010321,0.0006263207433221396,0.008230472573748815,0.015515506211562422,0.02502640092626464,0.042236328125,0.06201171875,0.1142578125,33.0,33.0,8.0,6.937837268599685,13.045875453475754,7.662960177365467,Transient_Shock
6.89744447299745e-05,0.0002568944437371101,0.0006818469519203063,0.008305085473971624,0.016027926994377974,0.026112199293056613,0.03515625,0.068115234375,0.112060546875,33.0,33.0,8.0,6.803872218618504,11.660078149725035,6.724013423299624,Transient_Shock
5.224882625043392e-05,0.00021178157476242632,0.0005365145298128482,0.007228334956989328,0.014552717092090614,0.02316278329158325,0.031982421875,0.058349609375,0.115966796875,33.0,33.0,8.0,5.603778470052748,10.421817609871146,6.601788060596622,Transient_Shock
5.470047108246945e-05,0.00022894321227795444,0.0005610251646430697,0.0073959766821204516,0.015130869514933847,0.023685969784728464,0.03662109375,0.059326171875,0.108642578125,33.0,33.0,8.0,6.462051937401194,10.694106934691687,7.453958122507425,Transient_Shock
6.714194023516029e-05,0.00021341530373319983,0.0005787233494629618,0.008194018564487164,0.01460874066212416,0.024056669542207247,0.043212890625,0.06005859375,0.1123046875,33.0,33.0,8.0,4.909364167216958,10.331785488716173,6.257244771896837,Transient_Shock
6.236502667888999e-05,0.00027408194364397787,0.0005494574434123933,0.007897153074297723,0.016555420370500347,0.023440508599695386,0.037109375,0.061767578125,0.11669921875,33.0,33.0,8.0,4.714011548462328,11.196553570645246,6.656330849426361,Transient_Shock
6.437225601985119e-05,0.00026758835520013236,0.0005829468100273516,0.008023232267599587,0.016358128108073133,0.02414429145838311,0.037353515625,0.06494140625,0.119873046875,33.0,33.0,8.0,5.543431850907077,9.467759561137763,7.455474968215331,Transient_Shock
5.050421168562025e-05,0.00018203094077762216,0.00056655470689293,0.007106631528763838,0.013491884256011914,0.023802409686687814,0.040283203125,0.0595703125,0.125732421875,33.0,33.0,8.0,3.829990489732215,5.07869683094081,6.287954782998203,Transient_Shock
5.394880645326339e-05,0.00018733206889010035,0.000545486338523915,0.0073449851227394185,0.013686930586881061,0.023355648963878418,0.039794921875,0.05859375,0.109130859375,33.0,33.0,8.0,4.7999918713192935,9.14914441265273,7.276269690750558,Transient_Shock
5.873100599274039e-05,0.00020863091049250215,0.0005892091285204515,0.007663615725800739,0.014444061426499894,0.024273630311934215,0.039794921875,0.06103515625,0.1083984375,33.0,33.0,8.0,4.808261068617588,8.029561660730554,6.298707690224498,Transient_Shock
4.783732583746314e-05,0.00016490710186189972,0.0005333628359949216,0.006916453270098999,0.012841616014423563,0.02309464951011211,0.036376953125,0.056884765625,0.1083984375,8.0,33.0,8.0,4.650793640693276,8.189833543696432,6.523532693146638,Transient_Shock
8.227064972743392e-05,0.0004923059459542856,0.0006505944620585069,0.00907031695848794,0.02218796849543206,0.02550675326376344,0.05029296875,0.155517578125,0.124755859375,33.0,31.0,8.0,3.3941437584511496,4.756746927108121,4.996593712330792,Transient_Shock
0.0010585613454168197,0.0020542859565466642,0.0049970177315117326,0.03253553972837733,0.045324231450148876,0.07068958715052545,0.25439453125,0.343017578125,0.360595703125,3.0,34.0,3.0,3.2575194287129854,3.1242786965944487,6.675634469056109,Transient_Shock
0.0004557039210340008,0.0010282615512551274,0.004302001758333063,0.021347222794405853,0.03206651760411672,0.06558964673127202,0.15283203125,0.3388671875,0.366455078125,3.0,33.0,3.0,5.516264869280552,4.613483966561508,7.718075507350571,Transient_Shock
0.0004226700257277116,0.0010668393224477768,0.005977706950943684,0.02055894028707977,0.032662506371186166,0.07731563199601801,0.114501953125,0.424560546875,0.501220703125,3.0,27.0,3.0,8.541735706601806,2.5522585642305096,8.10041072126537,Transient_Shock
0.001951166763319634,0.0026602852012729272,0.009114442127611255,0.04417201334917432,0.05157795266655053,0.09546958744862814,0.396728515625,0.3212890625,0.648681640625,4.0,24.0,4.0,3.449624137719571,3.141642472197025,4.8673022321933,Transient_Shock
0.0006374417826009449,0.0007400488102575764,0.009583315331838094,0.025247609443290762,0.027203838153054365,0.0978944090938706,0.1357421875,0.259765625,0.489990234375,3.0,34.0,2.0,8.13454328563617,2.6438661037762814,8.915023563159604,Transient_Shock
0.0016865532379597425,0.006534080686833477,0.02445361936406698,0.04106766657554021,0.0808336606051803,0.15637653073292992,0.243408203125,0.853271484375,0.986083984375,2.0,32.0,2.0,8.206476348245284,3.588157061435041,8.502545547346028,Transient_Shock
0.0005349137209123,0.0004299585380067583,0.007614684698637575,0.023128201852117686,0.020735441591795394,0.08726216074930516,0.123291015625,0.19384765625,0.334716796875,2.0,34.0,2.0,12.102167846421732,4.512800671579948,15.164210215563704,Transient_Shock
0.0009408690639247652,0.000512830385559937,0.012831436411943287,0.030673589029077852,0.022645758666027,0.11327593041746904,0.146240234375,0.19091796875,0.497314453125,3.0,3.0,3.0,15.049142762043834,3.460382294891966,17.409440053143854,Transient_Shock
0.0008367518312297761,0.0062044676415098365,0.005123481878399616,0.028926662981231973,0.07876844318323066,0.07157850150987806,0.254638671875,0.861083984375,0.502685546875,2.0,28.0,2.0,3.335123231851918,3.8822137552892375,5.750963624022959,Transient_Shock
0.016416784361354075,0.013283358592161676,0.05843768303384422,0.12812799991162774,0.11525345371034083,0.24173887365056582,1.50439453125,1.369873046875,2.904541015625,43.0,42.0,2.0,2.2793176878079446,2.6178929739075834,3.248356517230931,Transient_Shock
0.07420197360625025,0.07045492328688852,0.2062956735660464,0.272400392081675,0.2654334630126513,0.45419783527230334,1.96923828125,1.96826171875,3.99993896484375,1.0,28.0,16.0,2.525688742083134,2.806450588345749,3.099045185320322,Transient_Shock
0.0003841967409243807,0.00017248629592359066,0.005743983721913537,0.019600937246070167,0.01313340382092893,0.07578907389534152,0.085205078125,0.06201171875,0.27880859375,2.0,32.0,2.0,12.811841492745248,5.909027431406118,15.772546425875476,Transient_Shock
9.749311720952392e-05,0.00015746743520139717,0.0011990349157713354,0.009873860299271198,0.01254860291830916,0.034627083558557675,0.05078125,0.060546875,0.19873046875,3.0,33.0,8.0,4.791834211690175,7.707460542479905,6.10157577455237,Transient_Shock
4.92454128107056e-05,0.00016706157475709915,0.0006340966756397393,0.00701750759249362,0.01292523016263537,0.02518127629092178,0.029541015625,0.055908203125,0.123291015625,8.0,33.0,8.0,4.257317136412129,6.760602522007402,7.257111795717052,Transient_Shock
5.219707600190304e-05,0.0001877089380286634,0.0007088949460012373,0.0072247543904206905,0.013700691151495366,0.026625081145439485,0.029296875,0.06787109375,0.1259765625,33.0,33.0,8.0,6.0476335608445035,9.027171278184628,7.310048703875317,Transient_Shock
6.223353193490766e-05,0.00022923339565750211,0.0006901327869854867,0.00788882322877802,0.015140455596100869,0.02627037850860712,0.0341796875,0.062744140625,0.123046875,33.0,33.0,8.0,7.413619163186975,11.473318584434315,7.742241636353061,Transient_Shock
5.231093382462859e-05,0.0002110181339958217,0.0006962001170904841,0.0072326298000539605,0.014526463230801284,0.026385604353330323,0.039306640625,0.0625,0.13330078125,33.0,33.0,8.0,6.190551892725271,11.54641634660526,7.381021030589787,Transient_Shock
7.558421930298209e-05,0.00021816949811181985,0.0007143027614802122,0.008693918524059338,0.014770561875291672,0.026726443113145683,0.037353515625,0.068359375,0.134521484375,33.0,33.0,8.0,9.069751457562765,13.00250303358614,6.745696890842303,Transient_Shock
6.845463940408081e-05,0.00018527217616792768,0.0006541687616845593,0.008273731890995792,0.013611472226321725,0.025576723044294772,0.035888671875,0.06201171875,0.118896484375,33.0,33.0,8.0,8.85168650353357,14.326515120008631,7.814062732169974,Transient_Shock
5.2604591473937035e-05,0.00024224785374826752,0.0007210237636172678,0.007252902279359418,0.015564313468581501,0.02685188566222618,0.03564453125,0.06787109375,0.117919921875,33.0,33.0,33.0,6.979458340617266,15.275062795787775,7.904042454458191,Transient_Shock
5.313647852744907e-05,0.00024181418120861053,0.0007147200194594916,0.007289477246514257,0.015550375597026926,0.026734248062354242,0.03466796875,0.0673828125,0.12744140625,33.0,33.0,8.0,8.153630513735866,15.670502991627183,7.741197431575813,Transient_Shock
5.581345976679586e-05,0.00020792518262169324,0.0006397972720151301,0.007470840633208278,0.014419611042663157,0.0252942142003884,0.03173828125,0.056396484375,0.115966796875,33.0,33.0,8.0,8.18994849506754,14.610728510817216,8.82239212917611,Transient_Shock
6.312311961664818e-05,0.00023203413002192974,0.0006118665769463405,0.007945005954475313,0.015232666543383983,0.02473593695307175,0.04296875,0.057373046875,0.1083984375,33.0,33.0,8.0,6.832391507098281,15.413345508402791,8.148605528520543,Transient_Shock
8.925980364438146e-05,0.000239676795899868,0.0006243748939596117,0.009447740663480421,0.015481498503047695,0.024987494751567467,0.04345703125,0.064453125,0.111083984375,33.0,33.0,8.0,7.341066511733069,14.869508732464594,7.3229586940866085,Transient_Shock
8.122945655486546e-05,0.00026375954257673584,0.0006042453715053853,0.009012738571314795,0.016240675557892777,0.02458140296047777,0.04736328125,0.06689453125,0.1123046875,33.0,33.0,8.0,6.552597372150706,13.969471861010325,7.435830095633014,Transient_Shock
9.083561599254608e-05,0.00024689464771654457,0.0006908362520334776,0.00953077205647822,0.015712881585391796,0.026283764038536748,0.048583984375,0.06884765625,0.117919921875,33.0,33.0,8.0,7.012075715165451,12.599122402661317,7.823890363798965,Transient_Shock
8.608610005467199e-05,0.0002741324969974812,0.0006979671270528343,0.009278259538009917,0.01655694709170387,0.02641906749022066,0.046875,0.071044921875,0.132568359375,33.0,33.0,8.0,6.471737341157979,11.782046834797589,6.510927831285213,Transient_Shock
8.032176629058085e-05,0.0002355619471927639,0.000599020244408166,0.008962241142179831,0.015348027469116803,0.024474890079593126,0.04736328125,0.060302734375,0.1064453125,33.0,33.0,8.0,6.779243409408431,11.417598120230384,7.042886218142036,Transient_Shock
9.216461330652237e-05,0.0002647514920681715,0.0006431161891669035,0.009600240273374534,0.016271185945350496,0.025359735589451707,0.051025390625,0.067138671875,0.114990234375,13.0,33.0,8.0,5.416506659384555,8.49594331560807,6.166688007384623,Transient_Shock
6.129313260316849e-05,0.00026913323381450027,0.0005521252751350403,0.007828993077220627,0.016405280668568285,0.02349734612961728,0.038330078125,0.064697265625,0.11181640625,33.0,33.0,8.0,4.581617528649621,8.378167093017142,6.634470542736494,Transient_Shock
7.056761751300655e-05,0.0002829382101481315,0.0006507213656732347,0.008400453411156243,0.016820767228284548,0.025509240789824278,0.042236328125,0.064453125,0.165771484375,34.0,34.0,8.0,4.7096223672522735,9.330344415645904,5.590592996927533,Transient_Shock
6.937212310731411e-05,0.0002882063708966598,0.0006790987681597471,0.008328992922755674,0.016976641920493574,0.02605952355972279,0.0400390625,0.074951171875,0.138427734375,34.0,34.0,8.0,5.896715010352025,11.259232945441601,6.1236231177659635,Transient_Shock
7.056732647470199e-05,0.00026985909426002763,0.0006498260045191273,0.008400436088364816,0.01642738854048408,0.025491685007451494,0.045166015625,0.07373046875,0.127197265625,34.0,34.0,8.0,5.99253555395788,11.554897905651577,5.813901082747145,Transient_Shock
8.410493319388479e-05,0.00031742919236421585,0.0007209498289739713,0.009170874178282286,0.017816542660241796,0.026850508914617825,0.045654296875,0.0732421875,0.1220703125,34.0,34.0,8.0,5.354388730306355,9.766324322985877,6.1226384295112215,Transient_Shock
6.081419996917248e-05,0.0002850278360710945,0.0006116014992585406,0.007798345976498637,0.01688276742927813,0.02473057822329556,0.04541015625,0.068359375,0.11865234375,34.0,34.0,8.0,6.026366294215712,9.881755088516439,6.400803866110093,Transient_Shock
4.9374939408153296e-05,0.0002604939363664016,0.0005900655960431322,0.007026730349753952,0.016139824545713055,0.02429126583863287,0.032958984375,0.065673828125,0.1142578125,34.0,34.0,8.0,5.55517948192892,8.83389479384885,6.054497085091456,Transient_Shock
5.824258187203668e-05,0.0002828005781339016,0.0006976209115236998,0.00763168276804249,0.016816675596975212,0.02641251429765254,0.038330078125,0.066162109375,0.123779296875,34.0,34.0,8.0,5.387190769644047,9.735919609984338,5.982232039113618,Transient_Shock
5.2059473091503605e-05,0.00025854160776361823,0.0004945432156091556,0.007215225089455187,0.016079229078647343,0.02223832762617629,0.035888671875,0.0576171875,0.100341796875,34.0,34.0,8.0,5.377876557715784,8.704342723472251,7.039175000576597,Transient_Shock
5.7478664530208334e-05,0.00029709195587201975,0.0006131442351033911,0.007581468494309552,0.01723635564358138,0.024761749435437536,0.04150390625,0.073486328125,0.108642578125,34.0,33.0,8.0,5.732491580103518,9.124052938755732,7.034626859164949,Transient_Shock
6.184741141623817e-05,0.00031571375075145625,0.0005696209700545296,0.007864312520254912,0.01776833562130838,0.02386673354387922,0.046142578125,0.073486328125,0.108642578125,33.0,33.0,8.0,5.732738143057173,9.17137763311476,6.9297060056255,Transient_Shock
7.591093890368938e-05,0.00026216485639452003,0.0005586562292592134,0.008712688385549514,0.016191505686455478,0.02363590974046088,0.04248046875,0.0732421875,0.111328125,33.0,33.0,8.0,5.14246812745082,9.967785957452275,7.109740101262338,Transient_Shock
0.00012878462075605057,0.0002907857851823792,0.000622977353486931,0.01134833118815496,0.017052442205806744,0.024959514287880902,0.048828125,0.064208984375,0.119384765625,13.0,33.0,8.0,10.463426088185308,12.182602169840663,7.211416823728328,Transient_Shock
8.714582872926258e-05,0.00026964518110617064,0.0005538516816159245,0.009335193020460935,0.016420876380576363,0.023534053658813742,0.047607421875,0.06494140625,0.101318359375,33.0,33.0,8.0,4.374765834054841,10.192274919723166,7.054490311873007,Transient_Shock
7.19542003935203e-05,0.0002932213246822357,0.0005549586931010708,0.008482582177233551,0.017123706511215257,0.023557561272361593,0.041015625,0.071044921875,0.118408203125,33.0,33.0,8.0,6.119293686137424,11.667014910735364,6.606057346607037,Transient_Shock
7.181870751082897e-05,0.0002757132133410778,0.0005592825436906423,0.008474591878717758,0.0166046142183755,0.023649155242643286,0.0458984375,0.069091796875,0.095703125,33.0,33.0,8.0,3.9885276525673476,8.093413877069107,6.3305144398534905,Transient_Shock
6.158411270007491e-05,0.00027026794850826263,0.0005656517460010946,0.007847554568148915,0.016439828116749353,0.02378343427684687,0.04345703125,0.070068359375,0.111572265625,42.0,33.0,8.0,4.956388942355751,8.170374243646283,6.28023893626215,Transient_Shock
7.160097811720334e-05,0.000275915241218172,0.0005966573371551931,0.008461736117204514,0.01661069659039536,0.024426570310937906,0.043212890625,0.07568359375,0.12060546875,42.0,33.0,8.0,4.425618668394809,8.24544722543296,6.141395514980477,Transient_Shock
5.777424303232692e-05,0.0003037603892153129,0.0006385651322489139,0.0076009369838413296,0.01742872310914695,0.025269846304418114,0.03759765625,0.067626953125,0.1064453125,33.0,33.0,8.0,5.666032296050108,9.042792235264532,6.1733372539821785,Transient_Shock
6.301094254013151e-05,0.0002857708459487185,0.000590338164329296,0.007937943218500085,0.01690475808607501,0.024296875608384217,0.040771484375,0.067138671875,0.110107421875,33.0,33.0,8.0,5.869975600864151,10.003451396675823,7.04140190568576,Transient_Shock
6.42742816125974e-05,0.0003173192926624324,0.0006467741332016885,0.00801712427324146,0.017813458189313843,0.025431754426340478,0.0400390625,0.073486328125,0.115234375,34.0,33.0,8.0,5.03572613630848,7.764315847591176,6.445457343270201,Transient_Shock
7.163543705246411e-05,0.00034781903013936244,0.0006409463494492229,0.008463772034528347,0.018649906974013634,0.02531691824549787,0.042724609375,0.07861328125,0.11181640625,33.0,34.0,8.0,5.5628339781411045,8.294824210123092,6.289921872376322,Transient_Shock
5.49432443222031e-05,0.00026547559173195623,0.00048715049342717975,0.00741237103241622,0.016293421731851054,0.022071485981400976,0.038818359375,0.076416015625,0.126953125,34.0,34.0,8.0,4.097733933723405,9.920014178630982,5.382920235506025,Transient_Shock
2.6418358174851164e-05,4.7357138100778684e-05,5.9768874052679166e-05,0.005139879198468692,0.006881652279851016,0.007731033181449887,0.024169921875,0.030517578125,0.032958984375,42.0,34.0,3.0,4.036241167208731,6.23059482855344,7.870913072653527,Transient_Shock
4.171091131865978e-05,3.449117866693996e-05,0.0001370740901620593,0.006458398510363059,0.005872919092490545,0.011707864457793286,0.033203125,0.029541015625,0.0498046875,3.0,40.0,3.0,4.953220145369595,4.730272089486232,12.78092598312088,Transient_Shock
5.394513937062584e-05,4.1224146116292104e-05,4.696286850958131e-05,0.007344735486770496,0.006420603251742947,0.006852945973052853,0.04248046875,0.033203125,0.034912109375,14.0,32.0,4.0,5.312472887363092,5.300038395637116,6.315842209502173,Transient_Shock
0.00015618708857800812,8.430372690781951e-05,5.000364035367966e-05,0.012497483289767108,0.00918170610005676,0.007071325219057575,0.05419921875,0.040771484375,0.035888671875,14.0,35.0,5.0,14.713424164624472,9.615710042067452,5.19462253870426,Transient_Shock
7.168433148763143e-05,7.627618833794259e-05,7.119901420082897e-05,0.008466659995986104,0.008733624009421438,0.008437950829486325,0.04541015625,0.039794921875,0.042724609375,14.0,38.0,5.0,6.423501375979883,6.819592309117636,7.286550365036049,Transient_Shock
3.1442901672562584e-05,4.2060797568410635e-05,7.120607187971473e-05,0.005607397049662399,0.006485429636378043,0.008438369029600136,0.034912109375,0.02783203125,0.044921875,15.0,42.0,5.0,6.4219132277055895,6.521236488595208,6.2649631716603755,Transient_Shock
5.3011983254691586e-05,3.423489397391677e-05,0.00012104815323255025,0.0072809328560763135,0.005851059218117414,0.01100218856557868,0.041259765625,0.025146484375,0.052978515625,15.0,45.0,6.0,7.311088988705841,5.577579739643636,5.941005425739712,Transient_Shock
6.29084970569238e-05,2.9582472052425146e-05,0.00012468467684811912,0.007931487695062245,0.005438977114534051,0.011166229303042237,0.0380859375,0.025146484375,0.05078125,15.0,47.0,6.0,8.073747922027882,4.4368883521886415,7.437221406804631,Transient_Shock
5.9362908359616995e-05,4.342045576777309e-05,0.00015738961155875586,0.0077047328545263,0.006589419987204723,0.012545501646357385,0.034912109375,0.034423828125,0.0546875,15.0,37.0,6.0,7.6641129720118535,4.701812170210301,7.252891577670285,Transient_Shock
6.206758189364336e-05,3.7969963159412146e-05,0.00016812813919386826,0.007878298159732428,0.006161977211854337,0.012966423531331539,0.037109375,0.033935546875,0.0634765625,15.0,39.0,6.0,7.597011959421191,4.201997682916718,5.951921910438987,Transient_Shock
5.7260956964455545e-05,3.897174246958457e-05,0.00022004242055118084,0.007567096997161828,0.006242735175352593,0.014833826901753331,0.039306640625,0.032470703125,0.068115234375,15.0,40.0,7.0,6.731572471297527,4.016269593944901,7.391656938829759,Transient_Shock
5.897204391658306e-05,5.655652785208076e-05,0.00025773216839297675,0.007679325746221674,0.007520407425936494,0.016054039005589115,0.034912109375,0.04931640625,0.07666015625,15.0,41.0,7.0,7.58683345009241,4.0916486437151836,8.291790858868168,Transient_Shock
5.9836762375198305e-05,4.716158946393989e-05,0.00029462898601195775,0.007735422572503606,0.006867429611138355,0.017164760004496356,0.032470703125,0.0419921875,0.08251953125,15.0,28.0,7.0,8.104385842221726,4.672186065291955,9.532562133237365,Transient_Shock
6.545521318912506e-05,6.902464883751236e-05,0.0003525825413817074,0.00809043961655515,0.008308107416103402,0.01877718140141665,0.04052734375,0.055908203125,0.094482421875,15.0,29.0,7.0,8.137666449834402,5.6001326106918885,7.785132593533488,Transient_Shock
5.373492604121566e-05,8.775083915679716e-05,0.00033008763784891926,0.007330411041764006,0.00936754178836674,0.018168314116860686,0.03271484375,0.05126953125,0.083984375,15.0,29.0,7.0,6.343870594474283,6.3736155246544515,6.424468746549833,Transient_Shock
5.10052741446998e-05,9.747332296683453e-05,0.00034765164309646934,0.0071417976829856915,0.009872857892567609,0.018645418823305348,0.033447265625,0.06201171875,0.092529296875,15.0,30.0,30.0,6.9572253263208,7.7154125982195705,6.998358691303271,Transient_Shock
6.102066254243255e-05,0.00013693136861547828,0.00042145041516050696,0.007811572347641194,0.011701767756005,0.020529257540410635,0.04052734375,0.06591796875,0.100830078125,15.0,30.0,8.0,5.171123174305089,6.440453057803862,5.44595681529814,Transient_Shock
4.635343429981731e-05,0.00010995868069585413,0.00039699847911833785,0.006808335648293003,0.010486118476149987,0.01992482067970344,0.0322265625,0.05419921875,0.09423828125,31.0,31.0,8.0,4.419857773031268,7.52644228614,7.194093885964791,Transient_Shock
0.00015582864580210298,0.00020690157180069946,0.0004292552730476018,0.012483134454218739,0.014384073546832951,0.02071847661020476,0.083251953125,0.07421875,0.109375,31.0,31.0,8.0,3.684889208065396,6.438596448001735,7.7505818447918085,Transient_Shock
0.00010425038635730743,0.00019160388910677284,0.0005303736215864774,0.010210307848312285,0.013842105660150584,0.023029841979190335,0.052001953125,0.07080078125,0.103515625,12.0,31.0,8.0,5.383601421926947,8.998415131439547,7.5453712817669185,Transient_Shock
5.66599155717995e-05,0.00017203330935444683,0.0005119698471389711,0.007527278098476201,0.013116146894360662,0.022626750697768584,0.035400390625,0.0712890625,0.104736328125,32.0,31.0,8.0,4.967825532074117,6.387080279641126,8.54977104783728,Transient_Shock
5.1642986363731325e-05,0.00016348157078027725,0.0005057405214756727,0.007186305473867036,0.012785991192718586,0.022488675405093844,0.03466796875,0.06640625,0.10498046875,32.0,32.0,8.0,5.591866300533117,9.26945475934266,9.83795450337204,Transient_Shock
6.601860513910651e-05,0.0001500179605500307,0.0006027425952197518,0.008125183391106105,0.012248181928352905,0.024550816589672772,0.042236328125,0.06005859375,0.106689453125,32.0,32.0,8.0,7.082224743424936,9.426986120182058,8.866304663999978,Transient_Shock
5.415324994828552e-05,0.00024268786364700645,0.0006024725153110921,0.00735888917896482,0.015578442272801425,0.02454531554718929,0.044677734375,0.0712890625,0.10400390625,8.0,32.0,8.0,4.588188631762472,17.675908925489104,11.990409405784757,Transient_Shock
6.0922568081878126e-05,0.00020326743833720684,0.0005925911500526126,0.007805291031209414,0.014257189005452893,0.024343195148801084,0.03369140625,0.067138671875,0.10693359375,32.0,32.0,32.0,7.032068163226875,16.284326003556547,11.804224365730638,Transient_Shock
6.885964830871671e-05,0.00027407187735661864,0.0006663502281298861,0.008298171383426395,0.016555116349836346,0.025813760441475514,0.04638671875,0.066162109375,0.10888671875,32.0,32.0,8.0,8.560125201729669,15.859216213887288,8.919869992924006,Transient_Shock
6.153143112896942e-05,0.00023398207486025058,0.0005713868886232376,0.007844197290288499,0.01529647262803587,0.02390370031236247,0.038330078125,0.072265625,0.119873046875,32.0,32.0,8.0,5.974151081096388,12.397812145248698,8.478939615788788,Transient_Shock
5.42965681233909e-05,0.00020166649483144283,0.0005896314396522939,0.007368620503417916,0.014200932885956571,0.02428232772310542,0.042236328125,0.077880859375,0.126953125,32.0,32.0,8.0,5.1821581104605565,9.050435676880253,7.487456302394882,Transient_Shock
7.54857283027377e-05,0.00022379377332981676,0.0006073658551031258,0.008688252315784671,0.014959738411142648,0.024644793671344173,0.036865234375,0.067626953125,0.110595703125,32.0,32.0,8.0,5.0693528952972216,9.56152011664371,8.234816594137254,Transient_Shock
5.4694697610102594e-05,0.0002076588243653532,0.000559370731934905,0.00739558636012741,0.014410372110579005,0.0236510196806587,0.039306640625,0.070068359375,0.113525390625,33.0,33.0,8.0,4.517901718627038,7.874647744804756,7.600159102302293,Transient_Shock
7.509137140004896e-05,0.000256175462709507,0.0006198774462973233,0.008665527762349443,0.016005482270444304,0.024897338136783284,0.04541015625,0.069091796875,0.121826171875,33.0,33.0,8.0,4.899609132970133,7.838653480051487,7.8451598645050655,Transient_Shock
2.0751376723637804e-05,8.188038918888196e-06,1.5048644854687154e-05,0.004555367902116996,0.0028614749551390795,0.00387925828666862,0.020263671875,0.013671875,0.02197265625,20.0,33.0,4.0,7.250986215555774,4.131845886128433,4.497475334909379,Transient_Shock
3.271404420956969e-05,9.067298378795385e-06,2.0578489056788385e-05,0.005719619236415103,0.0030111955065713326,0.004536351954686539,0.03271484375,0.01416015625,0.0224609375,20.0,39.0,9.0,5.5171771646702625,4.273271709373516,3.828904245709248,Transient_Shock
2.957414835691452e-05,1.0250078048557043e-05,6.090063470765017e-05,0.00543821187127851,0.003201574307829984,0.007803885872285048,0.0244140625,0.019287109375,0.03173828125,14.0,36.0,3.0,7.07279715677442,3.887832070665608,15.682653370297757,Transient_Shock
1.3558295904658735e-05,1.9934363081119955e-05,2.8550843126140535e-05,0.0036821591362485593,0.00446479149357727,0.00534329889919519,0.019287109375,0.025634765625,0.027099609375,13.0,35.0,3.0,4.323588454643449,3.5463571655930965,6.0456293770762715,Transient_Shock
1.5704368706792593e-05,2.9249695217004046e-05,3.494146221783012e-05,0.003962873793952135,0.005408298735924639,0.005911130367182754,0.0234375,0.02294921875,0.030517578125,42.0,35.0,3.0,3.7416620957627003,4.744180363681987,8.56883093016848,Transient_Shock
2.6906371203949675e-05,2.9927523428341374e-05,0.00010248497346765362,0.005187135163454841,0.005470605398705099,0.010123486230921323,0.02783203125,0.026123046875,0.04345703125,3.0,39.0,3.0,6.0292373996353925,4.5466447001755075,12.937623573147603,Transient_Shock
2.118175325449556e-05,1.9495375454425812e-05,5.739972402807325e-05,0.004602363876802394,0.004415356775440215,0.007576260557034272,0.021728515625,0.021728515625,0.033203125,4.0,46.0,4.0,4.041041574496153,3.2963470188215083,7.980360199466543,Transient_Shock
2.0948340534232557e-05,3.6590834497474134e-05,6.146506348159164e-05,0.0045769357144526904,0.006049035832054075,0.007839965783190106,0.023681640625,0.02783203125,0.035888671875,42.0,36.0,4.0,3.6042859209682803,5.395739816648571,4.969114694620405,Transient_Shock
2.4817705707391724e-05,4.785641795024276e-05,9.179078915622085e-05,0.00498173721781787,0.0069178333277293376,0.009580750970368703,0.02685546875,0.027099609375,0.04833984375,5.0,39.0,5.0,4.445306816647964,8.179927013958423,6.526539867524067,Transient_Shock
1.7040842067217454e-05,3.852008012472652e-05,0.00010859383837669156,0.004128055482574992,0.00620645471462787,0.010420836740717684,0.0205078125,0.02783203125,0.05322265625,42.0,42.0,5.0,5.746691841142581,6.82546138353635,6.699546728319973,Transient_Shock
1.927930861711502e-05,2.2872802219353616e-05,0.00010389837188995443,0.004390820950245526,0.0047825518522388874,0.010193055081277371,0.019775390625,0.021484375,0.054443359375,42.0,45.0,6.0,3.302036438318794,5.035361881119524,5.876173103049736,Transient_Shock
2.5836048735072836e-05,2.2998192434897646e-05,0.00013110800864524208,0.005082917344898777,0.0047956430679208855,0.01145024054966716,0.0263671875,0.026611328125,0.05517578125,12.0,47.0,6.0,4.002216685262448,3.560592420907451,8.384748260123212,Transient_Shock
5.059994509792887e-05,3.964488496421836e-05,0.00014256007489166223,0.007113363838433183,0.0062964184235339985,0.011939852381485386,0.03857421875,0.03369140625,0.05712890625,12.0,37.0,6.0,6.9677534535339545,4.7129848982196885,6.970041275198449,Transient_Shock
4.290340802981518e-05,5.3864725487073883e-05,0.00015472224913537502,0.0065500693148863075,0.007339259191980747,0.012438739853191522,0.033447265625,0.03662109375,0.05712890625,12.0,26.0,6.0,6.130192620652399,4.392501510943242,5.511329035163783,Transient_Shock
3.481178646325134e-05,3.830869900411926e-05,0.0001789186499081552,0.005900151393248425,0.00618940215239883,0.013376047619089698,0.03076171875,0.036376953125,0.06494140625,7.0,40.0,7.0,4.354140550239654,6.230146296245369,7.435616005469985,Transient_Shock
3.834627568721771e-05,5.686376243829727e-05,0.0002061575069092214,0.006192436974828061,0.007540806484607417,0.01435818605915181,0.03271484375,0.038330078125,0.076904296875,7.0,27.0,7.0,4.505186278997635,4.802221301189047,7.4088022195922765,Transient_Shock
2.853414844139479e-05,6.191892316564918e-05,0.00022624129996984266,0.005341736463117101,0.007868857805657005,0.01504131975492319,0.028076171875,0.041259765625,0.080078125,7.0,28.0,7.0,5.04951362802994,7.366985273900736,9.86486804882349,Transient_Shock
3.924106931663118e-05,6.763543569832109e-05,0.00022592211826122366,0.0062642692563962465,0.008224076586360386,0.01503070584707264,0.0302734375,0.052001953125,0.0771484375,7.0,29.0,7.0,4.548537243071481,6.107273106712103,9.234972505641846,Transient_Shock
8.33882368169725e-05,6.842802031314932e-05,0.0002599526196718216,0.009131715984248114,0.008272123083776577,0.016123046228049512,0.048828125,0.0458984375,0.07470703125,13.0,29.0,7.0,7.851653607992336,5.901026291372253,7.446062185973426,Transient_Shock
5.487525777425617e-05,8.456123759970069e-05,0.00028659242889261805,0.007407783593913646,0.009195718438474543,0.016929040991521583,0.037841796875,0.048095703125,0.0771484375,13.0,30.0,7.0,8.102299355373662,6.978366491164973,6.0625947099862065,Transient_Shock
5.3455642046174034e-05,9.452519225305878e-05,0.0003313874731247779,0.007311336543079797,0.009722406710946563,0.01820405100862931,0.035888671875,0.04833984375,0.0771484375,13.0,30.0,8.0,7.279534787953901,8.093454913261775,6.487504103091028,Transient_Shock
6.298544758465141e-05,0.00010589341036393307,0.0003247563145123422,0.007936337164249728,0.010290452388691815,0.018020996490547968,0.038330078125,0.05224609375,0.08056640625,13.0,31.0,8.0,8.04814710618927,8.117583402924538,6.491511459514809,Transient_Shock
6.739899617969058e-05,0.00010118024874827825,0.0003125684888800606,0.008209689164620703,0.010058839334052326,0.017679606581597358,0.0390625,0.054931640625,0.09228515625,13.0,31.0,8.0,10.291025041989888,11.136801495571522,9.145685372334071,Transient_Shock
6.968530578888021e-05,4.060141509398818e-05,0.0001571792527101934,0.008347772504619435,0.006371923971139971,0.012537115007456596,0.037841796875,0.048095703125,0.080078125,14.0,31.0,8.0,7.615559024421544,4.965733702363379,5.44497778814351,Transient_Shock
4.6615939936600626e-05,5.363894160836935e-06,1.279136267839931e-05,0.006827586684663962,0.002316008238508001,0.00357650145790538,0.03759765625,0.012939453125,0.017578125,22.0,11.0,3.0,8.667003736629606,3.021383129334753,3.4552441332420902,Transient_Shock
4.310410804464482e-05,6.679780199192464e-06,1.383822745992802e-05,0.006565371889287371,0.002584527074571374,0.0037199768090578227,0.030029296875,0.013671875,0.020263671875,20.0,37.0,21.0,7.176459205985074,3.2463426873341006,3.5613261754998424,Transient_Shock
5.5479435104643926e-05,1.327661084360443e-05,3.498210571706295e-05,0.007448451859590953,0.0036437083916807107,0.005914567246812141,0.028564453125,0.0205078125,0.027587890625,20.0,38.0,3.0,12.807641456572256,4.971593926651852,6.472939507431803,Transient_Shock
4.6409142669290304e-05,2.133790621883236e-05,2.6059449737658724e-05,0.006812425608349078,0.00461929715636831,0.005104845711445031,0.034423828125,0.02490234375,0.02294921875,13.0,36.0,2.0,7.34895740433971,3.2617748227422094,4.302165109364199,Transient_Shock
4.1520906961522996e-05,3.622835720307194e-05,3.972776175942272e-05,0.006443671853960519,0.006018999684588124,0.006302996252531229,0.029296875,0.031005859375,0.033203125,13.0,36.0,3.0,4.949491971602842,5.917072756348697,6.9784499659923895,Transient_Shock
4.9259480874752626e-05,2.7522430173121393e-05,8.729239561944269e-05,0.0070185098756611166,0.005246182438032573,0.009343039956001616,0.03662109375,0.02783203125,0.04345703125,20.0,40.0,3.0,6.665114107066729,3.7897049724975913,9.727314313867755,Transient_Shock
4.983093458577059e-05,1.8301288946531713e-05,4.5410808525048196e-05,0.007059102959000569,0.004278000578135972,0.006738754226490843,0.0341796875,0.018798828125,0.032470703125,20.0,32.0,4.0,6.029238417904354,4.249705712950707,6.925485829338245,Transient_Shock
3.3567917853360996e-05,4.698973134509288e-05,7.986171112861484e-05,0.005793782689518221,0.0068549056408599,0.008936537983392386,0.02685546875,0.029296875,0.040283203125,20.0,35.0,4.0,7.639960678337956,6.749408429762882,5.926168731109357,Transient_Shock
4.3868087232112885e-05,4.798184090759605e-05,8.809711653157137e-05,0.006623298817969252,0.006926892586693982,0.00938600642081452,0.0302734375,0.028564453125,0.042724609375,20.0,39.0,5.0,8.629437921436299,8.110671196049585,5.033911219556503,Transient_Shock
5.9755340771516785e-05,4.204644574201666e-05,8.841947055771016e-05,0.007730157874941287,0.0064843230750801315,0.009403162795448675,0.03564453125,0.025390625,0.042236328125,20.0,42.0,5.0,8.111857543734704,7.4225879752428305,7.272110603231807,Transient_Shock
5.235470598563552e-05,2.577247505541891e-05,0.00010282365474267863,0.007235655187032859,0.005076659832549243,0.01014019993603078,0.03076171875,0.02294921875,0.04736328125,20.0,44.0,6.0,8.698723224682318,4.2798494479330715,4.5482047287369465,Transient_Shock
5.788742782897316e-05,3.201229264959693e-05,0.00013956013935967349,0.007608378791107417,0.005657940672152451,0.01181355743879351,0.031005859375,0.033935546875,0.05322265625,20.0,47.0,6.0,8.727801113036676,3.5578835859476,7.976313671792245,Transient_Shock
4.136304778512567e-05,3.3087471820181236e-05,0.000158974315127125,0.0064314110259822204,0.005752171052757492,0.012608501700326055,0.0283203125,0.029052734375,0.05810546875,20.0,31.0,6.0,9.550695080225035,3.5766457791092607,8.965879491244687,Transient_Shock
4.98365807288792e-05,3.8083871913840994e-05,0.00017643477985984646,0.007059502866978609,0.006171213163863406,0.013282875436434931,0.034423828125,0.033203125,0.053955078125,20.0,38.0,6.0,4.000105175872351,4.6769523520127745,6.464729288875272,Transient_Shock
5.901825716136955e-05,4.4850268750451505e-05,0.00018194774384028278,0.007682334095922251,0.006697034325016672,0.013488800682057793,0.033203125,0.03466796875,0.062744140625,20.0,26.0,7.0,8.45907428554264,5.048780378977437,6.555567971562252,Transient_Shock
8.137942859320901e-05,6.628059418289922e-05,0.00021418032338260673,0.009021054738399996,0.008141289466841185,0.014634900866852728,0.0458984375,0.04541015625,0.069580078125,20.0,34.0,7.0,4.870138614085842,5.79754557761546,7.373048546015648,Transient_Shock
4.7038294724188745e-05,4.422687561600469e-05,0.00021993921836838126,0.006858446961535005,0.006650328985546857,0.014830347884266952,0.033447265625,0.036376953125,0.077392578125,7.0,28.0,7.0,4.149255160533508,5.182175982868852,9.051717791651612,Transient_Shock
3.968315650126897e-05,6.605247835977934e-05,0.00024853128707036376,0.006299456841765722,0.00812726758263682,0.01576487510481335,0.034912109375,0.045654296875,0.0791015625,14.0,28.0,7.0,3.5664389879443035,4.895926391056814,9.237303522966096,Transient_Shock
6.249136276892386e-05,8.546501339878887e-05,0.0002735016714723315,0.00790514786508917,0.0092447289521537,0.01653788594326166,0.041015625,0.050537109375,0.085205078125,15.0,29.0,7.0,6.707832582570241,7.565720342979563,8.41156137523593,Transient_Shock
6.336959995678626e-05,9.526137364446186e-05,0.00031105262678465806,0.007960502493987817,0.009760193320035308,0.01763668412102054,0.041259765625,0.04736328125,0.091064453125,14.0,29.0,7.0,4.32951673935209,8.265866971842744,7.603407207355913,Transient_Shock
6.008747368468903e-05,0.00010282921357429586,0.0003100673056906089,0.007751611038015842,0.010140474031044892,0.017608728111099023,0.0458984375,0.047119140625,0.0830078125,24.0,37.0,7.0,3.639565967607853,5.320033467861264,6.556714236396993,Transient_Shock
7.693096631555818e-05,9.776631122804247e-05,0.0002994279930135235,0.008771029946109989,0.009887684826492119,0.017303987777778956,0.044677734375,0.04833984375,0.082763671875,22.0,30.0,7.0,8.532123369325918,8.67925026986409,6.464807912051489,Transient_Shock
0.00011936487499042414,0.00010608438969939016,0.0003478476864984259,0.010925423332321002,0.010299727651709542,0.018650675229021224,0.051513671875,0.053466796875,0.082275390625,20.0,30.0,8.0,8.782909713825845,6.178904529351513,6.398173311359826,Transient_Shock
5.363209857023321e-05,0.00013584919724962674,0.0004534360341494903,0.00732339392428355,0.011655436381775963,0.02129403752578384,0.042724609375,0.05859375,0.101806640625,30.0,30.0,8.0,3.658231393522243,6.091845009976597,5.705674583714773,Transient_Shock
9.079906158149242e-05,0.00016678595784469508,0.0005007210966141429,0.009528854158895098,0.012914563788401646,0.02237679817610515,0.044921875,0.065673828125,0.1015625,19.0,31.0,31.0,5.270588779981225,10.070239289786569,6.479044132517893,Transient_Shock
4.613886994775385e-05,0.00011906282452400774,0.0004223132818879094,0.006792559896515734,0.010911591292016382,0.02055026233136476,0.03369140625,0.055419921875,0.095947265625,20.0,31.0,8.0,4.78927403735928,9.887597669345222,7.333645121951337,Transient_Shock
5.58114807063248e-05,0.00017053143528755754,0.0005305521735863294,0.00747070817970591,0.013058768521095606,0.023033718188480327,0.0390625,0.06396484375,0.107177734375,8.0,31.0,8.0,6.286607707923977,11.099266290688602,7.6904203499339525,Transient_Shock
4.732035085908137e-05,0.00014859845032333396,0.0004615389589162078,0.006878978911079854,0.012190096403365068,0.021483457797016936,0.0341796875,0.0595703125,0.09375,31.0,31.0,8.0,5.15924438609932,8.624522329203073,8.558938904290672,Transient_Shock
5.2116225560894236e-05,0.00017120688789873384,0.0004604345558618661,0.007219156845566817,0.0130846049959001,0.021457738833853535,0.03759765625,0.06201171875,0.091552734375,8.0,32.0,8.0,5.2121547487035,7.770030280051663,7.615116559053138,Transient_Shock
5.526769382413477e-05,0.00017829634816735052,0.0004957687015121337,0.007434224493794546,0.013352765562509908,0.022265864041445455,0.035888671875,0.062255859375,0.11376953125,8.0,32.0,8.0,6.541648847046603,9.692308421063265,7.388306949075442,Transient_Shock
7.844320134609006e-05,0.00018995656500919722,0.0004510018588916864,0.00885681665984399,0.013782473109322478,0.02123680434744565,0.039306640625,0.0673828125,0.095458984375,20.0,32.0,8.0,5.9915168221869735,9.227922292153018,8.626864407134734,Transient_Shock
5.0391070544719696e-05,0.00017137580653070472,0.00048610748490318656,0.007098666814601154,0.013091058266263455,0.022047845357385527,0.039306640625,0.062744140625,0.09912109375,32.0,32.0,8.0,5.109068811509854,10.911444449257496,10.470194862577246,Transient_Shock
3.728319643414579e-05,0.0001932910963660106,0.000554938040295383,0.0061059967600831395,0.013902916829428657,0.02355712292058143,0.031494140625,0.06201171875,0.109619140625,8.0,32.0,8.0,4.368563130265419,16.925766236992835,10.78284703884044,Transient_Shock
3.831624053418636e-05,0.00024131498867063783,0.0005551140893658157,0.006190011351700929,0.01553431648546655,0.023560859266287718,0.032958984375,0.067626953125,0.094970703125,8.0,32.0,8.0,6.286955840161345,17.448604922781726,10.991198998221703,Transient_Shock
4.64926561107859e-05,0.00022410890960600227,0.0005883026133233216,0.00681855234714715,0.014970267519520226,0.024254950284907234,0.039306640625,0.059814453125,0.111328125,8.0,32.0,32.0,6.337299201854726,18.432369347825034,9.757433666870929,Transient_Shock
7.920955249574035e-05,0.00021080582155263983,0.0005540186211874243,0.008899974859275748,0.014519153610064185,0.02353760015777786,0.0458984375,0.072265625,0.122314453125,32.0,32.0,8.0,8.084182508580582,13.774418403801063,10.191827906487893,Transient_Shock
3.925658529624343e-05,0.00020410597426234744,0.00047056557377800345,0.006265507584884359,0.014286566216636784,0.021692523453439055,0.035400390625,0.06689453125,0.094970703125,8.0,32.0,8.0,5.576607800997887,14.90061463618196,11.034824511233593,Transient_Shock
6.917765131220222e-05,0.00019062025239691138,0.00043374282176955603,0.008317310341222227,0.01380652933929854,0.02082649326625959,0.0458984375,0.05712890625,0.089111328125,32.0,32.0,8.0,6.888305614327053,13.028720764239313,10.20637969287184,Transient_Shock
0.00040854414692148566,0.00022192680262378417,0.0005345197714632377,0.020212475032055963,0.014897207880129222,0.023119683636746366,0.128173828125,0.068359375,0.118408203125,5.0,32.0,8.0,4.627861212947107,9.997859340978048,9.095113090712127,Transient_Shock
0.00010716785618569702,0.0002370530528423842,0.0007423683418892324,0.010352190888198354,0.015396527298140455,0.02724643723295272,0.0576171875,0.0673828125,0.150634765625,8.0,32.0,8.0,4.186611397151151,13.361804098045182,7.7810736114657155,Transient_Shock
7.358775110333227e-05,0.0001885001220216509,0.00048369349678978324,0.008578330321416416,0.013729534661511689,0.021993032914761512,0.04052734375,0.056640625,0.09375,32.0,32.0,8.0,5.186606337407989,13.199459645615795,9.488916250895846,Transient_Shock
8.041385081014596e-05,0.00019667340893647633,0.0005202481370361056,0.008967377030667661,0.014024029696791016,0.022808948617507683,0.050048828125,0.063232421875,0.1123046875,32.0,32.0,8.0,4.80570111818041,11.6138787538332,9.386929255264352,Transient_Shock
8.035566133912653e-05,0.00020661059534177184,0.0005117738619446754,0.008964131934500214,0.014373955452197973,0.022622419453822252,0.04248046875,0.0703125,0.099365234375,32.0,32.0,8.0,4.971846459439173,10.810517355182872,8.361692027952477,Transient_Shock
7.132807513698936e-05,0.00023888214127509855,0.0005514207550731953,0.008445595013792063,0.015455812540112492,0.023482349862677613,0.04345703125,0.069091796875,0.109130859375,32.0,32.0,8.0,4.948953846495075,9.020357426812554,7.939911707370418,Transient_Shock
8.540862108930014e-05,0.00019966693071182817,0.0005703242459276225,0.009241678477922727,0.014130354939343462,0.023881462390892703,0.05078125,0.0673828125,0.110595703125,32.0,32.0,8.0,4.596991870764806,9.998388249124142,8.029673699819714,Transient_Shock
7.290892244782299e-05,0.00020546627638395876,0.00046277068031486124,0.008538672171234997,0.014334094892387128,0.02151210543658759,0.04052734375,0.061767578125,0.092529296875,35.0,32.0,8.0,6.714483237159628,10.302966282926054,9.914781888143269,Transient_Shock
4.877336323261261e-05,0.0001773044787114486,0.0005125436255184468,0.0069837928973168015,0.01331557278946154,0.022639426351355435,0.036376953125,0.06787109375,0.102294921875,8.0,32.0,8.0,4.507299927162334,9.627540654398759,8.535163947564522,Transient_Shock
7.852539420127869e-05,0.00024174503050744534,0.0005832405149703845,0.008861455535140866,0.015548151996537895,0.024150372977873126,0.043701171875,0.061279296875,0.11083984375,32.0,32.0,8.0,5.01619618710239,9.345554229934852,7.658907678198752,Transient_Shock
9.601312558515929e-05,0.00022287125102593563,0.0005477093945955858,0.009798628760452111,0.014928873066174004,0.02340319197450608,0.05712890625,0.0595703125,0.1103515625,13.0,32.0,8.0,7.550975634795413,9.080115237653235,8.466306487693348,Transient_Shock
0.00013690476407646202,0.00023217090347316116,0.000571090480661951,0.011700630926427088,0.015237155360275131,0.02389749946462916,0.061279296875,0.062744140625,0.10546875,13.0,32.0,8.0,7.85608727154025,8.867419929844207,8.335277201812156,Transient_Shock
9.900558507069945e-05,0.0001928738784044981,0.0005694957071682438,0.00995015502747065,0.01388790403208843,0.02386410918446871,0.05517578125,0.055419921875,0.114501953125,13.0,33.0,8.0,6.016654773308942,8.203482670825355,8.72646104415774,Transient_Shock
0.00010147707871510647,0.00022653786800219677,0.0005473447345138993,0.010073583211306018,0.015051174970818617,0.02339539985796138,0.044677734375,0.064453125,0.09423828125,13.0,33.0,8.0,7.370075829377404,8.842781898359048,8.702073566341902,Transient_Shock
0.00010807992657646537,0.00021098785509821028,0.0005272810813039541,0.010396149603409205,0.01452542099555845,0.022962601797356375,0.055908203125,0.070556640625,0.108642578125,13.0,33.0,8.0,8.533074816857914,9.63682207930821,8.813247166568189,Transient_Shock
0.00010676000601961277,0.0002296889288118109,0.0005480383842950687,0.010332473373767423,0.015155491704719148,0.023410219654994027,0.0517578125,0.075927734375,0.103759765625,13.0,33.0,8.0,9.206522766224765,9.35551508696812,8.81395822849586,Transient_Shock
9.976600995287299e-05,0.0003040226256416645,0.0005914754583500326,0.009988293645707108,0.01743624459686387,0.02432026846788564,0.04736328125,0.07568359375,0.106689453125,13.0,33.0,8.0,9.45569780700242,11.893741095070686,6.9689321868101475,Transient_Shock
8.488769162795506e-05,0.00018778139201458544,0.00051191553575336,0.009213451667423836,0.013703335069047442,0.02262555050718899,0.043212890625,0.07080078125,0.099365234375,13.0,33.0,8.0,8.334067318022596,6.865021395290643,8.929264608041864,Transient_Shock
9.191120261675678e-05,0.0002522088434488978,0.00047663609439041466,0.009587033045565076,0.015881084454435025,0.021831997031660083,0.046630859375,0.071044921875,0.093017578125,13.0,33.0,8.0,8.37941658832363,12.941782912074146,9.414571410114267,Transient_Shock
8.304411312565207e-05,0.00017633332390687428,0.0005827762324770447,0.009112854279842956,0.013279055836424301,0.024140758738636296,0.050537109375,0.0634765625,0.114501953125,13.0,32.0,8.0,6.72438527622787,7.8152619355303345,8.986444807387901,Transient_Shock
8.55929683893919e-05,0.0003109289646090474,0.000560791257157689,0.009251646793376403,0.01763317794979247,0.02368103158981232,0.046875,0.0732421875,0.105224609375,13.0,33.0,8.0,7.184823258111905,11.201217586318913,7.873621433107355,Transient_Shock
6.875902181491256e-05,0.00018243267186335288,0.0005227235924394336,0.008292105993950666,0.01350676393009639,0.022863149224011847,0.0400390625,0.056884765625,0.10400390625,13.0,32.0,8.0,6.388688978533423,6.2457090335589545,8.50721338203451,Transient_Shock
7.976019696798176e-05,0.0002143902202078607,0.000554429479961982,0.008930856452098072,0.01464207021591758,0.023546326251922656,0.042236328125,0.06298828125,0.122314453125,13.0,33.0,8.0,6.423797754553359,9.843036111019938,8.026538210702075,Transient_Shock
8.359643106814474e-05,0.000242435242398642,0.0005861780919076409,0.009143108392015526,0.015570332122297264,0.02421111504882914,0.048583984375,0.07177734375,0.10302734375,13.0,33.0,8.0,6.844134749566477,9.07809562220333,8.2850309450806,Transient_Shock
6.460188524215482e-05,0.00018974585327669047,0.0005102403811179101,0.008037529797279437,0.013774826796613106,0.02258850108169885,0.04296875,0.060302734375,0.101806640625,13.0,32.0,8.0,6.5235711513238295,8.215014538829523,9.380209940258817,Transient_Shock
6.908498107804917e-05,0.00024246881002909504,0.0005134475031809416,0.008311737548674715,0.015571410020582434,0.022659380026402786,0.040771484375,0.066162109375,0.106201171875,32.0,33.0,8.0,6.210968913172537,9.272150862300085,9.420094191688841,Transient_Shock
7.096082845237106e-05,0.00018150311370845884,0.00047567869478370994,0.008423825048775115,0.013472309145371437,0.021810059486019516,0.059326171875,0.05859375,0.099853515625,8.0,33.0,8.0,3.5326089564718597,7.832851849267409,7.828842578655379,Transient_Shock
7.379779344773851e-05,0.00020839912758674473,0.0006356089725159109,0.008590564210093452,0.014436035729615826,0.025211286609689534,0.039794921875,0.06298828125,0.120849609375,33.0,33.0,8.0,6.071035317057714,8.339894908733516,8.002419157824765,Transient_Shock
6.502674295916222e-05,0.00024828125242493115,0.0005832844763062894,0.008063916105662448,0.01575694299110494,0.02415128311925247,0.038818359375,0.0625,0.113525390625,33.0,33.0,8.0,6.595379840258911,10.000356163062552,9.329093858804292,Transient_Shock
5.140094071975909e-05,0.00021857063984498382,0.000502456387039274,0.007169444938051975,0.014784134734403086,0.022415538963836537,0.0380859375,0.063232421875,0.10107421875,33.0,33.0,8.0,7.530217071966903,12.971145522667062,8.061390155736222,Transient_Shock
6.480921001639217e-05,0.00021816888693138026,0.0005212574578763451,0.00805041676041633,0.014770541186137368,0.022831063441643387,0.040771484375,0.0615234375,0.103515625,15.0,33.0,8.0,5.753070291056642,12.603438997696928,8.350394557498614,Transient_Shock
8.892383993952535e-05,0.0002666376531124115,0.0005838567121827509,0.009429943793020474,0.016329043239345392,0.02416312711928551,0.045654296875,0.06982421875,0.104248046875,15.0,33.0,8.0,7.945059760696909,13.731015601695951,8.116469144049002,Transient_Shock
0.00012591351696755737,0.00017535261576995254,0.0005225121130933985,0.011221119238630225,0.013242077471830186,0.022858523860770155,0.05126953125,0.054443359375,0.1005859375,15.0,33.0,8.0,9.728415569179605,12.35605769914679,8.162011911861383,Transient_Shock
0.0001407004747306928,0.00022024469217285514,0.000638707682810491,0.01186172309281804,0.014840643253338285,0.02527266671347705,0.056396484375,0.064453125,0.111328125,15.0,33.0,8.0,8.36224585012278,12.044746105174646,7.301457394873343,Transient_Shock
0.00010951771400868893,0.00020634516840800643,0.000589069677516818,0.010465071142074903,0.014364719572898262,0.024270757662603327,0.054443359375,0.059814453125,0.1220703125,15.0,33.0,8.0,6.45403633624734,13.450320922316267,7.921625243610506,Transient_Shock
6.892460805829614e-05,0.00018566794460639358,0.00048112064541783184,0.008302084561018164,0.013626002517480817,0.021934462505788278,0.0419921875,0.056884765625,0.1083984375,20.0,33.0,8.0,4.848474634815304,10.46051742485826,8.237671729167078,Transient_Shock
8.113786680041812e-05,0.00018907335106632672,0.000862492190208286,0.009007656010329108,0.013750394578568526,0.02936821734815183,0.04248046875,0.060302734375,0.13671875,3.0,33.0,3.0,4.917923285164854,9.31862435342913,6.260040516506397,Transient_Shock
0.00032519792148377746,0.00017067923909053206,0.003805503118201159,0.01803324489612941,0.013064426473846147,0.06168876006373575,0.108154296875,0.075927734375,0.353759765625,4.0,33.0,4.0,7.178684919554258,6.723857178596418,7.634861236899347,Transient_Shock
7.750553777441382e-05,9.138789027929306e-05,0.0008718656572455075,0.008803722949662479,0.009559701369775787,0.029527371322986194,0.04296875,0.048828125,0.1513671875,1.0,33.0,8.0,3.810061685619689,4.330059783227629,6.6769993011966475,Transient_Shock
6.932835094630718e-05,8.084316141321324e-05,0.0005673044906870928,0.008326364809825905,0.00899128252326737,0.023818154644873156,0.038330078125,0.052734375,0.110595703125,8.0,49.0,8.0,6.058399677288986,5.245629270197618,9.742381236160934,Transient_Shock
5.3090941946720704e-05,7.538433055742644e-05,0.0005445878341561183,0.00728635313080012,0.008682415018727591,0.023336405767729492,0.03662109375,0.0400390625,0.10546875,22.0,33.0,8.0,5.962262353816279,6.341045626423329,10.399829193406019,Transient_Shock
5.139094719197601e-05,7.597499279654585e-05,0.0005813163552375045,0.0071687479514888795,0.00871636350759569,0.024110503006729338,0.031494140625,0.047607421875,0.109375,8.0,33.0,8.0,6.087978436959208,5.972948689971763,9.71490645551296,Transient_Shock
0.00013198624583310448,0.00029555309083661996,0.0015236154686135706,0.011488526704199475,0.01719165759421179,0.039033517246253514,0.072998046875,0.150146484375,0.194580078125,3.0,33.0,3.0,5.808411799171069,7.104460668154358,7.605426368450496,Transient_Shock
6.520177339552902e-05,0.0001704137393971905,0.0005156883235031273,0.008074761507037159,0.013054261350118225,0.022708771950572918,0.043212890625,0.0595703125,0.117431640625,33.0,33.0,8.0,4.258512885453298,10.873342939789937,7.540130356879576,Transient_Shock
6.3077164668357e-05,0.00020456570200622082,0.0005391520353441592,0.007942113362849777,0.014302646678367637,0.023219647614556065,0.039794921875,0.068359375,0.1044921875,33.0,33.0,8.0,5.686934302925552,10.580339196426705,8.553900893046183,Transient_Shock
6.281095556914806e-05,0.00022357091074809432,0.00048455851720063947,0.007925336306375147,0.01495228780983346,0.022012689912880693,0.0439453125,0.067626953125,0.093017578125,33.0,33.0,8.0,4.606176159633363,10.613948927950434,8.911454709023355,Transient_Shock
5.615045301965438e-05,0.00017598595877643675,0.0005051420157542452,0.007493360595864473,0.013265969952341847,0.022475364641185363,0.03955078125,0.0576171875,0.10888671875,33.0,33.0,8.0,5.120136695790061,9.26608707894523,8.316893878542299,Transient_Shock
4.404864375828765e-05,0.00010972782911267132,0.0001943786883202847,0.00663691522910212,0.01047510520771373,0.013941975768171622,0.04443359375,0.052734375,0.084716796875,20.0,38.0,9.0,4.133835248453862,5.615729741460728,4.422172226921914,Transient_Shock
3.390753408893943e-05,4.323082976043224e-05,6.964863496250473e-05,0.005823017610220617,0.006575015571117094,0.008345575771779004,0.02783203125,0.0322265625,0.04248046875,13.0,40.0,5.0,8.606719556032225,5.807014859803024,5.406591071113193,Transient_Shock
3.2633295631967485e-05,3.681167436297983e-05,0.00014464334526564926,0.005712555963136596,0.006067262509812793,0.012026776179244763,0.0302734375,0.02734375,0.0595703125,13.0,44.0,3.0,4.369803896728904,4.478585216665531,4.506801187109817,Transient_Shock
3.846069739665836e-05,3.557000309228897e-05,0.00012301117749302648,0.006201668920271249,0.0059640592797430315,0.011091040415264318,0.03173828125,0.02978515625,0.0498046875,13.0,46.0,6.0,6.971257059840774,6.018718758434424,7.127393814056812,Transient_Shock
3.393535371287726e-05,3.851676228805445e-05,0.00017088956883526407,0.005825405883960126,0.006206187419668733,0.013072473707575933,0.029541015625,0.02734375,0.05908203125,13.0,48.0,6.0,5.5447671226104625,4.447728844791709,7.3824876048643375,Transient_Shock
2.605441477498971e-05,3.5478500649333e-05,0.00017235410268767737,0.0051043525323972005,0.0059563831852335524,0.013128370145896915,0.023681640625,0.031005859375,0.06396484375,13.0,38.0,6.0,4.100941090263922,4.142471201656262,5.3327485740121965,Transient_Shock
3.598269177018665e-05,4.299030115362257e-05,0.00021490940343937837,0.0059985574741088085,0.006556698952492982,0.014659788656027016,0.037353515625,0.038330078125,0.08349609375,13.0,39.0,7.0,4.388437321392644,3.2976451404068836,5.472609391476177,Transient_Shock
8.782627992331982e-05,4.256405736668967e-05,0.0002346915971429553,0.009371567634249876,0.006524113531100579,0.015319647422279512,0.036865234375,0.031005859375,0.089599609375,13.0,34.0,7.0,10.158749041047768,4.356783930919891,7.508384264382372,Transient_Shock
5.4790489230072126e-05,5.374843021854758e-05,0.0002654180243553128,0.007402059796439916,0.007331332090319438,0.016291655052673833,0.038818359375,0.041748046875,0.081787109375,13.0,28.0,7.0,7.4834074651216325,3.7376238013787133,7.747905294710856,Transient_Shock
6.801634663133882e-05,7.84176190791186e-05,0.00036611821269616485,0.008247202351788078,0.00885537232865556,0.01913421575858715,0.046875,0.05078125,0.094482421875,13.0,28.0,7.0,8.813312267511673,5.527792490740437,8.514396162967154,Transient_Shock
5.8760862884810194e-05,8.598816566518508e-05,0.0003592315479181707,0.007665563442096751,0.009272980408972354,0.01895340465241458,0.035888671875,0.05126953125,0.0966796875,13.0,29.0,7.0,6.305174707588422,7.561543403983613,8.17415925442562,Transient_Shock
0.00010563431715127081,7.674962034798227e-05,0.0004139249176660087,0.010277855668925829,0.008760686066055687,0.02034514481801515,0.04931640625,0.051025390625,0.09814453125,13.0,29.0,7.0,11.174267531283116,5.508890593681404,6.546273959698965,Transient_Shock
9.618445983505808e-05,0.00012228521518409252,0.0004561599598673638,0.009807367630259307,0.011058264564753935,0.021357901579213343,0.041015625,0.06494140625,0.11328125,13.0,30.0,30.0,10.456617256942048,8.246689193496488,6.678181196588835,Transient_Shock
8.986377724795602e-05,0.00013021638369536959,0.0004407253254612442,0.00947965069229642,0.01141123935842946,0.020993459111381434,0.044921875,0.057861328125,0.101806640625,13.0,30.0,8.0,8.184161222460519,6.510215049532131,6.048435123691724,Transient_Shock
6.165239028632641e-05,0.0001429314143024385,0.00047335690760519356,0.00785190360908273,0.01195539268708638,0.021756766938246904,0.041015625,0.059814453125,0.097900390625,13.0,31.0,8.0,6.29586203379219,7.809237283151922,7.056289840739067,Transient_Shock
8.808567872620188e-05,0.0001430388329026755,0.0004992333088011947,0.009385397100080628,0.011959884318114265,0.022343529461595693,0.0517578125,0.06298828125,0.10986328125,15.0,31.0,8.0,6.152690986980672,11.49772570436045,7.948522725590441,Transient_Shock
0.00017172005027532578,0.00015133415217860602,0.00045773595047648996,0.013104199718995653,0.012301794673079453,0.021394764557631615,0.066650390625,0.060791015625,0.0986328125,15.0,31.0,8.0,7.74725085198769,9.544742709374653,7.508061962305623,Transient_Shock
0.00010055373059003614,0.00017227242642547935,0.0005118000226502772,0.010027648308054892,0.013125259099365596,0.022622997649521984,0.056884765625,0.06103515625,0.1015625,15.0,32.0,8.0,6.248516111307265,7.803639153990753,8.79316341255305,Transient_Shock
0.00011171767255291343,0.00019777797569986433,0.0005478566599776968,0.010569658109556497,0.014063355776622603,0.023406338030065636,0.0595703125,0.0703125,0.099853515625,32.0,32.0,8.0,5.782762934155277,13.335070861077655,10.36622808248051,Transient_Shock
9.808666072785854e-05,0.00012256166883162223,0.0006885489528940525,0.00990387099713332,0.011070757373893722,0.026240216327119953,0.05078125,0.064453125,0.131103515625,32.0,32.0,8.0,5.226381733043433,13.200371686646442,10.005543662862861,Transient_Shock
8.217119830078445e-05,0.00018959139924845658,0.0005633682849293109,0.009064833054214757,0.013769219267934424,0.023735380446272835,0.03955078125,0.060546875,0.104736328125,32.0,32.0,8.0,6.890081109911214,13.472767018452286,10.37134954335091,Transient_Shock
6.549706449732184e-05,0.00017480597307439893,0.0005709149372705724,0.008093025670126213,0.01322142099300975,0.023893826342186644,0.04296875,0.0634765625,0.10986328125,8.0,32.0,8.0,4.70073430659473,10.143986993531142,9.11934765955358,Transient_Shock
6.4779058448039e-05,0.00019810290177701972,0.0005547172477236018,0.008048543871287464,0.014074903259952436,0.02355243613139842,0.03662109375,0.062744140625,0.1005859375,32.0,32.0,8.0,4.956379758116605,8.335132576642064,8.565494000833196,Transient_Shock
7.343667311943136e-05,0.00021206225210335106,0.000602340525801992,0.008569520005194653,0.014562357367656896,0.02454262670950263,0.044189453125,0.062744140625,0.111083984375,32.0,33.0,8.0,4.13706871535139,8.659979490077694,7.792062167621025,Transient_Shock
7.891872883192264e-05,0.0002034911303780973,0.0005915182373428252,0.008883621380491327,0.014265031734212766,0.024321147944593922,0.05419921875,0.059814453125,0.116455078125,22.0,33.0,8.0,6.6601517074839505,9.705581314089162,8.185877664013972,Transient_Shock
5.827544009662233e-05,0.00021320022642612457,0.0005343554075807333,0.007633835215448545,0.014601377552345004,0.023116128732569675,0.038818359375,0.057861328125,0.1103515625,33.0,33.0,8.0,5.6797089414436295,10.884516895564566,7.356956238702114,Transient_Shock
8.379615610465407e-05,0.000247910382313421,0.00064962569376803,0.009154024038894265,0.01574517012653153,0.025487755761699187,0.044677734375,0.06689453125,0.14794921875,33.0,33.0,8.0,5.456883760597753,13.094439219398684,7.859808397988457,Transient_Shock
7.697345790802501e-05,0.00021708477288484573,0.0005289661785354838,0.008773451880988749,0.01473379696089388,0.02299926473901902,0.04638671875,0.0654296875,0.119140625,33.0,33.0,8.0,5.977136861505821,14.820220183385969,7.84796870484678,Transient_Shock
0.000108423027995741,0.0002910654256993439,0.0006996334996074438,0.010412637898042023,0.01706063966266634,0.02645058599743007,0.05078125,0.0673828125,0.115966796875,33.0,33.0,8.0,6.064695600578231,15.098135035550857,7.328247481101805,Transient_Shock
6.633991142734885e-05,0.000236913616390666,0.0005467258124554064,0.008144931640434366,0.015391998453438917,0.02338216868588982,0.042236328125,0.071044921875,0.114990234375,33.0,33.0,8.0,5.958872395298679,11.97863240289883,7.286072139961744,Transient_Shock
7.257306424435228e-05,0.0002355700962652918,0.0006074371594877448,0.00851898258270037,0.015348292943037405,0.024646240270835323,0.042724609375,0.070068359375,0.1083984375,33.0,33.0,8.0,6.340910937703725,13.527749067379624,7.100933855652351,Transient_Shock
6.148706597741693e-05,0.0002627309841045644,0.000754286753362976,0.007841368884156447,0.016208978502810237,0.027464281409914516,0.041748046875,0.069580078125,0.13134765625,33.0,33.0,8.0,4.934227486821818,9.61239188921603,6.047968057543897,Transient_Shock
5.827279164805077e-05,0.00027258820773568004,0.0006800214177928865,0.007633661745718811,0.016510245538321956,0.026077220285009032,0.03466796875,0.072265625,0.124755859375,34.0,34.0,8.0,5.106609900623936,7.79649141324845,5.9661037971857205,Transient_Shock
5.210315794101916e-05,0.00022438877203967422,0.0005701072186639067,0.007218251723306632,0.01497961187880628,0.02387691811486371,0.03662109375,0.060791015625,0.1064453125,33.0,33.0,8.0,5.578127776139993,8.96919413110429,7.089464428570363,Transient_Shock
5.60798762307968e-05,0.00023865675029810518,0.0006369437287503388,0.0074886498269579145,0.015448519356174726,0.025237744129583746,0.03759765625,0.058349609375,0.11181640625,33.0,33.0,8.0,5.477352710015927,8.408257926540953,6.491037881247029,Transient_Shock
7.377493602689356e-05,0.0002693959977477789,0.0006588271317014005,0.00858923372757393,0.016413287231623618,0.025667628088730764,0.044189453125,0.064208984375,0.12158203125,33.0,33.0,8.0,4.920118684121803,9.70859391112212,5.674637578508387,Transient_Shock
8.841953240334988e-05,0.000273244091658853,0.0006789015569665935,0.009403166084003297,0.016530096541123196,0.026055739424675584,0.04833984375,0.064208984375,0.11669921875,20.0,34.0,8.0,5.577901689160464,8.601512464219605,6.04985344016792,Transient_Shock
6.462740930146538e-05,0.0002621374442242086,0.0006616618484258652,0.00803911744543301,0.016190659165834127,0.025722788504084566,0.04150390625,0.064453125,0.114013671875,34.0,34.0,8.0,4.97388745049374,8.068294587271655,6.71405030792575,Transient_Shock
7.735280087217689e-05,0.00030385490026674233,0.0006994311552261934,0.008795044108597574,0.017431434257304885,0.02644676077001101,0.044677734375,0.08056640625,0.122314453125,33.0,34.0,8.0,5.531781974849778,8.46295207967757,6.436859544060953,Transient_Shock
6.602807843592018e-05,0.0002340752980671823,0.000604759141424438,0.008125766329148297,0.015299519537135221,0.024591851118296034,0.034912109375,0.062255859375,0.1162109375,34.0,34.0,8.0,4.182630861178199,8.483125318459436,5.982968454362356,Transient_Shock
9.53276721702423e-05,0.0002510868325771298,0.0006103082232584711,0.009763589102898703,0.015845719692621406,0.02470441707991652,0.052734375,0.061767578125,0.119873046875,34.0,34.0,8.0,4.030837236603248,8.602135039350449,6.322875908612048,Transient_Shock
9.906704872264527e-05,0.000258740721619688,0.0006666149565717205,0.009953243125868335,0.01608541953508481,0.02581888759361488,0.057861328125,0.060302734375,0.114990234375,13.0,33.0,8.0,5.379177301355127,8.289832225385844,6.049876451119114,Transient_Shock
6.036832564859651e-05,0.00026332191191613674,0.0006594940168724861,0.00776970563461683,0.01622719667459961,0.025680615585933413,0.038330078125,0.06494140625,0.129638671875,33.0,33.0,8.0,5.900845547715135,9.198735608196593,6.463864909417609,Transient_Shock
6.572400161530823e-05,0.0002552585065132007,0.0005930879233346786,0.00810703408253032,0.015976811525244976,0.0243533965461633,0.04150390625,0.060302734375,0.1064453125,34.0,33.0,8.0,4.417891814630368,8.759286231740177,6.628137038315208,Transient_Shock
8.648557923152111e-05,0.00023690889065619558,0.0006323533561953809,0.009299762321238168,0.015391844939973752,0.02514663707527074,0.052734375,0.060791015625,0.113525390625,34.0,34.0,8.0,4.537247763040422,8.689366139120981,5.937632564494247,Transient_Shock
8.214492117986083e-05,0.0002791188562696334,0.0007125348165573087,0.009063383539267266,0.016706850579017978,0.026693347795982966,0.04638671875,0.070556640625,0.120849609375,34.0,34.0,8.0,5.271887671943021,10.415067495020082,5.976807628539419,Transient_Shock
6.928247967152856e-05,0.00023757177405059338,0.000527762280398747,0.008323609774102132,0.015413363489212644,0.02297307729492823,0.040771484375,0.06494140625,0.114501953125,34.0,34.0,8.0,5.381801072407343,9.783904252390716,6.658492614204193,Transient_Shock
6.160264820209704e-05,0.00020883953766315244,0.0006014218088239431,0.007848735452421431,0.014451281523212827,0.024523902805710658,0.043212890625,0.06005859375,0.104736328125,34.0,34.0,8.0,4.48126035465391,10.375916321598305,5.922306287744523,Transient_Shock
6.199265772011131e-05,0.0002663740851858165,0.0007133730105124414,0.007873541624968481,0.01632097071824518,0.026709043609093184,0.04248046875,0.066650390625,0.120361328125,33.0,34.0,8.0,4.471758407523747,10.524783190438244,5.7332777907586125,Transient_Shock
6.101332473917864e-05,0.00023941123799886554,0.0005867807194590569,0.007811102658343356,0.015472919504698056,0.02422355711820741,0.03955078125,0.0625,0.10888671875,34.0,34.0,8.0,5.654561373968529,9.796183044652073,6.596749771149521,Transient_Shock
7.721106157987379e-05,0.00027315173065289855,0.0006134439281595405,0.008786982507088186,0.016527302582481466,0.02476780022851324,0.039794921875,0.0615234375,0.1162109375,34.0,34.0,8.0,5.9275714095760215,10.860291926616961,6.152061895310553,Transient_Shock
8.753666406846605e-05,0.00023155845337896608,0.0004958915378665552,0.0093561030385768,0.015217044830681353,0.022268622271405906,0.042236328125,0.05810546875,0.098388671875,12.0,34.0,8.0,3.89858979077169,8.684682099849413,6.858969664894328,Transient_Shock
0.000100687346275663,0.00024465656315442175,0.0006361732339428272,0.010034308460260877,0.015641501307560656,0.0252224747783168,0.05029296875,0.06103515625,0.12255859375,34.0,34.0,8.0,3.8706004918665213,9.07663784071823,6.062544350311651,Transient_Shock
9.731688987812959e-05,0.0002338070044061169,0.0005566065665334463,0.009864932330134333,0.015290748981201571,0.023592510814524306,0.05029296875,0.061279296875,0.105712890625,34.0,34.0,8.0,4.429616804720484,9.448165572948506,5.905457921371671,Transient_Shock
0.000342493352945894,0.0005547406290133949,0.0007004906328802463,0.018506575937917148,0.023552932492863707,0.026466783576404713,0.200439453125,0.15673828125,0.119873046875,34.0,34.0,8.0,2.9440059041826165,8.61332595555217,5.115463503259177,Transient_Shock
0.0001266674225917086,0.00022508291294798255,0.0008052713092183694,0.011254662260223921,0.015002763510366434,0.028377302712174205,0.052490234375,0.078857421875,0.159423828125,20.0,34.0,8.0,4.756128592020965,8.377458304775963,5.005769681037042,Transient_Shock
9.222980224876665e-05,0.0002845119706762489,0.0006667756097158417,0.009603634845659566,0.016867482641943016,0.025821998561611024,0.04638671875,0.072998046875,0.125,34.0,34.0,8.0,5.043126437162273,9.56308053285631,5.676946770097397,Transient_Shock
9.446427793591283e-05,0.00028347293846309185,0.0007178055202530231,0.00971927352922598,0.01683665461019771,0.026791892808329595,0.048828125,0.0732421875,0.118408203125,34.0,34.0,8.0,4.50301607144239,9.655199413146773,5.437509080807285,Transient_Shock
0.00011281772458460182,0.00025419843950658105,0.0006367704918375239,0.010621568838199083,0.01594360183605264,0.02523431179639191,0.0576171875,0.066162109375,0.126953125,13.0,34.0,8.0,5.369693527125259,12.52946128912846,5.449388933615489,Transient_Shock
0.00011924724094569683,0.0003034445544471964,0.0008162911981344223,0.010920038504771712,0.0174196599980366,0.028570810246375974,0.053955078125,0.072998046875,0.142822265625,34.0,34.0,8.0,5.008554978981429,12.458585763124402,5.068820523712197,Transient_Shock
7.328670471906662e-05,0.00023964465071912855,0.0005835429183207452,0.008560765428340307,0.015480460287702318,0.024156633008777222,0.044189453125,0.06884765625,0.1083984375,34.0,34.0,8.0,6.093140798078756,10.594056190432624,6.022307349706853,Transient_Shock
0.00949088256675168,0.22700882535627898,0.004531860318820691,0.09742116077501684,0.4764544315632703,0.06731909327093384,1.09130859375,3.99993896484375,0.5107421875,30.0,29.0,27.0,3.4654925550495577,3.703617276120458,2.39575504102896,Transient_Shock
0.00012568014426506124,0.0002387000095041003,0.0012006665892840829,0.011210715600043613,0.015449919401216962,0.034650636203164914,0.057373046875,0.0703125,0.184814453125,34.0,34.0,3.0,3.6743218418174104,8.496558812974882,4.984733980142644,Transient_Shock
9.212443546857685e-05,0.00023786371093592606,0.0006708083674311638,0.009598147501918109,0.015422830834056569,0.025899968483207924,0.047119140625,0.064697265625,0.126220703125,13.0,34.0,8.0,4.921130898443161,9.576327677102357,5.260671836501725,Transient_Shock
8.722743586986326e-05,0.0002668939850991592,0.0006596709390578326,0.009339562937839396,0.01633689031300508,0.025684060018965706,0.048828125,0.07080078125,0.10888671875,34.0,34.0,8.0,5.3631953578528195,9.815297531502608,5.25655981410789,Transient_Shock
8.43968264234718e-05,0.00023118313038139604,0.0005581257864832878,0.00918677453862191,0.015204707507262218,0.023624685955230977,0.052490234375,0.05859375,0.11767578125,34.0,34.0,8.0,5.922580364682235,10.498957026284407,5.583082133160467,Transient_Shock
0.012546656620543217,0.03632763426503516,0.007159633081755601,0.1120118592852704,0.19059809617368995,0.08461461506002141,1.638671875,2.568603515625,0.929931640625,26.0,30.0,25.0,1.8447073945554664,2.810480500375282,3.5307477649547505,Transient_Shock
0.0001204267464345321,0.00019452269407338463,0.0006231163824850228,0.010973912084326723,0.013947139279199324,0.02496229922272832,0.05712890625,0.059814453125,0.134521484375,13.0,34.0,8.0,7.200473182362311,9.436259476057108,5.653460792859162,Transient_Shock
0.00011075296424678527,0.00025116698452620767,0.0005543243460124359,0.010523923424597181,0.01584824862646367,0.02354409365451208,0.051025390625,0.066162109375,0.10986328125,13.0,34.0,8.0,7.961575076764226,10.929852846613896,5.835048345626704,Transient_Shock
8.550035636289977e-05,0.00024665696764714085,0.0005157738924026489,0.009246640274332064,0.015705316540813204,0.022710655921893776,0.0439453125,0.059814453125,0.10693359375,13.0,34.0,8.0,7.398875267089553,11.652577908146458,6.060915808830241,Transient_Shock
9.408255209564231e-05,0.0002496291090210434,0.0005907684098929167,0.009699616079806577,0.01579965534500811,0.024305727923535157,0.044921875,0.06005859375,0.1103515625,13.0,34.0,8.0,6.81539527971524,14.388922326949261,5.877530449906722,Transient_Shock
0.08070649589353707,0.06865173321398288,0.015792612684890628,0.2840888873108856,0.262014757626327,0.12566866230246357,3.8515625,3.40570068359375,0.9443359375,40.0,25.0,3.0,1.6247085534752537,2.515951133980355,3.944780427146998,Transient_Shock
0.00029456312768161297,0.0004586463182931766,0.0015833333272894379,0.017162841480407986,0.02141602947077671,0.0397911212117658,0.114501953125,0.1630859375,0.1982421875,34.0,34.0,2.0,3.560877653205019,8.872977178267966,6.290048482818504,Transient_Shock
9.174257502309047e-05,0.00024007247702684253,0.0007806165340298321,0.009578234441852553,0.015494272394237896,0.027939515636993997,0.044921875,0.06005859375,0.148193359375,34.0,34.0,8.0,5.143086278921967,10.280596166752568,5.160235034459963,Transient_Shock
0.00010423896310385317,0.0002558540982136037,0.0006482468452304602,0.0102097484348956,0.015995439919352133,0.025460692159296458,0.048828125,0.06396484375,0.13330078125,34.0,34.0,8.0,5.2243634311967,10.14076603360436,5.491577910583612,Transient_Shock
7.384063428617083e-05,0.00022447851006290875,0.0006690485024591908,0.00859305733055301,0.014982606918120383,0.025865971902466582,0.048095703125,0.0595703125,0.11962890625,34.0,34.0,8.0,5.493181869915011,10.090372569789535,6.202377661979973,Transient_Shock
8.265528595075011e-05,0.00023583949950989336,0.0006372978532453999,0.009091495253848517,0.015357066761263147,0.02524475892626824,0.050048828125,0.0576171875,0.120361328125,20.0,34.0,8.0,4.363865931778243,7.992773534909906,6.252692067750429,Transient_Shock
6.508082151412964e-05,0.00022454536519944668,0.0005120508976688143,0.008067268528698523,0.014984837843615349,0.022628541660231098,0.0439453125,0.060302734375,0.094482421875,34.0,34.0,8.0,4.735350445329117,8.84271391959717,7.0871062987650335,Transient_Shock
7.416096923407167e-05,0.00024663936346769333,0.0006354122888296843,0.008611676331241883,0.015704756077943183,0.025207385600844928,0.04345703125,0.060791015625,0.10400390625,34.0,34.0,8.0,3.9607254224112163,7.900486157272108,6.501757035829928,Transient_Shock
8.372641968890093e-05,0.00019054585936828516,0.0005447011790238321,0.009150214188143409,0.013803834951501165,0.023338834140201437,0.049560546875,0.05224609375,0.10400390625,15.0,34.0,8.0,4.595503558015229,7.756146316702382,5.735779428053445,Transient_Shock
9.496882557868958e-05,0.0002436131144349929,0.0006304608978098258,0.009745194999521024,0.01560811053378957,0.025108980421550887,0.048828125,0.068603515625,0.11669921875,34.0,34.0,8.0,3.9542832967648742,7.958170325550848,6.084379677736416,Transient_Shock
0.00011977179383393377,0.00023614742895006202,0.00059068124028272,0.010944030054506145,0.015367089150195688,0.02430393466668967,0.0498046875,0.0673828125,0.11083984375,20.0,34.0,8.0,6.975159986074067,7.69477530157406,6.6598320385681005,Transient_Shock
7.845402797101997e-05,0.0002163232675229665,0.0005964245647192001,0.008857427841705512,0.014707932129397609,0.024421805107714707,0.04443359375,0.056640625,0.1181640625,34.0,34.0,8.0,4.165780586488226,8.686727415336893,5.999925434745501,Transient_Shock
9.215982572641224e-05,0.0002554091588535812,0.0005821091908728704,0.009599990923246347,0.01598152554838183,0.024126939111144424,0.05224609375,0.066162109375,0.110595703125,14.0,34.0,8.0,6.189321153707651,7.619602766583016,6.652422036600755,Transient_Shock
0.02581930355154327,0.04614555496664252,0.01639364374568686,0.16068386213787392,0.21481516465706632,0.12803766533987904,2.411865234375,2.41259765625,1.13232421875,26.0,30.0,3.0,1.7898928977506872,2.850643129436594,3.78080291681151,Transient_Shock
0.00011056556468247436,0.00020665421834564768,0.0007682193390792236,0.010515016152268828,0.01437547280424709,0.027716769997227737,0.055908203125,0.053955078125,0.15087890625,34.0,34.0,8.0,3.8386623163084423,8.667112007130486,5.053773035442029,Transient_Shock
0.00010685069355531596,0.0002512063911126461,0.0007886049534135964,0.010336860913996857,0.015849491825060073,0.028082110914487826,0.048095703125,0.0625,0.13525390625,33.0,33.0,8.0,4.832714702506035,7.57699567616086,5.8690546613959045,Transient_Shock
7.439125329256058e-05,0.000202590072149178,0.0006250139413168654,0.00862503642268023,0.014233413931632074,0.02500027882478244,0.04296875,0.05810546875,0.1201171875,33.0,33.0,8.0,4.742177956185786,8.448167137320272,6.709251416627048,Transient_Shock
8.348548726644367e-05,0.00019562337547540665,0.0006750148277205881,0.009137039305291604,0.013986542656260934,0.02598104747158182,0.043212890625,0.05517578125,0.14453125,20.0,33.0,8.0,6.1287992464474055,8.62777341630283,6.102280097321439,Transient_Shock
7.245916640385985e-05,0.00020311550179030746,0.0007016344425210264,0.00851229501391134,0.01425185959060457,0.02648838316169989,0.04248046875,0.0595703125,0.11962890625,33.0,33.0,8.0,6.274791151987322,9.839557085488766,6.964978601349783,Transient_Shock
0.015887478770309826,0.132116272099438,0.03670895326285972,0.1260455424452203,0.3634780214805814,0.19159580700751183,1.687255859375,3.87200927734375,1.761962890625,22.0,27.0,2.0,1.8952159363304344,2.7539127221729798,6.0122589824247585,Transient_Shock
0.00017156166359200142,0.00015303841792047024,0.0018258496274938807,0.013098154969002369,0.012370869731771903,0.04272996170714269,0.068359375,0.06591796875,0.201416015625,3.0,33.0,3.0,6.285848052722884,6.667265766617181,7.611689773280688,Transient_Shock
7.89955047366675e-05,0.0002176042034989223,0.0006812050087319221,0.008887941535398817,0.014751413610190797,0.026099904381662438,0.045166015625,0.058837890625,0.125732421875,20.0,33.0,8.0,5.367475788190615,10.63756202937173,5.854411682230987,Transient_Shock
7.942818047013134e-05,0.00024059134011622518,0.0006169718653836753,0.008912248900817982,0.015511007063251089,0.024838918361790138,0.0458984375,0.06640625,0.12060546875,20.0,33.0,8.0,6.41219370670745,9.231243086167957,5.638021984993052,Transient_Shock
0.00012142407649662346,0.00024011438654270023,0.0006182428296597209,0.011019259344285506,0.015495624754836452,0.024864489330362706,0.054931640625,0.062255859375,0.126220703125,20.0,33.0,8.0,7.686329739733074,10.168781356557774,6.3997116331671124,Transient_Shock
9.778991443454288e-05,0.00022163355242810212,0.0005675714892277028,0.00988887832034265,0.014887362171590443,0.023823758923136013,0.054931640625,0.0634765625,0.11474609375,20.0,33.0,8.0,5.617055652300578,7.260148661164319,6.645793212443217,Transient_Shock
0.00011276709483354352,0.00020675535415648483,0.0005524691514438018,0.010619185224561418,0.014378990025606279,0.023504662334179614,0.05078125,0.059814453125,0.109619140625,20.0,34.0,8.0,7.58453254760036,7.716465223318644,5.9268319443223225,Transient_Shock
9.904451144393533e-05,0.0002231901598861441,0.0006633738375967368,0.009952110903920602,0.014939550190221394,0.02575604468074896,0.046875,0.057373046875,0.1064453125,20.0,34.0,8.0,5.4566637714539,8.615499175383198,6.647154896026944,Transient_Shock
8.95145203685388e-05,0.00024729565120651387,0.0006409915185940918,0.009461211358411712,0.01572563675043125,0.02531781030409407,0.0537109375,0.079345703125,0.115478515625,34.0,34.0,8.0,4.20799763423703,6.981327690507055,6.467424091723042,Transient_Shock
6.385499364114366e-05,0.00021094594558235258,0.0006584811344509944,0.007990931963240813,0.014523978297365793,0.02566088724987884,0.04736328125,0.068115234375,0.1142578125,33.0,33.0,8.0,4.288225645541857,8.161153898370372,6.3751572740849625,Transient_Shock
0.00010143214240088128,0.00022145922048366629,0.00063821186995483,0.010071352560648509,0.014881505988429609,0.02526285553841509,0.048095703125,0.06298828125,0.127197265625,42.0,33.0,8.0,4.076684440523262,10.278865402249195,6.203462013997776,Transient_Shock
8.402115417993627e-05,0.00021580367683782242,0.0006664355714747217,0.009166305372391664,0.014690257888744581,0.025815413447681245,0.0400390625,0.057861328125,0.124267578125,42.0,33.0,8.0,3.883557999484474,8.681146418242594,5.858752561988885,Transient_Shock
7.094650936778635e-05,0.00021658230980392545,0.0006710580637445673,0.008422975090060895,0.014716735704765695,0.025904788432731262,0.038818359375,0.062744140625,0.12744140625,33.0,33.0,8.0,5.442957861685986,9.430526721057788,7.069216471610649,Transient_Shock
7.214495781227015e-05,0.00018419463594909757,0.0006633680168306455,0.008493818800296492,0.01357183244625049,0.025755931682442505,0.038818359375,0.059814453125,0.12646484375,42.0,33.0,8.0,5.248439353187256,9.685226647298801,6.263176013131558,Transient_Shock
7.64294782129582e-05,0.00021919835126027465,0.0006902830064063892,0.008742395450502007,0.01480534873821872,0.02627323745575313,0.0390625,0.0634765625,0.11767578125,34.0,33.0,8.0,4.563267064096279,7.986670654464535,5.8448797531010515,Transient_Shock
7.61092196626123e-05,0.00020368952755234204,0.0006277686334215105,0.008724059815396288,0.014271984008971634,0.02505531148123109,0.0400390625,0.057373046875,0.110107421875,33.0,33.0,8.0,6.057199984103777,8.591627288883775,6.948942834441982,Transient_Shock
8.007336509763263e-05,0.00024659755581524223,0.0007051639222481754,0.008948372203793974,0.01570342497085404,0.02655492274980621,0.0380859375,0.0576171875,0.118896484375,33.0,33.0,8.0,3.9911650969692483,7.9732427840328635,6.114850746690766,Transient_Shock
9.758578380569816e-05,0.00023154629161581397,0.0006786083940824028,0.009878551705877646,0.015216645215546493,0.026050113129934827,0.04833984375,0.068115234375,0.138671875,42.0,34.0,8.0,4.130296976132832,8.083130651206993,5.34201609620551,Transient_Shock
0.06340060190996155,0.08764095971650931,0.04165259230649099,0.25179476148236596,0.296042158681005,0.20408966731927167,3.167236328125,3.24725341796875,1.685302734375,39.0,34.0,2.0,2.154761668497584,2.9031859415897134,5.7228313852908315,Transient_Shock
0.00011271610856056213,0.000170242041349411,0.0007931835098133888,0.010616784285298544,0.013047683370982414,0.02816351380444899,0.058837890625,0.06201171875,0.152099609375,3.0,34.0,3.0,3.7832853994919016,6.521938325495505,5.485266906906212,Transient_Shock
9.874967145151459e-05,0.00023319286628975533,0.0007205911351775285,0.00993728692609379,0.015270653761046228,0.0268438286236805,0.05419921875,0.073486328125,0.125244140625,34.0,34.0,8.0,4.37181225332723,9.58044077817718,5.066408412769994,Transient_Shock
8.39446292957291e-05,0.0002295580015925225,0.0007684661395614967,0.009162130172385083,0.01515117162441646,0.027721221826634855,0.048095703125,0.060546875,0.121337890625,34.0,34.0,8.0,5.485959192032584,9.829117824533425,5.743600921838862,Transient_Shock
9.664208846515976e-05,0.00024362275144085288,0.0007812145631760359,0.009830670804434444,0.015608419248625176,0.027950215798380446,0.050048828125,0.068359375,0.136474609375,34.0,34.0,8.0,4.8067212814267775,9.299254118800459,5.735781535240524,Transient_Shock
8.638712097308598e-05,0.0002217469154857099,0.0006211718973645475,0.009294467223735095,0.014891169043621455,0.02492332035192236,0.0498046875,0.064453125,0.11083984375,34.0,34.0,8.0,5.439404056758723,10.35619014531771,6.000970594787166,Transient_Shock
8.294415601994842e-05,0.00024276403928524815,0.0005833735303895082,0.009107368226878082,0.015580886986473143,0.024153126720768643,0.05126953125,0.068115234375,0.1162109375,34.0,34.0,8.0,5.712125532054405,10.879691408127075,5.363160640282324,Transient_Shock
6.641933214268647e-05,0.0002615440171211958,0.0005908302809984889,0.008149805650608268,0.016172322564220507,0.0243070006582155,0.045654296875,0.061767578125,0.110595703125,34.0,34.0,8.0,5.175174324868241,10.792470292648893,6.499974944585868,Transient_Shock
5.754391531809233e-05,0.0002452003209327813,0.0005893307825317606,0.007585770581693882,0.015658873552487143,0.02427613607087752,0.03857421875,0.06005859375,0.109375,34.0,34.0,8.0,6.551370128417578,10.866928206278127,5.753771011636588,Transient_Shock
6.325493086478673e-05,0.0002577593804744538,0.0005757843609899282,0.007953296855064995,0.016054886498336068,0.02399550710007872,0.038818359375,0.072265625,0.112060546875,34.0,34.0,8.0,5.724775616085119,9.745830613722589,6.461373986145342,Transient_Shock
8.35851787996944e-05,0.0002385107181908097,0.0005518924444913864,0.009142493029786482,0.015443792221822,0.02349239120420453,0.04443359375,0.063720703125,0.09716796875,34.0,34.0,8.0,5.848332793063851,11.239913330275,6.688295215729838,Transient_Shock
8.239032467827201e-05,0.0002721545606618747,0.000638923593214713,0.009076911626664215,0.01649710764533816,0.025276937971493166,0.044189453125,0.068359375,0.117919921875,34.0,34.0,8.0,5.769383772727117,10.122616181504284,5.968218171432676,Transient_Shock
6.143793871160597e-05,0.00022175046615302563,0.0006224298849701881,0.00783823568869972,0.014891288263713977,0.024948544746541592,0.035400390625,0.062744140625,0.113037109375,34.0,34.0,8.0,5.170158156721101,10.215114468878447,6.197355517692698,Transient_Shock
0.02897968735487666,0.32865514286095276,0.11598060274263844,0.17023421323246588,0.5732845217350219,0.34055924997368436,1.845947265625,3.99993896484375,3.223876953125,28.0,28.0,3.0,2.3084724192902204,3.498758935928488,4.882794919985724,Transient_Shock
0.0007822568150004372,0.00024025613311096095,0.011100456569693051,0.02796885437411474,0.015500197841026447,0.10535870429012048,0.14111328125,0.07861328125,0.478271484375,2.0,2.0,2.0,10.300758039458017,6.129416229443184,11.805419093970393,Transient_Shock
9.168259566649795e-05,0.00023727613370283507,0.0008249955972132739,0.009575102906313747,0.015403770113281848,0.028722736589908593,0.045654296875,0.070068359375,0.139892578125,34.0,34.0,8.0,4.154471114753526,7.041160757824759,5.40261142062683,Transient_Shock
8.171124136424623e-05,0.00024143000700860284,0.0006691172857244965,0.00903942704844982,0.015538018117141028,0.02586730147743472,0.05029296875,0.066162109375,0.11572265625,34.0,34.0,8.0,4.9778729500635075,9.673070168755682,6.107735830809867,Transient_Shock
0.00010151581591344438,0.0002444393467158079,0.0005992000187688973,0.010075505739834819,0.015634556172651908,0.024478562432644964,0.04931640625,0.0654296875,0.115234375,13.0,34.0,8.0,5.784933265515288,8.732012936338531,6.481095363591436,Transient_Shock
7.175536302383989e-05,0.0002397275202383753,0.0006948888149054255,0.008470853736421135,0.01548313664082234,0.026360743823068147,0.03955078125,0.0654296875,0.12158203125,34.0,34.0,8.0,4.24371566592782,7.515199576879705,6.5238426848678674,Transient_Shock
0.00012942258035764098,0.00025361784719279967,0.000866294838488102,0.011376404544391034,0.015925383737693723,0.029432887022650393,0.0595703125,0.072265625,0.12890625,15.0,34.0,8.0,4.512902620423725,7.932648323237259,5.382376046901498,Transient_Shock
9.402654541190714e-05,0.00021825054136570543,0.0006836288957856596,0.009696728593288932,0.014773305025135894,0.026146297936527448,0.050048828125,0.0625,0.110595703125,34.0,34.0,8.0,4.0521944292923004,8.135935548535468,6.321393762106854,Transient_Shock
0.00011035558054572903,0.00021965120322420262,0.0006333553319564089,0.010505026441933834,0.014820634373204225,0.02516655184876166,0.05322265625,0.06982421875,0.131591796875,14.0,33.0,8.0,5.786870060891711,7.061291671285177,5.401711060830568,Transient_Shock
6.988503446336836e-05,0.00024467153343721293,0.0006294200684351381,0.008359726937129486,0.015641979843907642,0.02508824562290353,0.04052734375,0.0615234375,0.11669921875,33.0,33.0,8.0,5.139944465179379,8.450664370569484,6.527758826029615,Transient_Shock
6.212837979546748e-05,0.00022562335652764887,0.0005757719627581537,0.007882155783506659,0.01502076417921701,0.023995248753829447,0.040771484375,0.057861328125,0.103759765625,33.0,34.0,8.0,4.6959589612665,8.448279973518659,6.879738042476439,Transient_Shock
6.787757956772111e-05,0.00022646899742539972,0.0005308845429681242,0.00823878507837904,0.015048886916493184,0.023040931903204873,0.038818359375,0.066162109375,0.107666015625,34.0,34.0,8.0,5.273083655345044,7.942474764346001,6.839149287700323,Transient_Shock
7.259752237587236e-05,0.0002476754452800378,0.0005501464147528168,0.008520417969552455,0.01573770775176734,0.023455200164415924,0.039306640625,0.0595703125,0.10791015625,33.0,33.0,8.0,5.201374304017711,9.981700863142834,6.367224694325717,Transient_Shock
6.695411866530776e-05,0.00024230297640315257,0.000522481044754386,0.008182549643314592,0.015566084170501988,0.022857844271811503,0.04150390625,0.062744140625,0.0927734375,14.0,34.0,8.0,4.548761958213262,8.094169073224561,6.536877941842179,Transient_Shock
8.05737181508448e-05,0.00022993743186816573,0.0005240243481239304,0.008976286434313736,0.01516368793757527,0.022891578104707645,0.044677734375,0.060302734375,0.095458984375,34.0,34.0,8.0,5.080711155499178,10.986006066454454,6.527692343268686,Transient_Shock
8.149583300109953e-05,0.00024435334125882946,0.0005307382925821003,0.009027504250959925,0.015631805438234878,0.02303775797646334,0.0419921875,0.071044921875,0.1044921875,42.0,33.0,8.0,4.272719325664272,8.29750650964194,7.029810950607566,Transient_Shock
7.336007183766924e-05,0.00022307595645543188,0.0005187846254557371,0.008565049435798326,0.014935727516777745,0.022776844062682107,0.043212890625,0.05859375,0.10107421875,34.0,34.0,8.0,5.452062772975088,9.660046697877808,7.095536303726267,Transient_Shock
0.00010410771574242972,0.00022697625900036655,0.0005173119097889867,0.010203318859196243,0.015065731279973321,0.022744491856029378,0.05126953125,0.063720703125,0.1005859375,13.0,33.0,8.0,3.9314405202146943,8.154402669385213,6.2206851676577966,Transient_Shock
9.079813025891781e-05,0.0002518943765608128,0.0004964929394191131,0.009528805290219641,0.015871180692085034,0.022282121519709767,0.0458984375,0.06494140625,0.09326171875,14.0,34.0,8.0,5.207227575251622,7.9422847500795335,7.1107217044276805,Transient_Shock
8.70882322487887e-05,0.00025832288883975707,0.0004995404160581529,0.009332107599507665,0.016072426351978007,0.022350400803076282,0.051513671875,0.060546875,0.099853515625,34.0,34.0,8.0,4.179670866838449,7.886641645239505,7.324446081974992,Transient_Shock
8.59722749737557e-05,0.0002487967685738113,0.0005591648186964449,0.00927212354176516,0.015773292889368767,0.023646666122234754,0.052978515625,0.0615234375,0.107421875,42.0,33.0,8.0,5.011216374895282,8.802749255385956,5.935634295329904,Transient_Shock
7.145691415644251e-05,0.00022961290960665792,0.00044507294660434127,0.00845321915937606,0.015152983521625632,0.02109675203922019,0.042236328125,0.06103515625,0.09521484375,34.0,34.0,8.0,4.497845463381642,8.01561664156776,5.8260811404158765,Transient_Shock
6.299040978774428e-05,0.00024914723690017127,0.0004727339510282036,0.00793664978361426,0.015784398528299114,0.021742445838226286,0.042236328125,0.060302734375,0.093994140625,34.0,34.0,8.0,6.021259567479584,11.418752882036824,6.929069336397538,Transient_Shock
6.31954608252272e-05,0.0002634240663610399,0.0005699276080122218,0.007949557272277948,0.0162303440000833,0.023873156641136123,0.038330078125,0.067138671875,0.107177734375,34.0,34.0,8.0,5.386548621072607,8.508293747467917,6.394997630876349,Transient_Shock
5.9692156355595216e-05,0.0002577125414973125,0.0005189600487938151,0.007726069916561409,0.016053427718008155,0.02278069465125713,0.039794921875,0.062255859375,0.108154296875,34.0,34.0,8.0,5.240654456433008,8.528473118894826,6.452376684644175,Transient_Shock
6.85727245581802e-05,0.00025738902331795543,0.0004943748790537938,0.008280864964372997,0.016043348257703424,0.022234542474577564,0.046875,0.061279296875,0.092041015625,34.0,34.0,8.0,4.400417104672863,8.467836625730552,7.106912630971655,Transient_Shock
6.525241406052373e-05,0.00026029819491668604,0.0005947802237642463,0.008077896635914806,0.016133759478704462,0.024388116445602074,0.0419921875,0.070068359375,0.103271484375,33.0,33.0,8.0,4.725368286506055,7.823671679479385,6.526969074186196,Transient_Shock
6.278458749875426e-05,0.0002706646337173879,0.0005692601553164423,0.007923672601688832,0.016451888454441572,0.023859173399689317,0.0478515625,0.05908203125,0.12451171875,33.0,33.0,8.0,5.475772474574944,8.740602461126192,6.0799621107453214,Transient_Shock
6.64356630295515e-05,0.00026445905677974224,0.0006245635995583143,0.008150807507821019,0.01626219716950149,0.024991270467071384,0.0390625,0.060546875,0.112060546875,33.0,33.0,8.0,4.8928921073572855,8.57968262403481,6.5271057564970825,Transient_Shock
5.322157812770456e-05,0.00025404925327165984,0.0005119221423228737,0.007295312065135018,0.015938922588169497,0.022625696504701767,0.04296875,0.064208984375,0.102294921875,33.0,33.0,8.0,5.652905723077767,8.05973772249326,7.472009925258202,Transient_Shock
6.560928886756301e-05,0.000258428743109107,0.0005975291387585457,0.00809995610281704,0.016075719054185634,0.024444409151348816,0.04296875,0.07080078125,0.1171875,33.0,33.0,8.0,5.4901802075765,9.631457931308285,6.449432096430451,Transient_Shock
8.538964902982116e-05,0.0002496577799320221,0.0005590936598309781,0.009240651980776095,0.015800562646058593,0.023645161446498482,0.05126953125,0.05908203125,0.117919921875,33.0,33.0,8.0,5.122893271730935,8.918331146112857,6.460050648482314,Transient_Shock
6.596079037990421e-05,0.00021361187100410461,0.000571337001019856,0.008121624860820907,0.01461546684181195,0.02390265677743493,0.0400390625,0.065673828125,0.10693359375,33.0,33.0,8.0,4.140019003586672,8.580774035499648,6.136951121948418,Transient_Shock
7.535806798841804e-05,0.00023288466036319733,0.0006501108837255742,0.008680902486977839,0.015260558979382024,0.025497272084000953,0.04638671875,0.05810546875,0.128173828125,33.0,33.0,8.0,5.420841855517186,10.0778788858166,6.283856346184227,Transient_Shock
7.195872240117751e-05,0.00022317444381769747,0.0005966189783066511,0.008482848719691842,0.014939024192285702,0.024425785111366453,0.040771484375,0.0625,0.11572265625,8.0,33.0,8.0,4.763228726910193,9.332296100884463,6.489691863533018,Transient_Shock
7.377538349828683e-05,0.0002000150125240907,0.0005612025524897035,0.008589259775922883,0.014142666386650387,0.023689714065174013,0.0419921875,0.058837890625,0.1083984375,33.0,33.0,8.0,6.588286337673631,10.609826045804908,6.921348498691683,Transient_Shock
9.44512285059318e-05,0.00021709123029722832,0.0006013893253111746,0.009718602188891765,0.014734016095322698,0.024523240514075104,0.0498046875,0.061767578125,0.116455078125,13.0,33.0,8.0,6.939971859297376,11.195176321031267,6.398808559856882,Transient_Shock
9.27097826206591e-05,0.00023944049826241098,0.000691753564751707,0.009628591933437573,0.01547386500724402,0.026301208427593342,0.048095703125,0.06298828125,0.117431640625,33.0,33.0,8.0,7.349344138922073,11.879460349518396,6.654921535860945,Transient_Shock
6.192544242367148e-05,0.00021311122327460907,0.0005217327234277036,0.007869272038992646,0.014598329468627876,0.022841469379786046,0.045654296875,0.063720703125,0.1162109375,13.0,33.0,8.0,5.688199423877107,9.388815004030802,6.316443298860594,Transient_Shock
0.00010847849989659153,0.00022106035612523556,0.0005597777053480968,0.010415301238878861,0.014868098604906935,0.02365962183442704,0.062744140625,0.06298828125,0.11181640625,33.0,33.0,8.0,4.819419374475286,9.104162209445137,5.92136377462329,Transient_Shock
8.439178054686636e-05,0.00021129040032974444,0.0005440262611955404,0.009186499907302364,0.014535831600900736,0.023324370542322045,0.052734375,0.0673828125,0.11767578125,33.0,33.0,8.0,4.606217577088679,8.029126134242196,6.651661969767701,Transient_Shock
6.813087020418607e-05,0.00027740723089664243,0.0005272645503282547,0.008254142608665424,0.016655546550523113,0.022962241840209216,0.04150390625,0.05712890625,0.12451171875,33.0,33.0,8.0,5.41681662944999,8.67203224043779,6.207638733216296,Transient_Shock
5.1207010983489454e-05,0.0002191479979956057,0.0005241200233285781,0.0071559074185940565,0.014803648131308907,0.022893667756141173,0.035400390625,0.056640625,0.1005859375,33.0,33.0,8.0,4.7913334249392046,8.26285179785757,6.86110030228539,Transient_Shock
7.217061647679657e-05,0.0002864040434360504,0.000613642725511454,0.008495329097615734,0.01692347610380475,0.024771813125232762,0.0390625,0.071533203125,0.1181640625,33.0,33.0,8.0,3.995126282424596,9.695654402649406,6.152020622978239,Transient_Shock
6.31331313343253e-05,0.00024173094061552547,0.000538283959031105,0.00794563599306722,0.015547698884900154,0.023200947373568714,0.0380859375,0.061279296875,0.11328125,33.0,33.0,8.0,5.748891565008338,8.949802979812327,6.406485316967126,Transient_Shock
7.724554961896501e-05,0.0002892213778977748,0.0006349884752125945,0.008788944738645534,0.01700650986821737,0.025198977662051977,0.04736328125,0.072021484375,0.1181640625,33.0,33.0,8.0,5.629602238103417,10.159269927451307,6.190648931506475,Transient_Shock
6.0323651268845424e-05,0.00024583945923950523,0.0005388680983742233,0.007766830194412997,0.01567926845358243,0.023213532656065586,0.038330078125,0.0634765625,0.11181640625,33.0,33.0,8.0,5.358725750259017,8.287855406273131,6.545095046303173,Transient_Shock
7.869314504205249e-05,0.00026551875271252356,0.0006112891715019941,0.008870915682276125,0.016294746169011765,0.024724262810081804,0.0400390625,0.071533203125,0.114013671875,33.0,33.0,8.0,6.419954191558937,10.756867857639701,6.7191786074941,Transient_Shock
7.813946285750717e-05,0.0002504178410163149,0.0006653549935435876,0.008839652869740257,0.015824596077509055,0.025794476027699954,0.04638671875,0.062255859375,0.1171875,33.0,33.0,8.0,6.050649993855696,10.768850207927064,7.327276249093655,Transient_Shock
7.194280624389648e-05,0.0002514278603484854,0.0005863932747161016,0.00848191053029307,0.015856476921071887,0.024215558525792907,0.046142578125,0.062255859375,0.1103515625,33.0,33.0,8.0,6.181716878558518,10.286375812624428,6.61674088041423,Transient_Shock
6.476381895481609e-05,0.000247920132096624,0.0005977088585495949,0.008047597091978206,0.01574547973535973,0.024448084966917038,0.0439453125,0.065673828125,0.114013671875,33.0,33.0,8.0,6.060930513982489,9.280538815363336,6.867902791609872,Transient_Shock
7.093511521816254e-05,0.0002675898103916552,0.0006926355417817831,0.00842229868967864,0.016358172587170462,0.02631796994036172,0.0458984375,0.0693359375,0.1279296875,33.0,33.0,8.0,5.851677522913583,9.528970537777708,6.532554791746489,Transient_Shock
8.24207927507814e-05,0.00026162294307141565,0.0006402264370990451,0.009078589799676016,0.016174762535240375,0.02530269624168628,0.044189453125,0.06494140625,0.1298828125,33.0,33.0,8.0,5.160092958662647,9.597133714132175,6.4947590919980955,Transient_Shock
5.7958633988164365e-05,0.00022086522949393839,0.0005208428483456373,0.007613056809729214,0.014861535233411735,0.02282198169190479,0.0361328125,0.061279296875,0.097900390625,34.0,33.0,8.0,5.055418031167616,7.979420865762061,6.973799975855745,Transient_Shock
9.150638652499765e-05,0.00025220423412974924,0.0008208795006794389,0.00956589705803892,0.015880939333986176,0.028650994758985925,0.044189453125,0.06689453125,0.132080078125,34.0,34.0,8.0,4.639203933870131,7.813706280291621,5.887302700452715,Transient_Shock
7.127996286726557e-05,0.0002776350447675213,0.0006113890558481216,0.008442746168591447,0.016662384126154377,0.024726282693686926,0.039306640625,0.0693359375,0.11865234375,33.0,33.0,8.0,4.694778367631019,7.6567446480677885,5.939925536600918,Transient_Shock
7.154290506150573e-05,0.00024384143762290478,0.0005815260665258393,0.008458303911630613,0.015615423068969498,0.024114851575861695,0.045166015625,0.070556640625,0.117919921875,34.0,34.0,8.0,4.787283820460721,9.098837897210306,6.24201517431674,Transient_Shock
6.587997995666228e-05,0.00022516992976306938,0.0005715465522371233,0.008116648320375983,0.01500566325635323,0.02390703980498471,0.046142578125,0.05859375,0.1064453125,33.0,33.0,8.0,4.705853589185855,7.945680386105845,6.347062976880716,Transient_Shock
7.75263033574447e-05,0.0002451873697282281,0.0005986675969325006,0.008804902234405826,0.015658460005001387,0.024467684748101945,0.047119140625,0.071533203125,0.1171875,33.0,33.0,8.0,4.974518006956751,9.643856685111334,6.131396185496016,Transient_Shock
7.723344242549501e-05,0.00025033839847310446,0.0006928681941644754,0.008788255937641723,0.01582208578137233,0.026322389598295887,0.050537109375,0.068359375,0.13525390625,33.0,33.0,8.0,4.925591987265717,8.481491441280758,5.780688943954706,Transient_Shock
7.682287832722068e-05,0.0002373126299062278,0.0006708320543111768,0.008764866132875087,0.015404954719382587,0.02590042575540365,0.044921875,0.06884765625,0.13330078125,42.0,33.0,8.0,4.011762326862012,6.51920316510479,5.725418175233893,Transient_Shock
7.570671368739568e-05,0.00024816520453896374,0.0005974775267532095,0.008700960503725763,0.01575326012414458,0.024443353426917707,0.041259765625,0.056884765625,0.11865234375,33.0,33.0,8.0,6.684950743951279,10.338153820548483,7.04983628699681,Transient_Shock
6.98557123541832e-05,0.00027422244602348655,0.0006586885428987443,0.00835797298118289,0.016559663221922316,0.025664928265996464,0.0361328125,0.0634765625,0.1103515625,33.0,33.0,8.0,5.673249306291833,10.125512140624064,6.448763329478015,Transient_Shock
9.468791176914237e-05,0.0002760356292128563,0.0005928081809543073,0.009730771386130823,0.01661432000452791,0.024347652473170948,0.049072265625,0.066162109375,0.115478515625,13.0,33.0,8.0,6.251846746449771,10.752789302789097,6.524494357189531,Transient_Shock
9.491643868386745e-05,0.0002511489401513245,0.000560997985303402,0.00974250679670625,0.015847679330151923,0.02368539603433732,0.0546875,0.0615234375,0.12158203125,13.0,33.0,8.0,7.897112677392694,9.634227788310003,7.285366277082294,Transient_Shock
0.00010463397120474838,0.00025847436336334795,0.0007356994865403976,0.010229074797104007,0.01607713790957047,0.02712378083048891,0.046630859375,0.0712890625,0.126953125,13.0,33.0,8.0,6.686263481122976,12.384304290205113,6.190445354226631,Transient_Shock
5.431979661807418e-05,0.00019696516392286867,0.0005158064886927605,0.007370196511496432,0.014034427808887282,0.022711373553635204,0.037841796875,0.059326171875,0.11767578125,33.0,33.0,8.0,6.355446181675465,11.919200817803661,8.663724585166067,Transient_Shock
5.382810195442289e-05,0.00017497199587523937,0.0005243041050562169,0.007336763724860089,0.013227698056549346,0.02289768776658938,0.0400390625,0.0546875,0.109375,33.0,33.0,8.0,5.05933749006637,10.835856110739329,8.66707218868608,Transient_Shock
6.416005999199115e-05,0.0002382106613367796,0.0005659407433995511,0.008009997502620781,0.015434074683529933,0.023789509103795126,0.0439453125,0.068603515625,0.1064453125,33.0,33.0,8.0,6.573692240083743,12.324623432362571,7.561476428779383,Transient_Shock
4.670953785534948e-05,0.00017791584468795918,0.0005084159747639205,0.0068344376400219994,0.013338509837607766,0.022548081398733696,0.033203125,0.062255859375,0.09765625,33.0,33.0,8.0,6.769525907789331,11.544944948631118,8.918741408303138,Transient_Shock
5.390349542722106e-05,0.00019819951558019966,0.0005706482588720974,0.007341899987552341,0.014078334971870774,0.023888245202862795,0.04052734375,0.059814453125,0.10400390625,33.0,33.0,8.0,5.623354573946964,10.987345813636175,7.9439177377981105,Transient_Shock
0.0001777693978510797,0.00019328633425175212,0.0005576670955633745,0.013333019082378893,0.01390274556523826,0.02361497608644511,0.087890625,0.070556640625,0.10400390625,14.0,33.0,8.0,5.526554641051825,10.450107920077347,7.730009328116282,Transient_Shock
0.0003479544393485412,0.00019974930546595715,0.0006927342001290526,0.018653536912568113,0.014133269454233056,0.026319844226914652,0.10888671875,0.06689453125,0.1298828125,14.0,33.0,8.0,4.2435901428115725,9.71643683074207,6.651913496228582,Transient_Shock
0.0004512798877840396,0.00019631761824712157,0.0006000979301461484,0.021243349260039943,0.014011338917002956,0.02449689633700866,0.079345703125,0.068603515625,0.121826171875,14.0,33.0,8.0,18.41174152444047,9.529991073365162,6.8228782124460805,Transient_Shock
0.00034341922946623527,0.0001603586133569479,0.0005666040669893846,0.018531573852920192,0.0126632781441832,0.02380344653594064,0.077880859375,0.054931640625,0.10595703125,14.0,33.0,8.0,17.4216032430459,9.497469042906806,8.576414882870493,Transient_Shock
0.0002289414951519575,0.00017529865363030694,0.000501914353662869,0.015130812772351574,0.01324003978960437,0.022403445129329305,0.072265625,0.05908203125,0.1005859375,14.0,33.0,8.0,16.49711866092602,8.461431236266725,8.414656710091576,Transient_Shock
0.00017072827540687285,0.0001617310190340504,0.0004603823435900267,0.013066303050475786,0.01271735110131235,0.021456522169028856,0.053955078125,0.05908203125,0.09814453125,14.0,33.0,8.0,15.30718236722954,8.349056382396439,8.512303887541504,Transient_Shock
0.00012640230124816298,0.00014046806609258056,0.0004955768490617629,0.011242877800997527,0.011851922463996318,0.022261555405266788,0.053955078125,0.054931640625,0.096923828125,14.0,33.0,8.0,11.92991759502275,10.839788502544915,8.06727700399484,Transient_Shock
6.526311335619539e-05,0.000163417626026785,0.0005176604572625365,0.008078558866295113,0.01278349036948771,0.022752152805010264,0.048095703125,0.052734375,0.107421875,14.0,33.0,8.0,6.60226768269392,12.584992049446132,8.270389735437968,Transient_Shock
5.4176649427972734e-05,0.00018561641627456993,0.0005199091065151151,0.007360478885777252,0.013624111577441296,0.022801515443389177,0.039306640625,0.06103515625,0.102783203125,33.0,33.0,8.0,7.237440004000924,12.978409685064756,7.23991420725492,Transient_Shock
0.00010789533553179353,0.00016692702411091886,0.00045930872147437185,0.010387267953210485,0.01292002415287676,0.021431489016733574,0.05419921875,0.0625,0.0986328125,13.0,33.0,8.0,5.589177542480251,12.819419037658802,8.044277238831851,Transient_Shock
0.00014842824020888656,0.00017793424194678664,0.0004919206112390384,0.01218311291127545,0.01333919944924682,0.022179283379745125,0.055419921875,0.0625,0.09521484375,14.0,33.0,8.0,12.724188607036231,11.589478194628635,7.223490253193425,Transient_Shock
0.00014099786858423613,0.00015243816596921533,0.0004446757629921194,0.011874252337904737,0.012346585194668821,0.02108733655519633,0.0595703125,0.053955078125,0.09716796875,14.0,33.0,8.0,11.688876827639719,12.466217472874863,8.325398870124419,Transient_Shock
6.430691792047583e-05,0.00017249132724828087,0.00045538911581388675,0.008019159427301331,0.013133595366398375,0.021339848073823928,0.043701171875,0.05810546875,0.102294921875,33.0,33.0,8.0,6.141865717778168,15.319550704192181,8.604173246563567,Transient_Shock
0.00010308104901923798,0.00019926991080865264,0.0004493659616855439,0.010152883778475846,0.014116299472901977,0.02119825374141804,0.055419921875,0.066650390625,0.097412109375,11.0,33.0,8.0,6.2757828316583195,13.806691775908975,8.688191369529157,Transient_Shock
5.5702810641378164e-05,0.00020232019232935272,0.000513341943587875,0.00746343155936853,0.014223930270124103,0.02265705063744783,0.037109375,0.061279296875,0.09716796875,33.0,33.0,8.0,6.926617872432897,12.965744336694451,8.893090957913694,Transient_Shock
5.834164039697498e-05,0.00019513069128151983,0.0005170858785277233,0.007638169963870598,0.013968918758498091,0.022739522390053033,0.0419921875,0.059326171875,0.1064453125,33.0,33.0,8.0,9.264931498079774,13.171244224874254,8.545164237868704,Transient_Shock
5.6812332331901416e-05,0.00018599777467898093,0.0005160004220670089,0.0075373955934328815,0.013638100112514973,0.022715642673431208,0.03564453125,0.05615234375,0.10791015625,33.0,33.0,8.0,7.808997518787414,12.980588057707314,7.835055983775373,Transient_Shock
4.58789145341143e-05,0.00018487776105757803,0.000567140868952265,0.006773397562089081,0.013596976173310668,0.023814719585841547,0.032470703125,0.062744140625,0.104736328125,33.0,33.0,8.0,8.474336586035902,13.058418590719,7.974471799150011,Transient_Shock
5.360477007343434e-05,0.00021265597024466842,0.0005717843305319548,0.007321527851031801,0.014582728491083842,0.023912012264381992,0.03564453125,0.059326171875,0.1015625,33.0,33.0,8.0,8.546275914274439,14.416829117081747,8.643706196646907,Transient_Shock
5.7320688938489184e-05,0.000197079931240296,0.0005542154212889727,0.007571042790691992,0.01403851599138228,0.02354178033388666,0.03662109375,0.067138671875,0.10888671875,33.0,33.0,8.0,8.760982271698884,13.51395213810686,7.7707697080861555,Transient_Shock
5.0486090913182124e-05,0.00018812197959050536,0.0004743905592476949,0.007105356494447138,0.013715756617500376,0.021780508700388404,0.041015625,0.060791015625,0.1015625,33.0,33.0,8.0,7.652502956860853,13.481663361801855,8.779734323358742,Transient_Shock
6.054911864339374e-05,0.000186230507097207,0.0006023174501024187,0.0077813314184266525,0.01364662988056784,0.024542156590292113,0.036865234375,0.05908203125,0.127197265625,33.0,33.0,8.0,7.081078802181958,13.053160743136285,7.518601056784216,Transient_Shock
5.84064400754869e-05,0.00021186191588640213,0.000568657589610666,0.007642410619397973,0.014555477178244694,0.023846542508520308,0.035400390625,0.0615234375,0.123046875,33.0,33.0,8.0,7.325311554086388,12.498401451459367,7.517371506420553,Transient_Shock
4.902010186924599e-05,0.00014548684339388274,0.0005873496666026767,0.007001435700572133,0.012061792710616559,0.024235297947470685,0.036376953125,0.05224609375,0.111083984375,33.0,33.0,8.0,6.47680235490044,11.205392444796141,8.046917792219247,Transient_Shock
9.939860319718719e-05,0.00019858636369463056,0.0006238628266146407,0.009969884813636875,0.01409206740313963,0.024977246177564104,0.046142578125,0.060791015625,0.1220703125,33.0,33.0,8.0,5.7737623801326015,12.057000846353603,7.413336362758351,Transient_Shock
8.366786278202198e-05,0.00014578457557945512,0.0005274850263958797,0.009147013872407869,0.012074128356923125,0.022967042177779003,0.046142578125,0.0517578125,0.110595703125,8.0,33.0,8.0,5.559419073412004,13.968459605884291,7.594000069536684,Transient_Shock
6.192907676449977e-05,0.00016516152754775248,0.0005213837976043578,0.007869502955365083,0.01285151849190408,0.022833830112452835,0.040283203125,0.048828125,0.100830078125,33.0,33.0,8.0,7.637354699537459,15.654114772907853,8.207415505628811,Transient_Shock
7.234621079987846e-05,0.00018429312331136316,0.0006958949234103784,0.008505657575983086,0.01357546033515487,0.02637982038245102,0.039306640625,0.064453125,0.115966796875,33.0,33.0,8.0,8.158353578008928,13.78989647037915,7.735755355839856,Transient_Shock
0.00013522720837499946,0.0002568857598816976,0.000638697063550353,0.01162872341983416,0.016027656094441806,0.025272456618824237,0.091064453125,0.09521484375,0.12744140625,33.0,33.0,33.0,3.6950274143542985,11.469884504361413,6.8775429081011925,Transient_Shock
5.741952918469906e-05,0.0001593159649928566,0.0005865589337190613,0.007577567497864935,0.012622042821701113,0.02421897879182897,0.035888671875,0.053955078125,0.11181640625,33.0,33.0,8.0,7.321627723469671,11.850561758650096,8.239297372680666,Transient_Shock
5.9835612773895264e-05,0.000176236320839962,0.0006706206477247179,0.0077353482645512,0.013275402850383184,0.025896344292674164,0.040771484375,0.05810546875,0.123046875,33.0,33.0,33.0,9.159145321592892,13.883787324113424,7.3219344539207185,Transient_Shock
5.851676905876957e-05,0.00021260505309328437,0.000610138857155107,0.007649625419507125,0.014580982583258385,0.024700988991437307,0.03564453125,0.0615234375,0.1220703125,33.0,33.0,8.0,7.868901233044125,12.855680859072061,8.02321811960145,Transient_Shock
7.373516200459562e-05,0.00021995880160829984,0.0006397660908987746,0.00858691807370931,0.014831008111665904,0.025293597824326507,0.045166015625,0.066162109375,0.10693359375,33.0,33.0,8.0,7.842996984999561,13.922334893997908,7.395389952303412,Transient_Shock
9.612273424863815e-05,0.0001764719927450642,0.0005787085356132593,0.00980422022644525,0.013284276146823515,0.024056361645378947,0.04736328125,0.058349609375,0.111328125,33.0,33.0,8.0,5.917817347728656,14.521290201757017,8.516570959362475,Transient_Shock
7.863806968089193e-05,0.00017467679208493792,0.0006682179773633834,0.008867810873089927,0.013216534798688267,0.025849912521387446,0.0400390625,0.060546875,0.119873046875,33.0,33.0,8.0,6.533144592062126,12.98648316151444,7.911884404507768,Transient_Shock
6.847629265394062e-05,0.00018619003458297811,0.0006089586786401924,0.008275040341529497,0.013645146924199025,0.024677088131304967,0.04150390625,0.061767578125,0.11865234375,33.0,33.0,33.0,6.25300516780974,12.6262471968498,7.264211248334286,Transient_Shock
0.00011303811334073544,0.00015988059749361128,0.0006017209816491231,0.010631938362346513,0.012644389961307397,0.024530001664270697,0.046875,0.061279296875,0.10791015625,12.0,33.0,8.0,7.128762457383886,14.088818690233675,8.00975267466487,Transient_Shock
8.641607928439043e-05,0.00018842272402253002,0.0006992069393163547,0.009296024918447155,0.013726715704148972,0.02644252142509021,0.04296875,0.06103515625,0.123291015625,33.0,33.0,33.0,7.188581187866231,15.233575807665314,7.721046631348543,Transient_Shock
0.002047545844106935,0.0004522856179391965,0.0006682550883851945,0.04524981595660843,0.02126700773355755,0.025850630328585696,0.383544921875,0.143798828125,0.13427734375,8.0,33.0,8.0,4.455369738578081,5.548430069644411,6.480978371829984,Transient_Shock
0.0003501353166939225,0.000284641922917217,0.0008774394482315984,0.01871190307515306,0.01687133435497077,0.029621604416904875,0.123291015625,0.1044921875,0.145263671875,12.0,33.0,8.0,4.708971872701442,8.912097573088747,6.956959854583853,Transient_Shock
0.00012432655421434902,0.00016956310719251633,0.000676117604598403,0.011150181801851887,0.013021639957874597,0.026002261528536377,0.06640625,0.060546875,0.1181640625,33.0,33.0,8.0,4.540749936239397,10.58904266771722,6.143970549793081,Transient_Shock
0.011573036186746322,0.0013616745964100119,0.0007782605825923383,0.10757804695543753,0.0369008752797276,0.02789732214016855,0.838134765625,0.23486328125,0.16796875,21.0,35.0,8.0,6.583071458543567,6.466285340193308,6.0252991612147815,Transient_Shock
0.0006366742309182882,0.00017576849495526403,0.0005249772184470203,0.025232404382426344,0.013257771115661336,0.02291238133514324,0.1796875,0.067138671875,0.10791015625,14.0,33.0,8.0,7.379270898879324,9.399413492836299,6.993696034139247,Transient_Shock
0.00027195944858249277,0.00022365059339790605,0.0006949689668545034,0.016491193061221883,0.014954952136262625,0.02636226406920512,0.103515625,0.069091796875,0.121826171875,21.0,33.0,8.0,5.28308139826427,10.257155310441425,6.527620673397021,Transient_Shock
0.00013101095100864768,0.00018140528118237853,0.0005780504870926961,0.011446001529296057,0.013468677781518813,0.024042680530521054,0.0576171875,0.0595703125,0.115966796875,20.0,33.0,8.0,5.122131854523472,8.779288960468898,6.630966755598545,Transient_Shock
0.00011911577530554496,0.0001797580589482095,0.0006065890156605747,0.010914017377003985,0.013407388222476797,0.024629027907340856,0.049072265625,0.06103515625,0.112060546875,20.0,34.0,8.0,4.964449602387256,7.455359150353684,5.520117176822362,Transient_Shock
6.671807204838842e-05,0.00017742962518241256,0.0005823541396239307,0.008168113126566528,0.013320271212794901,0.024132014827277285,0.050048828125,0.055908203125,0.111328125,33.0,33.0,8.0,4.34687874775795,8.55177970076841,6.799408090940109,Transient_Shock
7.025614831945859e-05,0.00018479919162928127,0.0005438811749627348,0.008381894077084165,0.013594086641966104,0.023321260149544554,0.04736328125,0.060302734375,0.103759765625,33.0,33.0,8.0,5.071683261392565,9.588654327280837,6.893525282197205,Transient_Shock
0.0001067000994225964,0.00016017314919736236,0.0005047117447247729,0.010329574019416116,0.012655953112956857,0.022465790543062865,0.050537109375,0.052978515625,0.106201171875,14.0,33.0,8.0,7.996043033900127,11.5679593838741,7.501587228351167,Transient_Shock
0.0002814996405504644,0.00018030206774710678,0.0005799197497253772,0.016777951023604295,0.013427660546316576,0.02408152299430784,0.076904296875,0.05615234375,0.107666015625,14.0,33.0,8.0,15.293956925034214,10.527734580093469,6.905404435238479,Transient_Shock
0.0003507370383886155,0.00023053860059008002,0.0006871085170132574,0.018727974754057512,0.015183497640203986,0.02621275485356809,0.07373046875,0.067626953125,0.1220703125,14.0,33.0,8.0,14.98253702903807,7.604949664882496,5.5797673539907695,Transient_Shock
0.00022454786812886596,0.00020386924370541237,0.0005273833776300307,0.0149849213587815,0.014278278737488366,0.022964829144368367,0.0595703125,0.064697265625,0.099365234375,14.0,34.0,8.0,14.391633295244544,7.537108362589234,6.667616331639994,Transient_Shock
0.00022914724831935018,0.0002548962220316753,0.0006218352209543809,0.015137610389997168,0.015965469677766304,0.02493662408896563,0.07421875,0.060546875,0.115966796875,14.0,34.0,8.0,11.6384587560209,9.594238549363427,6.191093152064502,Transient_Shock
0.0001969786681002006,0.0002540405694162473,0.0005726998206228018,0.014034908909579733,0.015938650175477447,0.023931147499081647,0.091796875,0.061279296875,0.1103515625,14.0,34.0,8.0,5.098229436366835,10.625613816238747,6.512419677773907,Transient_Shock
8.701812475919724e-05,0.0002070387090498116,0.0005817801829834934,0.009328350591567473,0.0143888397395277,0.024120119879127745,0.047607421875,0.05517578125,0.10595703125,14.0,34.0,8.0,6.549820285728068,10.381801781838398,6.233982645109976,Transient_Shock
6.0548074543476105e-05,0.0002101042446156498,0.0006418065022444353,0.007781264328081659,0.014494973080887381,0.025333900257252837,0.03759765625,0.060791015625,0.122802734375,34.0,34.0,8.0,5.147614270170273,10.585338350186474,5.58620320027069,Transient_Shock
7.567460124846548e-05,0.00022620503659709357,0.0006334455938485917,0.008699114969263568,0.015040114248139658,0.02516834507568171,0.043212890625,0.06298828125,0.113037109375,34.0,34.0,8.0,5.466831211501521,10.413856353705896,5.52317458876866,Transient_Shock
0.00012608325050678104,0.00019667608648887835,0.0006148861139081419,0.011228679820298602,0.014024125159484223,0.024796897263733256,0.062255859375,0.05908203125,0.118896484375,14.0,34.0,8.0,9.444192192410856,8.613381379757207,6.542035304890609,Transient_Shock
0.0010088540984725114,0.00022965322932577692,0.0005871431058039889,0.03176246367132927,0.01515431388502221,0.024231036003522194,0.329833984375,0.070068359375,0.110107421875,14.0,34.0,8.0,4.518218099814706,5.965002513215403,6.514160093804931,Transient_Shock
0.00018496681877877563,0.00019816868007183075,0.0006290120909397956,0.013600250688085702,0.014077239788816228,0.02508011345548093,0.07080078125,0.065673828125,0.11669921875,14.0,33.0,8.0,5.755363710625166,8.390543214886085,7.420297089205834,Transient_Shock
7.391569306491874e-05,0.00020588311235769652,0.0006782494274375495,0.008597423629490333,0.014348627542650082,0.026043222293670756,0.041748046875,0.065185546875,0.121337890625,33.0,33.0,8.0,4.9698378868998745,9.780513809669193,6.918814444334204,Transient_Shock
6.17844307271298e-05,0.00017708181621856056,0.0005457027837110218,0.007860307292156574,0.013307209182189951,0.023360282183891138,0.0361328125,0.06005859375,0.108642578125,33.0,33.0,8.0,5.61558295736654,10.332217547602259,7.111463901470306,Transient_Shock
6.700373705825768e-05,0.0002106478059431538,0.0006788230821257457,0.008185581045854819,0.014513710963883557,0.02605423347799251,0.04052734375,0.058349609375,0.12646484375,33.0,33.0,8.0,6.924383923441623,11.439758609507964,6.5361763047981585,Transient_Shock
5.580112338066101e-05,0.00017091791596612893,0.0006350656585709658,0.007470014951836509,0.013073557892407443,0.025200509093487887,0.035400390625,0.056640625,0.119140625,33.0,33.0,8.0,6.79921045265895,11.759312109515829,7.367083087834386,Transient_Shock
7.421591726597399e-05,0.0001749220391502604,0.0005912969209020957,0.008614866061986918,0.01322580958392568,0.024316597642394293,0.041015625,0.06005859375,0.105712890625,33.0,33.0,8.0,6.8649832200844605,13.748238997106423,7.926633340591174,Transient_Shock
6.202328950166702e-05,0.0001855764858191833,0.0006963726482354105,0.00787548661999162,0.01362264606525411,0.026388873568900406,0.037109375,0.0576171875,0.11865234375,33.0,33.0,33.0,8.68667930201414,14.205446733300546,8.363326817149519,Transient_Shock
6.395869058906101e-05,0.0002146106562577188,0.0006467658349720296,0.007997417745063778,0.014649595771137128,0.025431591278801836,0.03955078125,0.0625,0.121337890625,33.0,33.0,8.0,6.781492991088982,13.548440090210555,6.611656232353137,Transient_Shock
5.525779852177948e-05,0.00018974799604620785,0.0005591208137047943,0.007433558940492736,0.013774904574849433,0.023645735634671938,0.038818359375,0.065185546875,0.111083984375,33.0,33.0,8.0,7.504945952084447,12.376673307927781,7.192148052253539,Transient_Shock
5.472352495416999e-05,0.0001654092593526002,0.0005914735957048833,0.007397535059340374,0.012861153111311606,0.02432023017376446,0.034912109375,0.0595703125,0.11376953125,33.0,33.0,8.0,7.309505794222876,11.002507555028847,6.886307626561816,Transient_Shock
6.0182399465702474e-05,0.00017053822739399038,0.0005606035119853914,0.007757731592785515,0.013059028577730825,0.02367706721672664,0.03466796875,0.05419921875,0.110107421875,33.0,33.0,8.0,6.594091601155781,11.965847843745541,7.83216330798279,Transient_Shock
5.1017672376474366e-05,0.00018107237701769918,0.0005830070003867149,0.007142665635214515,0.01345631364890471,0.024145537898061308,0.0341796875,0.054931640625,0.124755859375,33.0,33.0,8.0,7.776893747493003,13.541943339263822,7.373091025578415,Transient_Shock
8.700157923158258e-05,0.000192156046978198,0.0007084904791554436,0.009327463708403405,0.013862036177207084,0.0266174844633268,0.045654296875,0.06201171875,0.11328125,33.0,33.0,8.0,5.8172834816458625,13.509125863672388,6.786755390213901,Transient_Shock
0.00010980467413901351,0.0001982951071113348,0.0006397077813744545,0.010478772549254684,0.014081729549715646,0.025292445144241282,0.05712890625,0.05615234375,0.123291015625,33.0,33.0,8.0,5.886495885884591,12.627040750031842,6.325715913706854,Transient_Shock
9.390152990818024e-05,0.0002135298818757292,0.0005715025909012184,0.009690280176970129,0.014612661697162813,0.023906120364902757,0.05126953125,0.06201171875,0.114501953125,8.0,33.0,8.0,6.518522212967117,11.11718774226352,6.419787498582507,Transient_Shock
6.067506910767406e-05,0.00019188481383025646,0.0005943055111856665,0.00778942033194217,0.013852249414093598,0.024378382046101144,0.036865234375,0.06494140625,0.124755859375,8.0,33.0,8.0,6.696375443237677,8.287857603950156,6.447733302095974,Transient_Shock
5.7743731304071844e-05,0.00017109895998146385,0.0005230420356383547,0.007598929615680872,0.013080480112804112,0.0228701122786565,0.044921875,0.063232421875,0.09326171875,8.0,33.0,8.0,7.097912334441476,6.750571107700636,7.314692352092615,Transient_Shock
5.375881664804183e-05,0.00019743208758882247,0.0005558846714848187,0.007332040415057859,0.014051052899652128,0.023577206609028532,0.0419921875,0.062744140625,0.1171875,33.0,33.0,8.0,4.199210807809747,8.240048919657609,6.764186405266135,Transient_Shock
5.529974805540405e-05,0.00018963581169373356,0.0005521333623619284,0.0074363800370478685,0.01377083191727114,0.02349751821707834,0.037353515625,0.061279296875,0.112060546875,33.0,33.0,8.0,4.951415153187451,8.90163597675214,6.122647996753532,Transient_Shock
4.8428944865008816e-05,0.00017537848543724976,0.0005002079851692542,0.006959090807354709,0.013243054233720021,0.022365329981228855,0.034912109375,0.056640625,0.093994140625,33.0,33.0,8.0,6.552685657420522,9.813135499655697,7.548291207934902,Transient_Shock
5.098339170217514e-05,0.00022390656158677302,0.0005312002613209188,0.007140265520425354,0.014963507663204274,0.02304778213453344,0.03271484375,0.06298828125,0.109130859375,33.0,33.0,8.0,6.64358588352637,11.454667251455339,6.592453556443229,Transient_Shock
6.400397978723049e-05,0.0002001332468353212,0.0004842453054152429,0.008000248732835153,0.014146845826378443,0.022005574416843632,0.0419921875,0.058837890625,0.10791015625,33.0,33.0,8.0,6.384055507794525,11.77588342137769,6.960226501039538,Transient_Shock
9.004512321553193e-05,0.00020583030709531158,0.0005831838316225912,0.00948921088476444,0.014346787344047153,0.02414919939920558,0.047119140625,0.05615234375,0.1103515625,16.0,33.0,8.0,4.459531732999707,8.303048336407045,7.043904205197555,Transient_Shock
8.394707401748747e-05,0.00023004537433735095,0.0006397497454599943,0.009162263585898818,0.015167246761932469,0.02529327470811153,0.0400390625,0.066162109375,0.135009765625,33.0,33.0,8.0,5.178231828492528,9.604579876045463,5.707707858231653,Transient_Shock
8.914761929190718e-05,0.00021905108224018477,0.0005965032469248399,0.009441801697340777,0.014800374395270708,0.024423415955284387,0.044921875,0.067626953125,0.12451171875,33.0,33.0,8.0,4.584578947059505,8.187690210168395,6.359133169506339,Transient_Shock
8.275451546069235e-05,0.0002147491177311167,0.0005257020202407148,0.009096950888110387,0.014654320787096095,0.02292819269460013,0.047607421875,0.064453125,0.107421875,33.0,33.0,8.0,5.3281436853638935,9.923717394588232,7.317749923119231,Transient_Shock
7.324557736865245e-05,0.0002097085671266541,0.00057781113719102,0.00855836300752968,0.014481317865672796,0.024037702410817468,0.043701171875,0.064697265625,0.11181640625,12.0,33.0,8.0,5.570996989627984,10.009403128859361,6.786519841679049,Transient_Shock
7.813816409907304e-05,0.00021645324522978626,0.0005679179303115234,0.008839579407362833,0.014712350092007267,0.02383102872961055,0.04296875,0.058349609375,0.10986328125,12.0,33.0,8.0,5.482780226696698,9.37982591765337,7.193066484715419,Transient_Shock
7.159738743212074e-05,0.00027506876722327434,0.0006544910720549524,0.008461523942654819,0.016585197231967858,0.025583023121885973,0.039794921875,0.068115234375,0.118408203125,33.0,33.0,8.0,5.371993976902513,9.01696589677002,6.557925113813721,Transient_Shock
6.664037573500536e-05,0.00020042875257786363,0.0005891567416256294,0.008163355666330198,0.014157286201029618,0.02427255119730164,0.044189453125,0.053955078125,0.13232421875,33.0,33.0,8.0,4.963169134033095,8.680473550697775,6.885931614992313,Transient_Shock
7.763724715914577e-05,0.00025822876705206,0.000641092916339403,0.008811200097554575,0.01606949803360578,0.025319812723229272,0.047119140625,0.077880859375,0.1220703125,33.0,33.0,8.0,5.578542443861334,8.851831494365063,6.351441814003898,Transient_Shock
6.731567191309296e-05,0.00022413906117435545,0.0005813650786876678,0.008204612843583356,0.01497127453406541,0.024111513405169486,0.04638671875,0.061767578125,0.111083984375,33.0,33.0,8.0,5.252189854994189,9.424108052270352,6.576704521877934,Transient_Shock
7.137526699807495e-05,0.0002364355605095625,0.0006260160844249185,0.008448388426089023,0.015376461247945266,0.025020313435784904,0.044921875,0.063232421875,0.124755859375,33.0,33.0,8.0,6.350295954913387,11.235856198677334,6.32488265191998,Transient_Shock
5.259235331322998e-05,0.00018787824956234545,0.0006088110931159463,0.007252058556936091,0.013706868700120587,0.024674097615028322,0.033203125,0.060791015625,0.1162109375,33.0,33.0,8.0,4.569274296115634,8.496035966099262,6.013757709917217,Transient_Shock
5.4662799811922014e-05,0.00020200594735797495,0.0006063782930141315,0.007393429502735656,0.014212879629335321,0.02462474960307478,0.034423828125,0.058349609375,0.1171875,33.0,33.0,8.0,5.751810879805767,9.102174925845759,6.942415155782501,Transient_Shock
5.5935928685357794e-05,0.0002160866824851837,0.0006046872586011887,0.007479032603576334,0.01469988715892689,0.024590389557735532,0.039306640625,0.06396484375,0.121337890625,33.0,33.0,8.0,6.89017251497444,11.529074178998492,6.979641463632461,Transient_Shock
9.560579201206565e-05,0.0001991461576835718,0.0006241191731533036,0.009777821434862964,0.014111915450553543,0.024982377251841017,0.046875,0.06201171875,0.114990234375,14.0,33.0,8.0,5.322586891539805,10.106051822067954,6.341468478914682,Transient_Shock
0.00018742639440461062,0.00018538742733653635,0.000582804306759499,0.013690375977474491,0.01361570517220964,0.024141340202223634,0.061767578125,0.06689453125,0.10888671875,14.0,33.0,8.0,11.951075354794257,7.216530304868149,5.726038163717422,Transient_Shock
0.00027871530255652033,0.00021008703333791345,0.0007138193905120715,0.016694768718269814,0.014494379370566836,0.02671739864792363,0.071533203125,0.0556640625,0.119140625,14.0,33.0,8.0,15.512255938239857,8.70298905134629,5.9757599506961405,Transient_Shock
0.00021288833522703499,0.00019999005235149525,0.0007259183585119899,0.014590693445722003,0.014141783916871847,0.02694287212811563,0.05908203125,0.05859375,0.120361328125,14.0,33.0,8.0,13.8041358185336,9.008191055947087,6.01820593487461,Transient_Shock
0.00015775671636220068,0.000189874986972427,0.0006046685994078871,0.012560124058392125,0.013779513306805397,0.02459001015469264,0.06982421875,0.0546875,0.131591796875,14.0,33.0,8.0,10.701922414776412,8.870030738067834,5.900648436070743,Transient_Shock
0.00011624545732047409,0.00020447559654712677,0.0005662538715114351,0.01078171866264716,0.014299496373898164,0.02379608941636073,0.052734375,0.060791015625,0.10888671875,14.0,33.0,8.0,10.083320541019697,9.41209715076702,6.645966567813643,Transient_Shock
7.808598093106411e-05,0.00020789209520444274,0.0006537029839819297,0.008836627237304067,0.014418463690852876,0.02556761592291956,0.043212890625,0.058837890625,0.112060546875,14.0,33.0,8.0,5.9844594471261185,9.957798067161507,6.034608689471372,Transient_Shock
6.186537211760879e-05,0.00018822768470272422,0.0006676761804556008,0.007865454349089364,0.013719609495270783,0.025839430730099314,0.036865234375,0.054931640625,0.127685546875,33.0,33.0,8.0,4.54383280570513,8.538324014033261,6.229330431261746,Transient_Shock
5.3189913160167634e-05,0.00016587436766712926,0.0005644144221150782,0.007293141515161188,0.012879222323848954,0.023757407731380926,0.03466796875,0.052978515625,0.124267578125,33.0,33.0,8.0,6.846377694300646,9.243297263976359,6.476662115512888,Transient_Shock
9.457699707127176e-05,0.00017818249762058258,0.0006388822475855704,0.009725070543254263,0.013348501699463599,0.025276120105458637,0.045166015625,0.058349609375,0.1103515625,33.0,33.0,8.0,5.74468263283311,10.412513263845257,7.052904855693293,Transient_Shock
0.00012445065294741653,0.0001968871474673506,0.0006638411396124866,0.011155745288747701,0.014031648066686627,0.02576511477972661,0.05615234375,0.059326171875,0.119873046875,14.0,33.0,8.0,9.297983319583999,10.299087319704695,6.175891015038925,Transient_Shock
0.00010603595001157373,0.00018486834233044647,0.0007255006930790842,0.01029737587988191,0.01359662981515811,0.02693512006802799,0.0478515625,0.064208984375,0.134033203125,14.0,33.0,8.0,8.146251961166861,11.560454543097634,6.23436745710192,Transient_Shock
7.45940487831831e-05,0.00016171665629372,0.0006537554872920737,0.008636784632210247,0.01271678639805356,0.0255686426564273,0.0478515625,0.05419921875,0.118408203125,33.0,33.0,8.0,6.321053530608199,12.362770449334233,7.1119833412051445,Transient_Shock
6.842310540378094e-05,0.00021081347586004995,0.0006397254146577325,0.00827182600178346,0.014519417201115544,0.025292793729790555,0.04345703125,0.064453125,0.120361328125,33.0,33.0,33.0,7.6750665320251,12.133850111637356,6.510616886592267,Transient_Shock
5.823042010888457e-05,0.00017105689039453864,0.0005640022536681499,0.007630885932110673,0.01307887190833134,0.023748731622302482,0.034423828125,0.056396484375,0.103271484375,33.0,33.0,8.0,5.802172160102219,11.141199740664069,7.205247139143552,Transient_Shock
5.5191791034303606e-05,0.0001621547526156064,0.0006133352544566151,0.00742911778304151,0.01273399986711192,0.024765606280820484,0.036376953125,0.056640625,0.10986328125,33.0,33.0,8.0,7.653619393043106,11.418856602308624,7.393529074723178,Transient_Shock
5.760864223702811e-05,0.00020876616690657102,0.0006565877665707376,0.007590035720405281,0.014448742744840155,0.025623968595257403,0.03662109375,0.058349609375,0.11474609375,33.0,33.0,8.0,6.895534969980169,10.080095540196718,6.597606232716524,Transient_Shock
5.3293562814360484e-05,0.00016404775669798255,0.0005995144456392154,0.007300244024302235,0.01280811292493873,0.024484984084928774,0.036376953125,0.056396484375,0.122802734375,33.0,33.0,8.0,6.8706736069840995,10.623788947298397,6.9032919503116315,Transient_Shock
4.6070195821812376e-05,0.0001865678896137979,0.0006426448198908474,0.00678750291505001,0.013658985672947968,0.025350440230710935,0.036865234375,0.05419921875,0.144287109375,33.0,33.0,8.0,6.773596657889075,11.270717683529579,5.771037660984511,Transient_Shock
5.0673461373662576e-05,0.00022500048726215027,0.0006350961593852844,0.0071185294389826455,0.015000016242062882,0.02520111424888361,0.032958984375,0.077392578125,0.12451171875,33.0,33.0,8.0,5.068423889208384,9.527988931682431,6.238042977473137,Transient_Shock
4.543270551948808e-05,0.0001676802603469696,0.0005388442623370793,0.006740378737095422,0.01294914129766795,0.023213019242164068,0.036376953125,0.06591796875,0.094482421875,33.0,33.0,8.0,4.706109881170982,9.30663793686136,6.915148119078986,Transient_Shock
6.6768130636774e-05,0.0001747249480104074,0.0006435767536459025,0.008171176820799682,0.013218356479169692,0.025368814588898364,0.037109375,0.059814453125,0.130615234375,33.0,33.0,8.0,6.209177138878687,10.121470408448921,6.329998441221936,Transient_Shock
5.8932546380674466e-05,0.00020224408945068717,0.0006626442627748474,0.007676753635533347,0.014221254847962158,0.02574187760779791,0.0361328125,0.056640625,0.110595703125,33.0,33.0,8.0,6.032125264425763,9.898601399952533,7.099347531213835,Transient_Shock
6.69335677230265e-05,0.00017555622252984904,0.0005955021915724501,0.008181293768287905,0.013249763112216349,0.024402913587775747,0.035888671875,0.05322265625,0.115234375,33.0,33.0,8.0,5.488162232952796,8.549125116998162,6.7460987550946445,Transient_Shock
8.691741095390171e-05,0.00015913601964712143,0.0006239511676540133,0.009322950764318222,0.012614912589753504,0.02497901454529408,0.047119140625,0.0537109375,0.109375,16.0,34.0,8.0,5.386974801330537,7.625109978054353,6.311439990258583,Transient_Shock
6.568850585608743e-05,0.00015589593385811895,0.0005792496631329414,0.008104844591729532,0.01248582932200016,0.024067606094768573,0.04248046875,0.046630859375,0.115478515625,17.0,33.0,8.0,5.134150502901101,9.1507042207706,7.0286180859201846,Transient_Shock
4.114186958759092e-05,0.00015892820374574512,0.000598270558839431,0.006414192824322552,0.01260667298480234,0.024459569882551716,0.02783203125,0.052978515625,0.11767578125,33.0,33.0,8.0,7.004599844821921,11.26182105744237,7.289726694185315,Transient_Shock
7.378868758678436e-05,0.00023181899086921476,0.0007852908311178908,0.008590034201723783,0.01522560313646769,0.028023041075477352,0.044189453125,0.0595703125,0.123291015625,33.0,33.0,8.0,6.183718535746418,10.495875059839888,6.011048828102856,Transient_Shock
5.662754119839519e-05,0.00015847478061914444,0.0005144049318914767,0.0075251273210753845,0.01258867668260427,0.02268049672938132,0.040771484375,0.052001953125,0.095458984375,33.0,33.0,8.0,5.31343461003881,9.839880466053563,6.323878848960571,Transient_Shock
6.66016130708158e-05,0.00017258216030313633,0.0005990143254166469,0.008160981134080375,0.013137052953502789,0.024474769159619197,0.042236328125,0.061767578125,0.141845703125,33.0,33.0,8.0,5.486744288754205,9.878703103031345,6.507940659944507,Transient_Shock
4.9753663915907964e-05,0.00018727942369878292,0.000578607836359879,0.007053627713163487,0.013685007259727081,0.024054268568382598,0.03515625,0.060791015625,0.1103515625,33.0,33.0,8.0,7.210969745652115,12.787908537604999,6.885269944333555,Transient_Shock
5.282006168272346e-05,0.0001781890168786049,0.0005023950907343533,0.007267741167840491,0.013348745891603633,0.02241417164952462,0.037109375,0.0556640625,0.10498046875,33.0,33.0,8.0,7.097504530961302,14.822967494065463,8.729652935002191,Transient_Shock
6.239475624170154e-05,0.00018934293984784745,0.0005374140455387533,0.007899035146250556,0.013760194033800811,0.023182192423037845,0.04345703125,0.057373046875,0.102294921875,33.0,33.0,8.0,6.574976445586392,13.791113865601716,8.21012589942385,Transient_Shock
9.296316056861542e-05,0.0001881865282484796,0.0005547260952880606,0.009641740536262912,0.013718109499799146,0.023552623957598877,0.064208984375,0.0537109375,0.10498046875,16.0,33.0,8.0,6.5062603741868115,14.808217045641939,7.687912197056254,Transient_Shock
0.062066275568213314,0.004271868117939448,0.0023400858299282845,0.24913104095678906,0.06535952966430716,0.04837443363935421,2.824462890625,0.692626953125,0.38916015625,20.0,35.0,20.0,3.086141047499981,4.0287316055654205,3.050946103619597,Transient_Shock
0.00035534548442228697,0.00020432087694643997,0.0007669813930988312,0.018850609656514746,0.014294085383347897,0.02769442891808443,0.0859375,0.070068359375,0.135498046875,6.0,33.0,8.0,4.9514877019748464,10.267135878887064,7.189467812339945,Transient_Shock
0.24910231820740592,0.0256325876689516,0.014135691217234125,0.49910151092478766,0.16010180407775423,0.11889361302119691,3.99993896484375,1.734375,1.174072265625,17.0,33.0,42.0,3.28634630692944,3.0113069436819697,3.3544630281807395,Transient_Shock
0.003397654218133539,0.0005690329089702573,0.001107870353735052,0.05828940056419811,0.023854410681680177,0.03328468647493998,0.358154296875,0.126220703125,0.18359375,17.0,6.0,3.0,5.366893622860544,7.1409333966314055,7.509213312160393,Transient_Shock
0.22774066476063126,0.026395495850010775,0.016032014958909713,0.47722181924198653,0.16246690693803084,0.1266175934019823,3.99993896484375,1.8486328125,1.26171875,17.0,34.0,17.0,4.665720915951768,3.387960513252601,2.748769183012168,Transient_Shock
0.004157413521170383,0.0006752859189873561,0.0016017068264773116,0.06447800804282328,0.02598626404444002,0.04002132964404496,0.397705078125,0.14892578125,0.1845703125,6.0,6.0,3.0,6.159991998144879,7.124568724882817,8.923386237015993,Transient_Shock
0.22500871508145792,0.03532067662672489,0.013602860297396546,0.4743508354387688,0.1879379595151679,0.11663130067609015,3.99993896484375,1.674072265625,1.18359375,20.0,25.0,42.0,3.8133923677915207,3.260452974403829,3.199574846611357,Transient_Shock
0.0012216041468491312,0.0003199131715518888,0.0007258762925630435,0.03495145414498703,0.017886116726441456,0.02694209146601361,0.1640625,0.080810546875,0.133544921875,6.0,32.0,8.0,7.243454997922866,5.754926412401309,8.28466267674117,Transient_Shock
0.16778985090218157,0.011298063618596643,0.005089297366794199,0.4096215947703216,0.1062923497651484,0.0713393115105143,3.99993896484375,1.020751953125,0.733154296875,20.0,34.0,42.0,3.4046053774368046,2.801381772573109,2.38660802467135,Transient_Shock
0.25154159519206587,0.025387042143847793,0.019260720753663918,0.5015392259754623,0.15933311690871987,0.13878299879186903,3.99993896484375,1.72412109375,1.40283203125,15.0,32.0,42.0,2.3556583326731224,2.6420385000980535,2.454001658941732,Transient_Shock
0.053270596952643245,0.003136460578389233,0.00209243321660324,0.2308042394598575,0.05600411215606612,0.04574312206882298,1.6181640625,0.333740234375,0.27880859375,17.0,6.0,8.0,4.593697502361407,4.497474694884809,2.8762604743678843,Transient_Shock
0.24407836787486303,0.03273861085472163,0.017171742161735892,0.49404288060335716,0.18093814096182603,0.1310409942030962,3.99993896484375,1.886962890625,1.440185546875,16.0,33.0,42.0,3.1417890974023335,2.788334888739454,3.021727210050658,Transient_Shock
0.011680616469675442,0.0013773518403468188,0.0009555917604302522,0.1080769007220111,0.037112691095457076,0.03091264725691173,0.76904296875,0.1826171875,0.181396484375,20.0,6.0,8.0,5.855810752325611,8.616273970150436,5.396995276917634,Transient_Shock
0.27045074081161147,0.04524298977048602,0.021375090756919235,0.5200487869533121,0.2127039956617788,0.1462022255539198,3.99993896484375,2.268310546875,1.63037109375,16.0,28.0,42.0,2.5293764074789147,3.256401231065763,2.4848442768405734,Transient_Shock
0.0033259810879826546,0.0008057467057369649,0.0009484454021730926,0.05767131945761823,0.028385677827682133,0.030796840782344747,0.363037109375,0.14208984375,0.149169921875,6.0,6.0,3.0,7.158310324692341,8.792619364561041,6.774982952800054,Transient_Shock
0.24584122129363095,0.04045645403311937,0.018620037353684893,0.4958237804841867,0.20113789805285173,0.13645525769894282,3.99993896484375,2.420166015625,1.2626953125,19.0,34.0,42.0,3.020215446383736,3.1709265648700034,3.038976317782361,Transient_Shock
0.3432365084261164,0.05908128298688098,0.05873066288404516,0.585863899234384,0.24306641682240057,0.24234410016347657,3.99993896484375,2.57470703125,3.02685546875,17.0,19.0,18.0,2.986962176519353,2.792623751622511,2.573466014928656,Transient_Shock
0.14009882058235235,0.009979721911804518,0.004355648761702469,0.3742977699403943,0.09989855810673404,0.06599733905016526,3.10009765625,0.659912109375,0.44384765625,17.0,24.0,17.0,4.116764233108196,3.0943678202900617,2.399960252875612,Transient_Shock
0.0024897349321690854,0.00041008070911630057,0.0008366264955839142,0.04989724373318716,0.020250449602818712,0.028924496462063333,0.22900390625,0.105224609375,0.13916015625,6.0,6.0,8.0,5.088990395822161,5.969734793096257,6.453154747129363,Transient_Shock
0.0004800237911695149,0.00012181181227788329,0.0006684696854790673,0.02190944525015444,0.011036838871610081,0.025854780708392543,0.13232421875,0.057373046875,0.136962890625,14.0,31.0,31.0,6.275031136471326,7.21219613827168,6.005649433020298,Transient_Shock
0.00015639277626178227,0.00010584355550236069,0.0005247484041319694,0.012505709746423121,0.010288029719162007,0.022907387544894103,0.064208984375,0.05126953125,0.112548828125,7.0,31.0,8.0,5.215461823953562,8.04682003478868,7.885429216021447,Transient_Shock
8.437722863163799e-05,0.0001043874908646103,0.0004998936783522367,0.009185707845976705,0.010217019666449228,0.022358302224279838,0.051025390625,0.051025390625,0.119140625,14.0,31.0,8.0,4.592730843018304,9.870523587925184,6.924577634960261,Transient_Shock
6.888527423143387e-05,0.00010829033271875232,0.0004523925017565489,0.008299715310264194,0.010406264109600155,0.021269520487226527,0.04345703125,0.060302734375,0.09326171875,31.0,31.0,8.0,5.9037020783071865,8.980927828158862,7.434377989005588,Transient_Shock
0.00010517731061554514,0.0001227852735610213,0.0004464677731448319,0.010255598988627877,0.0110808516622605,0.02112978402977257,0.053955078125,0.06298828125,0.093994140625,14.0,31.0,8.0,9.25012177171745,9.158687504050478,9.013274945857452,Transient_Shock
0.00016804225742816925,0.00013092007429804653,0.0005059361828898545,0.012963111410003744,0.01144203103902653,0.02249302520537988,0.05712890625,0.051513671875,0.098388671875,14.0,31.0,8.0,12.303164407852782,8.92241325666288,8.432435832199987,Transient_Shock
7.974955587997101e-05,0.00013543535897042602,0.0005758125334978104,0.008930260683763437,0.011637669825632021,0.023996094130041463,0.0458984375,0.05224609375,0.10986328125,14.0,31.0,8.0,8.362012972900798,9.304850360586986,7.9545004325353155,Transient_Shock
5.1572686061263084e-05,0.00010945705798803829,0.0004056575671711471,0.007181412539414727,0.010462172718323774,0.020140942559154155,0.037109375,0.053466796875,0.09130859375,8.0,31.0,8.0,5.298296832922201,8.451179268511837,8.086659616009179,Transient_Shock
4.568113945424557e-05,0.00011951090709771961,0.0005214968077780213,0.006758782394355182,0.010932104422192446,0.02283630459986951,0.034423828125,0.0595703125,0.103515625,8.0,31.0,8.0,4.278634206148488,7.022206049549475,8.770662216552306,Transient_Shock
5.142038207850419e-05,0.0001391413970850408,0.00055320629326161,0.007170800658120695,0.011795821170441709,0.023520337864529284,0.040283203125,0.06005859375,0.10693359375,8.0,32.0,8.0,4.839619369857657,5.944904189642109,8.606818916504592,Transient_Shock
4.2470604967093095e-05,0.00012026389231323265,0.000537793090188643,0.00651694751912988,0.010966489516396423,0.023190366322864392,0.03076171875,0.05322265625,0.098388671875,32.0,32.0,8.0,6.339497681970399,7.299478234504945,9.673639086376069,Transient_Shock
5.301963756210171e-05,0.00013679900075658225,0.0005455019272631034,0.007281458477674765,0.011696110496937957,0.023355982686735822,0.0302734375,0.059326171875,0.108642578125,8.0,31.0,8.0,4.9996676629107535,6.827371705355569,8.965635610046961,Transient_Shock
4.959373836754821e-05,0.00012971553587703966,0.0005422222893685102,0.00704228218460097,0.011389272842330175,0.023285667037225073,0.033935546875,0.056640625,0.109375,8.0,32.0,8.0,5.086473201446362,7.68549580410398,8.763317254900398,Transient_Shock
4.9232123274123296e-05,0.0001336488603556063,0.0005218349397182465,0.007016560644227576,0.011560660031140363,0.022843706785857818,0.029541015625,0.055908203125,0.10791015625,32.0,32.0,8.0,6.147689072514405,8.8396010175124,10.16752863991011,Transient_Shock
4.855624501942657e-05,0.00012076873099431396,0.0005408886609075125,0.006968231125574593,0.010989482744620601,0.023257013155336875,0.041015625,0.06298828125,0.115966796875,32.0,32.0,8.0,4.483986907213787,7.979158424746675,8.874606694045392,Transient_Shock
5.368803613237105e-05,0.00014016474597156048,0.0004967579698131885,0.007327212029985966,0.011839119307261012,0.022288067879768954,0.040771484375,0.058349609375,0.1044921875,8.0,32.0,8.0,4.941412935731537,8.362411243875513,8.699882323169088,Transient_Shock
4.087193156010471e-05,0.00014653497783001512,0.0004780426970683038,0.006393115950778987,0.012105163271514148,0.021864187546494926,0.038330078125,0.055908203125,0.09765625,8.0,32.0,8.0,6.447375792043664,14.944403587698684,12.118547559319584,Transient_Shock
5.218373553361744e-05,0.00010231873238808475,0.0005374089232645929,0.007223831084238988,0.010115272234996187,0.023182081944135062,0.03466796875,0.051025390625,0.11083984375,32.0,32.0,8.0,6.856368503524475,9.895194742936939,9.580635250148383,Transient_Shock
5.1905401051044464e-05,0.00017974652291741222,0.000597094764088979,0.007204540308100474,0.013406958003865464,0.024435522586778842,0.0390625,0.060546875,0.1083984375,8.0,32.0,8.0,6.351958784597337,14.989830768743458,10.509222769261669,Transient_Shock
0.00013612466864287853,0.00017775502055883408,0.0006090195638535079,0.011667247689274388,0.013332479910310538,0.024678321738998133,0.06591796875,0.063232421875,0.108154296875,8.0,32.0,8.0,4.5069369162296,11.346095523707879,10.443897733763258,Transient_Shock
0.0002782767260214314,0.0001152461591118481,0.0006431084439100232,0.016681628398373803,0.010735276387305922,0.025359582881230976,0.09326171875,0.055419921875,0.12158203125,21.0,32.0,8.0,6.502536042064191,10.86710712427509,9.998554299919606,Transient_Shock
4.675527088693343e-05,0.00012349537792033516,0.0006184891935845371,0.0068377826001514135,0.011112847426305068,0.02486944296892347,0.031982421875,0.05322265625,0.11767578125,32.0,32.0,8.0,5.039502548047718,10.400443616394362,8.953810833256938,Transient_Shock
6.763203055015765e-05,0.00015697033086325973,0.0006749173589923885,0.00822386956062398,0.012528780102757799,0.02597917163791772,0.039794921875,0.0712890625,0.12841796875,8.0,32.0,8.0,5.88376777288514,9.653840836174874,9.17480234073323,Transient_Shock
6.635671888943762e-05,0.00015508284195675515,0.0005062741547590122,0.008145963349379717,0.012453226166610609,0.022500536766019874,0.03759765625,0.064453125,0.103515625,8.0,32.0,8.0,7.444799019114117,9.965355474022314,9.979848519320623,Transient_Shock
6.121987462393008e-05,0.00013752240556641482,0.0005761968168371823,0.007824313044857681,0.011726994737204193,0.0240041000005662,0.037109375,0.054931640625,0.1162109375,8.0,32.0,8.0,7.0837852704411945,9.399457864552092,10.135895320025773,Transient_Shock
5.7587367336964235e-05,0.00014340491907205433,0.0006538209854625165,0.007588634089015245,0.011975179291854227,0.025569923454373433,0.035400390625,0.052978515625,0.129150390625,32.0,32.0,8.0,6.906768144936012,11.585383547792455,9.412604483935501,Transient_Shock
4.964309846400283e-05,0.00015938431897666305,0.000629553513135761,0.007045785865608096,0.012624750254031288,0.025090904988376985,0.03369140625,0.05712890625,0.1142578125,32.0,32.0,8.0,5.970979140545906,11.093388154929015,8.228476123923665,Transient_Shock
7.226038724184036e-05,0.00015820172484382056,0.0005778853046649601,0.008500610992266401,0.012577826713857229,0.024039245093491604,0.038330078125,0.056640625,0.107421875,32.0,32.0,8.0,5.5457270945482415,10.690160922670513,9.526941911966125,Transient_Shock
6.1017224652459845e-05,0.00014407516209757887,0.0005576826952164993,0.00781135229345469,0.01200313134551059,0.023615306375664478,0.037109375,0.05419921875,0.1015625,14.0,32.0,8.0,4.292229734084261,8.433356788903824,9.554673783115994,Transient_Shock
5.065985897090286e-05,0.00013920358833274804,0.0005612927743641194,0.007117573952612144,0.011798457031864296,0.023691618230169912,0.03369140625,0.056396484375,0.10302734375,32.0,32.0,8.0,5.409422105686353,8.646520401457112,8.828380002278399,Transient_Shock
8.196826092898846e-05,0.00014620544607168995,0.0005153185593371745,0.009053632471499406,0.012091544403908458,0.0227006290515742,0.053466796875,0.05810546875,0.096435546875,12.0,32.0,8.0,6.230329223523876,10.06150304319404,9.16609740364605,Transient_Shock
8.223359691328369e-05,0.0001532070709799882,0.0005350337451091036,0.009068274197072103,0.012377684394909582,0.02313079646508316,0.053466796875,0.0556640625,0.110595703125,12.0,32.0,8.0,6.103369000556434,8.974566781212506,8.981610896401742,Transient_Shock
9.268928261008114e-05,0.00016802152094896883,0.0006151157977001276,0.009627527336241696,0.012962311558860512,0.024801528132357642,0.04345703125,0.0625,0.117431640625,12.0,33.0,8.0,6.37157784937823,7.168654055265048,8.408065540877708,Transient_Shock
9.694810432847589e-05,0.00016033445353969,0.0004957448691129684,0.009846222845765572,0.012662324176062228,0.022265328857058644,0.05517578125,0.05859375,0.10107421875,12.0,33.0,8.0,6.180072426171035,6.551605266140879,9.333099439310093,Transient_Shock
7.059797644615173e-05,0.0001894638262456283,0.0005367340309021529,0.008402260198669863,0.013764585945302834,0.023167521034891777,0.040771484375,0.059326171875,0.11181640625,12.0,33.0,8.0,5.630293579982121,7.46963069337645,9.59356574723545,Transient_Shock
6.267032222240232e-05,0.00013868101814296097,0.000501593454828253,0.007916458944654632,0.011776290508600787,0.022396282165311567,0.0380859375,0.05126953125,0.091796875,12.0,33.0,8.0,5.215881216343427,8.107986121106924,10.076481180826491,Transient_Shock
6.366892193909734e-05,0.00018920781076303683,0.0005768316877947655,0.007979280790841826,0.013755283012829538,0.024017320579006424,0.04931640625,0.059326171875,0.111328125,32.0,32.0,8.0,4.725280967579698,7.564692630702464,8.727163329932793,Transient_Shock
6.344146095216274e-05,0.00015766083015478216,0.00048594363033771515,0.007965014811798076,0.01255630638980995,0.02204412915807098,0.042724609375,0.06103515625,0.10302734375,8.0,32.0,8.0,5.113009477451115,7.5670330568037745,9.700923055646356,Transient_Shock
5.3618670790456235e-05,0.0001576132490299642,0.000519031600560993,0.007322477093884025,0.012554411536586022,0.022782265044569053,0.042724609375,0.064453125,0.102783203125,8.0,32.0,8.0,4.914535067118249,7.5167047533436575,8.72286579789171,Transient_Shock
4.8917660024017096e-05,0.00016196866272366606,0.000545358270755969,0.006994116100267216,0.012726690957341035,0.0233529071157312,0.03955078125,0.057373046875,0.1025390625,8.0,32.0,8.0,5.13780303043798,8.659749520313298,8.640424277953347,Transient_Shock
4.213983993395232e-05,0.00016348993813153356,0.0005379102331062313,0.006491520618002559,0.012786318396298974,0.023192891865962538,0.0341796875,0.05712890625,0.103515625,32.0,32.0,8.0,5.379340304152367,8.353021120512299,9.8190022335997,Transient_Shock
5.411333404481411e-05,0.0001519262877991423,0.0005577218507824,0.007356176591464761,0.01232583821892622,0.023616135390499438,0.04248046875,0.0546875,0.105224609375,32.0,32.0,8.0,5.976017452109518,8.068383490015757,8.70731782340845,Transient_Shock
7.514836033806205e-05,0.00017244642367586493,0.0005673635605489835,0.008668815394162114,0.013131885762367297,0.02381939463019544,0.044189453125,0.0625,0.101806640625,32.0,32.0,8.0,5.023917026542518,8.400013981977049,9.554905311739047,Transient_Shock
0.00021092720271553844,0.00016451006740680896,0.000622236020717537,0.014523333044295943,0.012826147800754868,0.02494465916218414,0.068359375,0.061767578125,0.111572265625,14.0,32.0,8.0,12.536300330129983,8.973339632481895,7.545367863223598,Transient_Shock
0.000307170699670678,0.0001778595869836863,0.0007268575100169983,0.01752628596339447,0.013336400825698301,0.02696029506546615,0.068359375,0.061279296875,0.1259765625,14.0,32.0,8.0,16.211209925186992,9.624609727068401,8.243782527605232,Transient_Shock
0.00030328589491546154,0.00014983717119321227,0.0006092353105486836,0.017415105366188902,0.012240799450739004,0.024682692530367988,0.06884765625,0.064208984375,0.11083984375,14.0,32.0,8.0,16.074737350972168,7.9303073614896915,8.533932371047506,Transient_Shock
0.00036011658085044473,0.00017340386693831533,0.0006362671119859442,0.018976737887488587,0.013168290205577766,0.02522433570950768,0.076416015625,0.059814453125,0.12841796875,14.0,32.0,8.0,18.490233905274994,8.15575546333662,8.084540406242132,Transient_Shock
0.00029418751364573836,0.00017531435878481716,0.0005988804041408002,0.017151895336834887,0.013240632869497483,0.024472033101906352,0.0751953125,0.060791015625,0.122802734375,14.0,33.0,8.0,18.37172631497391,8.516754006418136,8.032294209066755,Transient_Shock
0.00015387166058644652,0.00016073777442215942,0.0006040059815859422,0.012404501625879475,0.012678240194213052,0.024576533148227848,0.055908203125,0.053955078125,0.122802734375,14.0,33.0,8.0,11.440788548043527,8.785390029095524,8.000277785883876,Transient_Shock
6.338097955449484e-05,0.0001510611873527523,0.0006224922690307721,0.007961217215633224,0.012290695153356962,0.024949794969714122,0.04052734375,0.05224609375,0.12060546875,14.0,33.0,8.0,6.467122512496663,10.065178996296009,8.667231428872787,Transient_Shock
6.088049849495292e-05,0.00016592515385127626,0.0005162473389646038,0.007802595625492386,0.01288119380536122,0.022721076976336397,0.041259765625,0.06103515625,0.105224609375,33.0,33.0,8.0,5.126567865602707,9.193855055727534,8.32604143116759,Transient_Shock
9.549729293212295e-05,0.0001736664562486112,0.0006200136704137549,0.009772271636222712,0.013178256950318249,0.024900073702978368,0.044677734375,0.05615234375,0.118896484375,14.0,33.0,8.0,6.147079594919658,8.401964475565054,7.740944561333992,Transient_Shock
0.00019603638429543935,0.00014943861970095895,0.0005216503050178289,0.014001299378823358,0.01222450897586316,0.022839665168689075,0.0556640625,0.055419921875,0.106689453125,14.0,33.0,8.0,14.326321844332641,9.356161711793343,8.041960157329346,Transient_Shock
0.00013577286154031754,0.00016576930647715926,0.0005234456584730651,0.011652161239028472,0.012875142969192973,0.022878934819459254,0.047607421875,0.0546875,0.11328125,14.0,33.0,8.0,10.545562696689093,10.388063760927869,7.9424500813181815,Transient_Shock
6.878599742776714e-05,0.00014551471394952387,0.0004312046221457422,0.00829373241838481,0.012062947979226465,0.020765467058213312,0.04345703125,0.052978515625,0.097900390625,14.0,33.0,8.0,5.219450832520433,10.902385329099287,9.138424079410012,Transient_Shock
4.5838518417440355e-05,0.00016611403771094047,0.0005445323440653738,0.006770414936873541,0.012888523488396197,0.02333521682062058,0.03662109375,0.05615234375,0.1083984375,33.0,33.0,8.0,5.928361684694518,8.978941756635324,9.357341705164421,Transient_Shock
5.5468117352575064e-05,0.00017142860087915324,0.0005290535300446209,0.00744769208228798,0.013093074538822165,0.023001163667184774,0.04248046875,0.05712890625,0.10693359375,33.0,33.0,8.0,4.875089588451493,8.439445438864558,8.526409433837681,Transient_Shock
4.7695732064312324e-05,0.0001526933592685964,0.0005404621915658936,0.006906209674221622,0.012356915443127238,0.023247842729291972,0.03662109375,0.057373046875,0.109375,8.0,33.0,8.0,6.071547813919147,7.610212721345061,9.180909517275344,Transient_Shock
5.910730396863073e-05,0.00019362276361789554,0.0005801217048428953,0.007688127468287107,0.013914839690700556,0.024085715784316963,0.03955078125,0.05908203125,0.115966796875,8.0,32.0,8.0,5.1224747497107606,8.012316935675315,8.248975726201397,Transient_Shock
5.168536154087633e-05,0.00017547461902722716,0.0005349502280296292,0.007189253197716459,0.01324668332176878,0.023128991072453402,0.0361328125,0.0556640625,0.10693359375,8.0,33.0,8.0,5.155718790126223,7.530041739473367,9.67817569490774,Transient_Shock
5.217553916736506e-05,0.00016729043272789568,0.0005973988700134214,0.007223263747598107,0.012934080281484867,0.024441744414288875,0.0361328125,0.056396484375,0.12548828125,8.0,33.0,8.0,4.96877654154855,8.701656902955852,7.937593731574696,Transient_Shock
5.5667886044830084e-05,0.00016817630967125297,0.000544666763744317,0.007461091478116998,0.012968280906552455,0.023338096832096592,0.0341796875,0.057861328125,0.106689453125,33.0,33.0,8.0,5.170248371125447,8.624499274345089,8.801733176439912,Transient_Shock
4.6416007535299286e-05,0.00015443010124727152,0.0004823992458113935,0.006812929438596828,0.012426990836371913,0.0219635890922088,0.039306640625,0.056640625,0.09033203125,33.0,33.0,8.0,4.983678244013491,7.933543458516467,8.362330016494818,Transient_Shock
4.784367047250271e-05,0.00013788322394248098,0.000510897134518018,0.006916911917358982,0.011742368753470527,0.02260303374589389,0.0341796875,0.052490234375,0.0927734375,8.0,32.0,8.0,5.384212317179317,6.745791429078448,9.092933103805786,Transient_Shock
4.276033359928988e-05,0.00015127737060538493,0.000509358462295495,0.0065391385976510605,0.01229948659926035,0.022568971228115273,0.032470703125,0.0537109375,0.105224609375,8.0,32.0,8.0,6.074351810792675,7.954628109089126,8.787972282691175,Transient_Shock
6.197950278874487e-05,0.00016893300926312804,0.0005862141515535768,0.007872706192202582,0.012997423177812132,0.024211859729347036,0.047119140625,0.054931640625,0.1044921875,32.0,32.0,8.0,5.227604867034329,8.954158005086711,8.70767279141928,Transient_Shock
8.67042108438909e-05,0.00014047800505068153,0.0005113127990625799,0.009311509589958597,0.011852341753876384,0.022612226760374127,0.049072265625,0.050048828125,0.106689453125,8.0,33.0,8.0,6.162478869972349,7.986119709245064,8.566180588980696,Transient_Shock
0.00010335106344427913,0.00015859253471717238,0.0005397843196988106,0.010166172507108029,0.012593352798884513,0.023233258912576396,0.060546875,0.0576171875,0.1142578125,8.0,33.0,8.0,5.527662541394066,6.73454790699768,8.147628863173887,Transient_Shock
5.401766611612402e-05,0.00016844132551341318,0.0005252481787465513,0.007349671157005871,0.012978494732187288,0.02291829353914796,0.037353515625,0.07080078125,0.11474609375,8.0,33.0,8.0,6.214241857880329,8.84349966473185,8.159223116453813,Transient_Shock
4.6869008656358346e-05,0.00018657772670849226,0.0005888119885639753,0.006846094408957442,0.013659345764292383,0.024265448451738437,0.033203125,0.057861328125,0.103271484375,33.0,33.0,8.0,5.9619747966473495,11.082650799141863,8.608116109863554,Transient_Shock
3.55005577148404e-05,0.00013806525385007262,0.000467632373329252,0.005958234446112405,0.011750117184525124,0.021624809209083256,0.025390625,0.0556640625,0.0966796875,33.0,33.0,8.0,6.275666322311779,9.501511745502407,8.645900591795437,Transient_Shock
3.779510370804928e-05,0.00016192869225051254,0.0005072376079624519,0.006147772255707695,0.012725120520078093,0.022521936150394616,0.033935546875,0.056396484375,0.09619140625,33.0,33.0,8.0,5.72818675907395,8.747277998915157,8.657500563278285,Transient_Shock
4.707439802587032e-05,0.00016667935051373206,0.00047355619244626723,0.006861078488537376,0.012910435721296631,0.02176134629213614,0.03466796875,0.0576171875,0.09765625,8.0,33.0,8.0,4.746948199429182,9.287698117579483,9.33369566022679,Transient_Shock
5.600223084911704e-05,0.00019693723879754543,0.0005472570192068815,0.007483463826939838,0.014033432894254542,0.023393525155625466,0.036865234375,0.0615234375,0.1044921875,33.0,33.0,8.0,6.527588241574218,9.12176116946464,8.464862267444088,Transient_Shock
6.745315840817057e-05,0.00017253379337489605,0.0005595005604845937,0.008212987179350189,0.013135211965358459,0.02365376419271558,0.042236328125,0.057373046875,0.109375,33.0,33.0,8.0,6.3614730867630245,11.289236996999376,8.97441911394767,Transient_Shock
6.097234654589556e-05,0.00018509698202251457,0.0005752714350819588,0.007808479144231325,0.013605035171675028,0.023984816761483896,0.045654296875,0.063232421875,0.111083984375,33.0,33.0,8.0,5.5089544687727265,10.83205792504412,7.419511886536274,Transient_Shock
6.054992263671011e-05,0.00017708615268929861,0.0006902883178554475,0.007781383079935733,0.013307372118089229,0.026273338536536378,0.0361328125,0.0537109375,0.125732421875,33.0,33.0,8.0,5.824152044514151,11.363189731273925,7.126246260809666,Transient_Shock
7.437820022460073e-05,0.0001774979173205793,0.0006695528136333451,0.00862427969308746,0.013322834432679079,0.025875718610955428,0.043212890625,0.05810546875,0.125732421875,33.0,33.0,8.0,5.975733940756343,10.686642546849436,7.155790302817395,Transient_Shock
7.834413190721534e-05,0.00013809835945721716,0.0005294164548104163,0.008851222057276347,0.011751525835278461,0.02300905158433125,0.0498046875,0.060302734375,0.095703125,12.0,33.0,8.0,7.246589449312292,12.027369580993597,7.508974037678145,Transient_Shock
7.524527609348297e-05,0.00016370974481105804,0.0006273006692936178,0.008674403500730352,0.01279491089500267,0.02504597111899672,0.044921875,0.063232421875,0.1201171875,12.0,33.0,8.0,5.84009669728822,11.596265018798691,7.832609922192429,Transient_Shock
8.281314512714744e-05,0.00016019037866499275,0.0005808398382214364,0.009100172807543131,0.012656633780946367,0.024100619042286785,0.051025390625,0.060791015625,0.12255859375,12.0,33.0,8.0,5.995361558189295,11.329449471366512,7.728135590968879,Transient_Shock
7.697357796132565e-05,0.00017001373635139316,0.0005311186978360638,0.008773458722837057,0.013038931564794454,0.0230460126233599,0.03955078125,0.058349609375,0.103515625,12.0,33.0,8.0,5.622512894824871,9.230977513919623,8.190546975298709,Transient_Shock
6.138370008557104e-05,0.00017249671509489417,0.0005147426854819059,0.00783477505009372,0.013133800481768184,0.022687941411285113,0.045166015625,0.05712890625,0.09375,12.0,33.0,8.0,4.55555168983521,9.4027310846214,9.056814528269578,Transient_Shock
5.5002979934215546e-05,0.0001728720380924642,0.00047415209701284766,0.007416399391498246,0.01314808115629289,0.021775033800498396,0.035400390625,0.055908203125,0.094970703125,33.0,33.0,8.0,4.957873775474448,8.664967542451118,7.73276565662518,Transient_Shock
5.4743632063036785e-05,0.0001519634242868051,0.00047326051571872085,0.0073988939756585775,0.012327344575649903,0.021754551609231593,0.038818359375,0.052734375,0.09326171875,8.0,33.0,8.0,5.426147292015717,10.58084131852815,9.043114234016766,Transient_Shock
4.743957833852619e-05,0.00017327279419987462,0.0005850549787282944,0.006887639533143862,0.013163312432662024,0.02418790976352224,0.034912109375,0.05859375,0.105712890625,33.0,33.0,8.0,5.9033918933605785,9.692284452798026,8.490391099494184,Transient_Shock
4.445077138370834e-05,0.00017072673654183745,0.0005307688843458891,0.006667141170224937,0.013066244163562743,0.023038421915267743,0.035400390625,0.056396484375,0.113037109375,33.0,33.0,8.0,5.501387917831942,7.929520518119102,8.324724764897084,Transient_Shock
4.1962703107856214e-05,0.00014800825374550186,0.0005066292214905843,0.006477862541599367,0.01216586428271752,0.022508425566675788,0.0302734375,0.05615234375,0.109375,8.0,33.0,8.0,5.081891145278649,8.62593265490655,8.427238098993275,Transient_Shock
5.028903251513839e-05,0.00016156128549482673,0.0005562943260883912,0.007091476046292364,0.012710676043972906,0.023585892522615955,0.035888671875,0.05615234375,0.10888671875,32.0,32.0,8.0,5.498351796940184,8.094785154818556,9.07507956175804,Transient_Shock
7.209548493847251e-05,0.00015403491852339357,0.0005036927614128217,0.00849090601399359,0.012411080473649083,0.022443100530292637,0.037353515625,0.05517578125,0.095703125,8.0,32.0,8.0,5.17710401333707,8.182673317704406,8.877712233046896,Transient_Shock
0.00012452993541955948,0.00016388724543503486,0.000540694974915823,0.011159298159810925,0.012801845391779846,0.023252848748396893,0.052978515625,0.061767578125,0.105224609375,14.0,32.0,8.0,10.173386659210129,8.90226146318671,10.243785039312272,Transient_Shock
0.0002853792248060927,0.00013790743832942098,0.0005903103738091886,0.01689317095178086,0.011743399777297076,0.02429630370672026,0.073486328125,0.05224609375,0.122802734375,14.0,32.0,8.0,15.03421283535433,9.50084592612192,8.728205148908792,Transient_Shock
0.00021875939273741096,0.00015945261111482978,0.0005185594200156629,0.014790516986819999,0.012627454657009455,0.02277189978933824,0.06640625,0.061767578125,0.1044921875,14.0,32.0,8.0,15.9553941127749,8.453531884680507,9.198156525309338,Transient_Shock
0.00020681641399278305,0.00015287566930055618,0.00057788728736341,0.014381113099923213,0.012364290084778672,0.024039286332239774,0.0576171875,0.056396484375,0.114013671875,14.0,32.0,8.0,15.605697526390829,9.942249776407898,8.682306737676218,Transient_Shock
0.00017526946248835884,0.0001594459026819095,0.00047989316226448864,0.013238937362506057,0.012627189025349605,0.021906463937945087,0.06103515625,0.05810546875,0.09814453125,14.0,32.0,8.0,14.738715225978854,10.085681065172219,10.477861464826603,Transient_Shock
0.00011649465523078106,0.00015685584730817936,0.0005449335876619443,0.01079326897796868,0.012524210446498388,0.023343812620519905,0.059814453125,0.051513671875,0.0986328125,14.0,32.0,8.0,10.807642307003844,9.400301461263638,9.01299560155954,Transient_Shock
7.069340426824056e-05,0.0001760323029884603,0.0005463889938255306,0.00840793698051077,0.013267716570249015,0.023374965108541458,0.048583984375,0.06884765625,0.1220703125,14.0,32.0,8.0,5.114445768754482,7.177374805809575,7.582687302675104,Transient_Shock
3.879778887494467e-05,0.00013986309932079166,0.00045489793410524726,0.00622878711106301,0.01182637304167223,0.02132833641204225,0.028564453125,0.0498046875,0.088623046875,8.0,33.0,8.0,4.4860095745172694,10.304198122356231,9.34333320282042,Transient_Shock
6.942334584891796e-05,0.0001252261245099362,0.0003957950357289519,0.008332067321434577,0.011190447913731433,0.019894598154497917,0.04296875,0.050537109375,0.09033203125,13.0,33.0,8.0,5.717985889708817,8.952371867573117,9.224534826508059,Transient_Shock
0.00013832990953233093,0.00018788348825182766,0.0005295954142638948,0.01176137362438295,0.01370705979602583,0.02301294014818391,0.056396484375,0.061767578125,0.112548828125,14.0,33.0,8.0,11.122472001257973,9.603320510946356,9.099505733201543,Transient_Shock
0.17507406936215375,0.015367033742222702,0.004834571704122936,0.4184185337221019,0.12396384046254255,0.06953108444518133,3.99993896484375,1.08056640625,0.767578125,20.0,34.0,20.0,3.3347178870574012,4.143135562500981,2.7768481133106313,Transient_Shock
0.0006442675330617931,0.0002727115024754312,0.0005900702344661113,0.025382425673323522,0.016513979001907177,0.02429136131356395,0.121337890625,0.070556640625,0.107177734375,6.0,33.0,8.0,6.567244400809293,6.312714049390194,8.133800415137758,Transient_Shock
0.3289421985091394,0.0644095015268249,0.02788755646906793,0.5735348276339802,0.2537902707489491,0.16699567799517426,3.99993896484375,2.513427734375,1.74609375,17.0,30.0,42.0,3.7844111737122335,2.960864883641799,3.3030595199120896,Transient_Shock
0.002615709698147839,0.00046551435661967844,0.0008396969642490149,0.05114400940626222,0.02157578171514716,0.028977525157421826,0.263671875,0.115966796875,0.1435546875,17.0,6.0,3.0,5.570687139118889,7.32716057609094,6.3917737153441925,Transient_Shock
0.28331273441926896,0.03968956238531973,0.02868079066684004,0.532271297760145,0.1992223942866859,0.16935403941695645,3.99993896484375,2.016845703125,1.934814453125,17.0,34.0,17.0,4.266225659277422,3.818150975216067,2.8173281781266115,Transient_Shock
0.0034316031815251336,0.0007829891073924955,0.0007000169680395629,0.058579887175763096,0.027981942523572154,0.02645783377450926,0.3193359375,0.162841796875,0.1650390625,6.0,6.0,8.0,6.938349809463414,6.844084573300408,5.404603102895736,Transient_Shock
0.3135920158447334,0.042881711528025335,0.015886560489889234,0.5599928712445663,0.20707899827849596,0.12604189973929,3.99993896484375,2.5,1.34619140625,16.0,29.0,16.0,3.1850544139270616,3.3655693488830334,2.8144025724904504,Transient_Shock
0.0038773051601310726,0.0007864620856707916,0.0010024912189692259,0.06226801072887324,0.02804393135191269,0.031662141730609855,0.3251953125,0.160400390625,0.15576171875,6.0,6.0,3.0,6.252824747152995,6.926642346221797,8.054326632679205,Transient_Shock
0.23041384891166672,0.02183064910059329,0.019909385810024105,0.48001442573288017,0.14775198509865542,0.1411006229965839,3.99993896484375,1.74365234375,1.525390625,6.0,31.0,42.0,2.470891092818639,2.807852561561232,3.1687405137464175,Transient_Shock
0.004628207942005247,0.0010587958240648732,0.0009296766947954893,0.06803093371404839,0.03253914295221792,0.03049060010553235,0.419677734375,0.18798828125,0.172607421875,6.0,6.0,8.0,5.222748934357761,7.788989233856049,5.344308107443638,Transient_Shock
0.2283087841778979,0.027247455378528684,0.021444072233862244,0.47781668470020794,0.16506803257605238,0.14643794670051286,3.99993896484375,1.855712890625,1.64306640625,16.0,34.0,42.0,2.7737847429946862,3.001560509358997,2.6779166709618365,Transient_Shock
0.006209704875800526,0.0007856401934986934,0.0007761344313621521,0.07880168066609065,0.02802927386677531,0.027859189352207506,0.57958984375,0.1494140625,0.13427734375,20.0,6.0,8.0,4.411357239373387,7.157822910914953,5.495925018132176,Transient_Shock
0.4142941622840226,0.04159835434620618,0.0279217900497315,0.6436568668817436,0.20395674626304025,0.16709814496196987,3.99993896484375,2.14111328125,1.941650390625,15.0,34.0,17.0,4.191061800134343,3.199648631198101,2.836393537286881,Transient_Shock
0.03724012208112981,0.00445870973271667,0.0018833292961062398,0.19297699883957625,0.0667735706153016,0.043397342039648464,1.769287109375,0.62939453125,0.221435546875,17.0,35.0,2.0,5.573258112501417,3.2286245500460433,5.020234501443163,Transient_Shock
0.4059465201696639,0.04429477214580402,0.03012284799478948,0.6371393255557719,0.2104632322896425,0.17355935006443612,3.99993896484375,2.1083984375,1.750244140625,15.0,25.0,42.0,3.469885068001731,3.2433473361291507,2.4395719666372644,Transient_Shock
0.03611552924485295,0.002847637628292432,0.002219116020569345,0.1900408620398596,0.05336326103502701,0.04710749431427387,1.3984375,0.3935546875,0.33984375,20.0,36.0,2.0,5.223559851737057,3.4475166740785204,4.936136603178013,Transient_Shock
0.0007464624904969241,0.00028036109870299697,0.0010350316842959728,0.027321465745763423,0.01674398694167542,0.03217190830982789,0.154541015625,0.09375,0.1728515625,18.0,33.0,8.0,4.979099103353797,6.219421122965094,6.003822311430079,Transient_Shock
0.00026189483469352126,0.000182229789061239,0.000698042320436798,0.016183165163018057,0.013499251425958366,0.026420490541184092,0.096435546875,0.0673828125,0.114501953125,14.0,33.0,8.0,7.604415992301992,8.58482712051482,7.632159736541855,Transient_Shock
0.000252275316597661,0.0001628654972591903,0.0005606527520285454,0.015883177156906014,0.012761876713837597,0.023678107019534846,0.0859375,0.0634765625,0.104736328125,14.0,33.0,8.0,8.99343375379694,9.684909563653818,7.615852447291779,Transient_Shock
8.744001388549805e-05,0.0001678647822700441,0.0006511532665172126,0.009350936524514433,0.012956264209641763,0.02551770496179491,0.04833984375,0.056884765625,0.103271484375,8.0,33.0,8.0,5.1657335417742,8.595295053663408,8.582521313942173,Transient_Shock
7.503985762014054e-05,0.00017455641864216886,0.0006633501034229994,0.008662554912965375,0.013211980118141597,0.025755583927043846,0.043212890625,0.05078125,0.113525390625,33.0,33.0,8.0,6.707117584298019,12.751380095756279,7.771142752873063,Transient_Shock
6.12655385339167e-05,0.00017246367860934697,0.0006403055122063961,0.007827230578813729,0.01313254273205867,0.02530425877607159,0.037841796875,0.055908203125,0.1171875,33.0,33.0,8.0,6.714251566909312,12.747990058491139,7.644307113585381,Transient_Shock
9.899580254568718e-05,0.00015775905558257364,0.0005432980688055977,0.009949663438814762,0.012560217178957283,0.02330875519639772,0.048583984375,0.05224609375,0.108154296875,13.0,33.0,8.0,5.3359801277361765,12.642561874556492,8.23982396249066,Transient_Shock
0.00014100406770012341,0.00015049351713969372,0.0005712044039682951,0.011874513366876279,0.012267579921879202,0.023899882927920276,0.057861328125,0.052734375,0.108642578125,14.0,33.0,8.0,10.858848895265503,9.98078339021072,7.76837204053961,Transient_Shock
0.0001069352583726868,0.00014377803017850965,0.0005880117969354615,0.01034095055460023,0.011990747690553315,0.02424895455345367,0.054443359375,0.0546875,0.117919921875,14.0,33.0,8.0,9.857702862468106,10.923282385692465,6.927771532687261,Transient_Shock
7.590988752781413e-05,0.00017577880862518214,0.0007253637886606157,0.008712628049435723,0.013258160076917994,0.026932578574295773,0.051025390625,0.05859375,0.120361328125,33.0,33.0,8.0,4.811995658814959,9.84916057177823,6.918450879250621,Transient_Shock
7.140437082853168e-05,0.00015542856635875069,0.0006596475104743149,0.00845011069918801,0.012467099356255677,0.025683603923015066,0.044677734375,0.0517578125,0.1083984375,33.0,33.0,8.0,5.054913826664547,9.70788568358535,6.486010053550736,Transient_Shock
6.0682734329020604e-05,0.00016049887926783413,0.0006719122429785784,0.007789912344116627,0.012668815227472305,0.025921270088068184,0.035400390625,0.050537109375,0.135009765625,33.0,33.0,8.0,5.171411708561944,9.508641399713923,6.133081074477878,Transient_Shock
5.083137875772081e-05,0.00015786100630066358,0.0006326134571281727,0.007129612805596165,0.01256427500099642,0.025151808227802882,0.033447265625,0.05419921875,0.129638671875,33.0,33.0,8.0,4.7946676397507755,7.846391586776381,6.776925572605341,Transient_Shock
5.9968642744934186e-05,0.00015219513079500757,0.0006591908168047667,0.007743942325775302,0.012336739066504064,0.025674711620673887,0.041748046875,0.048583984375,0.106201171875,34.0,34.0,8.0,4.556795414303454,6.984286782480973,6.350368933727056,Transient_Shock
5.1598064601421356e-05,0.00017814245074987411,0.0006054722434782889,0.007183179282283114,0.01334700156401707,0.02460634559373433,0.03857421875,0.061279296875,0.114501953125,34.0,34.0,8.0,5.184448699682824,9.552693202277714,5.7810743538748515,Transient_Shock
5.5506592616438866e-05,0.00016695630256435834,0.000546234063222073,0.007450274667180993,0.012921157168162545,0.023371650845031743,0.03955078125,0.051513671875,0.102294921875,34.0,34.0,8.0,4.854436283153938,10.695054495052313,6.057046383635603,Transient_Shock
5.246113505563699e-05,0.00017676237257546745,0.0006039072177372873,0.007243005940604839,0.013295201110756747,0.024574523754028018,0.034912109375,0.058837890625,0.108154296875,34.0,34.0,8.0,6.486259967073544,11.639540399626943,6.0599283520034355,Transient_Shock
4.8837566282600164e-05,0.00016753630188759416,0.0004794124834006652,0.006988387960223743,0.012943581493836788,0.021895490024218804,0.03857421875,0.06005859375,0.102783203125,8.0,34.0,8.0,4.219850144295073,9.418342505534019,6.449355413300182,Transient_Shock
5.833873001392931e-05,0.0001879793380794581,0.0006047135066182818,0.007637979445765045,0.013710555717382797,0.024590923256727914,0.0361328125,0.06591796875,0.102294921875,34.0,34.0,8.0,5.3678994365589645,9.52760948425075,6.6571105090386435,Transient_Shock
5.456688813865185e-05,0.00017062289407476783,0.000515659325174056,0.00738694037735867,0.013062269866863409,0.022708133458610287,0.03955078125,0.0556640625,0.100341796875,34.0,34.0,8.0,6.904055940872267,13.935998026164217,6.917237494761138,Transient_Shock
6.613018922507763e-05,0.0001697819352557417,0.0005914302892051637,0.008132047050102308,0.013030039725792922,0.024319339818448273,0.040771484375,0.05322265625,0.101806640625,34.0,34.0,8.0,6.445787136801785,14.143394482738813,6.767723667025796,Transient_Shock
8.301392881548963e-05,0.00017347301763948053,0.0005238411104073748,0.00911119799013772,0.013170915596095836,0.022887575459348566,0.0498046875,0.0595703125,0.1005859375,8.0,34.0,8.0,4.79187630762681,11.309868751250814,6.254908661165303,Transient_Shock
5.5649259593337774e-05,0.00014866323908790946,0.0005669664496963378,0.0074598431346334475,0.012192753548231402,0.023811057299001608,0.04248046875,0.051025390625,0.098388671875,34.0,34.0,8.0,6.39769085555901,13.855389327034896,6.718007116353831,Transient_Shock
4.742130113299936e-05,0.00016650963516440243,0.0005119946872582659,0.006886312593325935,0.012903861250199586,0.02262729960154914,0.037353515625,0.05224609375,0.103271484375,34.0,34.0,9.0,6.523293285084959,16.975880820687923,6.321020515219756,Transient_Shock
7.05615348124411e-05,0.00019760802388191223,0.0006198230221343692,0.008400091357386603,0.014057312114409078,0.024896245141273195,0.038330078125,0.048583984375,0.103515625,34.0,34.0,9.0,6.379824287810668,15.944433654310155,5.649055785468308,Transient_Shock
7.403411655104719e-05,0.0002097854703606572,0.0005497310630744323,0.008604308022789933,0.014483972879036236,0.023446344343509763,0.0390625,0.062255859375,0.0986328125,34.0,34.0,9.0,6.79964617005049,13.445720493278356,5.556999249536289,Transient_Shock
5.2723902626894414e-05,0.0001759780825523194,0.0006271889687923249,0.007261122683641588,0.013265673090812972,0.025043741110152153,0.03759765625,0.052734375,0.10009765625,34.0,34.0,8.0,6.325941220546183,16.48626470071128,6.671291979701484,Transient_Shock
5.0562433898448944e-05,0.0001632890161999967,0.0004906153626507148,0.0071107266786488805,0.012778459069856455,0.022149838885434692,0.04052734375,0.058837890625,0.101806640625,34.0,34.0,9.0,5.935989783161799,11.424116655957498,5.548012966823409,Transient_Shock
5.2536779548972845e-05,0.0002032107295235619,0.0006096083525335416,0.0072482259587414105,0.014255200087110734,0.024690248126204434,0.039794921875,0.058349609375,0.109130859375,34.0,34.0,8.0,6.880295960482608,11.399448240788523,5.727843901814201,Transient_Shock
8.526071906089783e-05,0.00020266073624952696,0.0005677200242644176,0.00923367310775608,0.014235896046597382,0.023826876091179422,0.048095703125,0.059326171875,0.0947265625,34.0,34.0,8.0,4.582828846376303,10.9812258495328,6.291475444525764,Transient_Shock
0.00012876028995378874,0.00018219279809272848,0.0005426879761216696,0.011347259138390589,0.013497881244577924,0.02329566432024787,0.055908203125,0.05810546875,0.12060546875,34.0,34.0,9.0,4.410698387922687,10.882371977156934,5.732242881446593,Transient_Shock
8.61381267895922e-05,0.00020209909052937292,0.0005638688126055058,0.009281062804958934,0.014216155968804399,0.023745922020538723,0.056884765625,0.063720703125,0.107666015625,34.0,34.0,8.0,5.801570161831598,12.859664161257959,5.811112776594693,Transient_Shock
6.447115083574317e-05,0.00021378640303737484,0.0006050008814781904,0.008029392930710463,0.014621436421821723,0.024596765671083473,0.041748046875,0.060302734375,0.107177734375,34.0,34.0,8.0,6.404901068209513,12.8755008629273,5.3888209238529825,Transient_Shock
8.977719335234724e-05,0.0002263132482767105,0.0006275284358707722,0.00947508276229539,0.015043711253434457,0.025050517676702258,0.05029296875,0.065673828125,0.111572265625,34.0,34.0,8.0,6.441195645172105,12.933082415916068,5.254089163689078,Transient_Shock
8.97993886610493e-05,0.00020030303858220577,0.0006198326846060809,0.009476253936078819,0.014152845600168391,0.024896439195316283,0.04833984375,0.0556640625,0.11767578125,34.0,34.0,8.0,6.390030422561977,15.233215542952976,5.99290057163076,Transient_Shock
8.82467684277799e-05,0.0001898393384180963,0.0006316364597296342,0.009393975113219105,0.013778219711490172,0.02513237871212421,0.046875,0.060302734375,0.11669921875,34.0,34.0,9.0,5.271642288994495,12.904856480183463,5.834529899276253,Transient_Shock
8.572119986638427e-05,0.00017950274923350662,0.0005955593078397214,0.009258574397086425,0.013397863607064622,0.024404083835287107,0.047119140625,0.058837890625,0.1123046875,34.0,34.0,8.0,5.673423739418279,16.171984076283696,6.335473878378681,Transient_Shock
0.1898712180043276,0.019148813327774405,0.0115312348898442,0.4357421462336729,0.1383792373435206,0.10738358761861237,3.99993896484375,1.9033203125,1.088623046875,42.0,34.0,43.0,2.818294195935117,3.0944706098136745,3.36406583607097,Transient_Shock
0.2398577677731737,0.028555150140164187,0.020025184712721966,0.4897527618841712,0.16898269183606995,0.14151036962965635,3.99993896484375,1.6484375,1.380126953125,16.0,26.0,43.0,2.5949619266387023,3.1108775608263954,2.9722829343905586,Transient_Shock
0.01420811667048838,0.000988639014394721,0.0033971986813412514,0.11919780480566067,0.03144263052600277,0.05828549288923661,0.814697265625,0.24072265625,0.27197265625,20.0,34.0,3.0,4.683141452194439,4.036442439316553,8.333861968760711,Transient_Shock
0.3583862118748584,0.07442465680651367,0.04333490557837649,0.5986536660497941,0.272808828314836,0.20817037632280078,3.99993896484375,3.32958984375,2.69384765625,16.0,34.0,42.0,3.703680527248012,3.4407675440441237,2.7179318708885307,Transient_Shock
0.037490170736418804,0.002912166528403759,0.003995474995463155,0.19362378659766677,0.05396449321918773,0.06320976977859637,1.611572265625,0.3408203125,0.356201171875,17.0,32.0,3.0,4.650550782461907,4.601197121804242,6.069262478132619,Transient_Shock
0.19862466560061875,0.03928584072491503,0.01801190151309129,0.4456732722529126,0.1982065607514419,0.13420842564120664,3.99993896484375,2.279541015625,1.667724609375,14.0,34.0,48.0,2.285507698882171,3.0666591859886094,2.0027756484954415,Transient_Shock
0.08100115855631884,0.007946753816213459,0.0049539277351868805,0.28460702478385674,0.08914456694725405,0.07038414406090963,2.068359375,0.734130859375,0.31982421875,19.0,6.0,2.0,3.806427400536565,3.2441175077761093,5.659481634528373,Transient_Shock
0.3528714736312395,0.06827896061804495,0.04676377013311139,0.5940298592084741,0.2613024313282311,0.2162493240061374,3.99993896484375,2.777099609375,2.40869140625,17.0,31.0,16.0,3.0895029899645743,2.910909313500762,2.8785200110097433,Transient_Shock
0.19450768450042233,0.018073986037052236,0.008621062137535773,0.4410302534979004,0.1344395255758225,0.09284967494577336,3.37841796875,1.02099609375,0.67041015625,17.0,27.0,2.0,4.39564809242743,3.781047126564997,4.080510454066522,Transient_Shock
0.002277606512507191,0.0005468416748044547,0.0033942119880521204,0.04772427592438874,0.02338464613383009,0.058259866014711365,0.234375,0.13232421875,0.264892578125,6.0,6.0,3.0,5.034160471414684,5.186691409038525,11.46872620426478,Transient_Shock
0.2770622620000722,0.019325999019201845,0.019167295598890632,0.5263670411415139,0.13901798092046166,0.1384460024662707,3.99993896484375,1.45947265625,1.27783203125,15.0,34.0,42.0,3.691200801685156,3.7163006381275037,2.884085399531331,Transient_Shock
0.0016468247595184948,0.000443001448729774,0.002257452255435055,0.04058108869311535,0.021047599595435437,0.047512653634953446,0.192626953125,0.113525390625,0.232666015625,6.0,6.0,3.0,6.470425225045034,6.2975283010561105,10.905396923577944,Transient_Shock
0.0005509238108061254,0.0002003400441026315,0.000791136782936519,0.023471766248114465,0.014154152892442257,0.02812715383640014,0.12060546875,0.06494140625,0.1455078125,6.0,32.0,8.0,7.153873645010275,8.216002469549508,7.340660408500454,Transient_Shock
0.00014374213060364127,0.00018932063539978117,0.0005368176935007796,0.011989250627276139,0.013759383539962143,0.023169326565543064,0.062255859375,0.05859375,0.101318359375,6.0,32.0,8.0,5.890597541910704,13.05520042259722,10.673312506254637,Transient_Shock
8.5318573837867e-05,0.0001282140401599463,0.0004260399400664028,0.009236805391360533,0.011323163875876138,0.020640734969143003,0.04443359375,0.056640625,0.096435546875,32.0,32.0,8.0,5.429658893525848,11.62211371936262,12.89162253134155,Transient_Shock
5.0771734095178545e-05,0.00015502102542086504,0.0004702117294073105,0.007125428695536749,0.012450743970577221,0.021684366013497155,0.037109375,0.05029296875,0.10009765625,32.0,32.0,8.0,4.711963717214902,15.242011249054979,10.480433316588401,Transient_Shock
8.333864025189541e-05,0.00011106361853308044,0.0004496058536460623,0.009128999959025929,0.010538672522337927,0.021203911281790968,0.048095703125,0.0546875,0.10205078125,14.0,32.0,8.0,6.2266085538028895,12.991431378511026,11.678574726155565,Transient_Shock
8.052843622863293e-05,0.0001524349208921194,0.00039534839743282646,0.008973763771608485,0.012346453777993073,0.019883369871146753,0.0478515625,0.050048828125,0.083740234375,14.0,32.0,8.0,7.8740647613896835,15.406774288597145,12.400373839312154,Transient_Shock
5.2371873607626185e-05,0.000191856874153018,0.0004722424200735986,0.007236841410976628,0.013851240888563666,0.021731139410385243,0.03564453125,0.058837890625,0.0966796875,14.0,32.0,8.0,7.040288090894101,19.479348088412756,12.34915376831142,Transient_Shock
4.355131750344299e-05,0.00014843785902485251,0.0005238009034655988,0.006599342202329183,0.012183507665071357,0.022886697085110354,0.038330078125,0.053955078125,0.105224609375,8.0,32.0,8.0,6.040055490075545,15.6048930078327,12.870339707856935,Transient_Shock
4.8403264372609556e-05,0.0001353890256723389,0.0004921804320474621,0.006957245458700559,0.011635678994899219,0.022185139892447425,0.037109375,0.05126953125,0.10009765625,32.0,32.0,8.0,7.835469466267549,15.44992848169371,12.368284417248175,Transient_Shock
5.0135888159275055e-05,0.00011450143938418478,0.0004895739511994179,0.007080670036040026,0.010700534537310964,0.022126318066940508,0.0341796875,0.04931640625,0.109619140625,32.0,32.0,8.0,8.416142439322249,15.070908006307194,12.403471454145626,Transient_Shock
7.21828400855884e-05,0.00010193098205490969,0.00044984044143348,0.008496048498307221,0.010096087462720877,0.021209442270684064,0.04736328125,0.052490234375,0.094482421875,32.0,32.0,8.0,7.933316769259755,14.558380431509462,13.70689412744327,Transient_Shock
6.73079484840855e-05,0.00012164819054305553,0.0004345000343164429,0.008204142154063733,0.0110294238536315,0.020844664408822773,0.0400390625,0.047607421875,0.089111328125,32.0,32.0,8.0,7.09226145250496,10.762590335917299,12.553812501851448,Transient_Shock
3.0176466680131853e-05,0.00017413380555808544,0.0005108797304274049,0.005493311085322936,0.013195976870170902,0.02260264874804289,0.02783203125,0.05908203125,0.107666015625,32.0,32.0,8.0,6.3280098606855395,17.592921655506885,11.696460742633933,Transient_Shock
4.879268817603588e-05,0.00012100249296054244,0.0005003678234061226,0.006985176316746477,0.011000113315804635,0.022368903044318527,0.037109375,0.0498046875,0.1083984375,32.0,32.0,8.0,6.865945647983544,14.539992978048812,11.900342921028386,Transient_Shock
5.915382644161582e-05,0.00011889729648828506,0.00046606383693870157,0.007691152478115085,0.010904003690768133,0.021588511688828887,0.033203125,0.0556640625,0.109619140625,32.0,32.0,8.0,8.661771055648533,13.285688063444532,11.085257928106051,Transient_Shock
5.4628922953270376e-05,0.00020243774270056747,0.0005405027441156562,0.00739113813653015,0.014228061804074632,0.023248714891702212,0.031494140625,0.057861328125,0.116943359375,32.0,32.0,8.0,8.995289533199076,14.75151110794204,10.406351110339246,Transient_Shock
5.179550134926103e-05,0.00013509936616173945,0.0006051154014130589,0.007196909152494634,0.011623225290845026,0.024599093507953883,0.034423828125,0.05126953125,0.12060546875,32.0,32.0,8.0,6.429816943289006,12.5258848071136,9.372732995553145,Transient_Shock
5.425591007224284e-05,0.0001838461284933146,0.0005293352878652513,0.007365861122247883,0.013558987001001018,0.02300728771205444,0.034423828125,0.057861328125,0.099365234375,32.0,32.0,8.0,8.086521304166583,14.558516105103042,10.181204853003319,Transient_Shock
5.2169340051477775e-05,0.00015283537504728884,0.0006534688254760113,0.0072228346271722005,0.012362660516542903,0.025563036311753173,0.034423828125,0.0576171875,0.11328125,32.0,32.0,8.0,6.82413951558505,16.537164677416904,11.18356201307911,Transient_Shock
6.691543603665195e-05,0.00012204926679260097,0.0005511840827239212,0.008180185574707457,0.011047590994990761,0.023477309955016592,0.04150390625,0.0478515625,0.11328125,32.0,32.0,8.0,5.908377812828979,11.835953961665906,9.223643457676383,Transient_Shock
6.295274943113327e-05,0.00016872909327503294,0.00046344747534021735,0.007934276868822594,0.012989576331621941,0.021527830251565468,0.042724609375,0.05322265625,0.096435546875,32.0,32.0,8.0,7.257096777076471,14.097806373614938,10.658599725191193,Transient_Shock
3.8743422919651493e-05,0.0001258456613868475,0.000488980658701621,0.006224421492769548,0.011218095265545194,0.02211290706129841,0.029296875,0.053955078125,0.11181640625,8.0,32.0,8.0,5.54725956538997,13.76462677854811,10.386084243613904,Transient_Shock
5.976807733532041e-05,0.0001922817318700254,0.0005438583575596567,0.007730981654054058,0.013866568857147949,0.023320770946940343,0.040283203125,0.058837890625,0.102294921875,32.0,32.0,8.0,7.919956875699007,15.070016909946348,11.777295978529605,Transient_Shock
4.483194788917899e-05,0.0001149470881500747,0.0004305383190512657,0.00669566635139319,0.010721337983203155,0.02074941731835537,0.03515625,0.0576171875,0.093505859375,32.0,32.0,8.0,6.346695335926934,11.521110042368598,11.739101333053096,Transient_Shock
7.831558104953729e-05,0.00016745348330005072,0.0005250118811090942,0.008849609090210556,0.012940381883856857,0.02291313774036839,0.042724609375,0.0625,0.10400390625,8.0,32.0,8.0,5.69360995840991,14.608934517909747,10.575730367078563,Transient_Shock
5.810591028421186e-05,0.00016330565267708153,0.0004372521325421985,0.007622723285297181,0.012779110011150289,0.020910574658344484,0.036865234375,0.05712890625,0.083984375,32.0,32.0,8.0,6.526402154334432,9.935466633393146,10.144555500295432,Transient_Shock
4.9379767006030306e-05,0.00015082256504683755,0.0004817024710064288,0.007027073858017312,0.012280983879430734,0.021947721316948346,0.037109375,0.05224609375,0.101318359375,8.0,32.0,8.0,5.469213053086441,8.078010293131857,9.286958751159581,Transient_Shock
4.916539182886481e-05,0.00017920415848493576,0.0005520858940144535,0.007011803750025011,0.013386715746774329,0.02349650812385648,0.033935546875,0.057373046875,0.1044921875,32.0,32.0,8.0,4.66071572034827,8.364718062159518,8.76576913521096,Transient_Shock
7.878424366936088e-05,0.00019965838509961031,0.0006979172467254102,0.00887604887713902,0.01413005255119776,0.026418123452005636,0.046630859375,0.06494140625,0.115966796875,8.0,33.0,8.0,4.919296561455928,7.371395678701711,8.291430152999231,Transient_Shock
6.54465657135006e-05,0.00015098930089152418,0.0005767540424130857,0.008089905173331798,0.01228777037918288,0.024015704079062217,0.036865234375,0.057373046875,0.1064453125,8.0,32.0,8.0,4.994120995293339,6.833885271647747,9.058339668828095,Transient_Shock
5.796259210910648e-05,0.00015067400818224996,0.0005725649789383169,0.007613316761379792,0.012274934141666503,0.02392833004909279,0.036865234375,0.05126953125,0.11083984375,8.0,33.0,8.0,5.4713160044159785,6.5845193687363714,8.361463886561145,Transient_Shock
5.0767292123055086e-05,0.00014106271555647254,0.0005257125267235097,0.007125116990131115,0.011876982594770127,0.02292842181057191,0.033935546875,0.05419921875,0.107421875,8.0,32.0,8.0,5.604256044395152,7.529927335321762,9.564979301589881,Transient_Shock
6.245471013244241e-05,0.00015655046081519686,0.0006724587838107254,0.007902829248594609,0.012512012660447434,0.025931810268678225,0.03857421875,0.0537109375,0.1240234375,8.0,32.0,8.0,5.193570689484048,8.579387484611773,7.808786638701782,Transient_Shock
5.4104020819067955e-05,0.00014408439164981246,0.0005571639885602053,0.007355543543414582,0.012003515803705699,0.023604321395884385,0.033203125,0.058349609375,0.11767578125,32.0,32.0,8.0,5.165789529737393,7.459321247355981,8.12827540194803,Transient_Shock
4.786158388014883e-05,0.00016229179163929075,0.0005896048969589174,0.006918206695390708,0.012739379562572534,0.024281781173524263,0.03515625,0.053955078125,0.10693359375,32.0,32.0,8.0,6.294317013167794,9.47705831183786,9.831239395772132,Transient_Shock
3.9983875467441976e-05,0.00012789195170626044,0.0005091070052003488,0.006323280435615835,0.01130893238578516,0.022563399681793272,0.02978515625,0.049072265625,0.1025390625,32.0,32.0,8.0,5.98756683085399,7.691272224778346,9.354236469835726,Transient_Shock
5.454924757941626e-05,0.00015622892169631086,0.0006318072810245212,0.007385746243909024,0.012499156839415644,0.02513577691308787,0.032958984375,0.056884765625,0.119384765625,8.0,32.0,8.0,4.6132039883846145,10.461261620114476,8.039424662448463,Transient_Shock
4.879274274571799e-05,0.00013673241119249724,0.0005316333699738607,0.006985180222851661,0.011693263496239928,0.0230571761057997,0.0341796875,0.05615234375,0.104736328125,8.0,32.0,8.0,5.064602389886965,6.889224726531763,9.19085287776389,Transient_Shock
4.635937511920929e-05,0.00014361248759087175,0.0005419047083705664,0.006808771924452257,0.011983842772286014,0.02327884680070227,0.032958984375,0.05078125,0.09716796875,8.0,32.0,8.0,5.786280147126822,9.689936704879512,8.87756694031706,Transient_Shock
4.83173607790377e-05,0.00016895218504942022,0.0005866165593033656,0.006951069038575124,0.012998160833341777,0.024220168440854527,0.035888671875,0.057861328125,0.1181640625,8.0,32.0,8.0,5.351876559148335,8.212119524736384,9.321085853621506,Transient_Shock
5.634341141558252e-05,0.00016514863818883896,0.0005729364784201607,0.007506224844459598,0.012851017009903884,0.023936091544363727,0.03662109375,0.0556640625,0.11376953125,32.0,32.0,8.0,4.9574957894872576,8.409984723288765,8.64937246103285,Transient_Shock
4.4108946894994006e-05,0.00014929723329260014,0.0005487919515871909,0.006641456684718648,0.012218724699926754,0.023426308962087708,0.03564453125,0.056640625,0.105224609375,8.0,32.0,8.0,6.468607994292914,8.976016674987461,8.9615714831987,Transient_Shock
5.5770608014427125e-05,0.00012504307960625738,0.0005284868784656283,0.007467972148744739,0.011182266300095762,0.022988842477724456,0.03173828125,0.048095703125,0.1064453125,8.0,32.0,8.0,5.796724907689645,8.581069856031688,9.59459586910136,Transient_Shock
8.01791284175124e-05,0.00014090400873101316,0.0006223352647793945,0.00895427989385592,0.011870299437293617,0.024946648367654412,0.046630859375,0.052490234375,0.112060546875,32.0,32.0,8.0,5.934790332750584,9.53622749620901,9.33474245346782,Transient_Shock
7.739013744867407e-05,0.00015629582048859447,0.0005723026370105799,0.008797166444297509,0.012501832685194378,0.023922847594100915,0.04052734375,0.057861328125,0.117431640625,32.0,32.0,8.0,5.114455326204517,8.80966219847251,8.669748680992258,Transient_Shock
6.882391971885227e-05,0.00016050500198616646,0.0005982147849863395,0.00829601830511796,0.012669056870429088,0.02445842973263696,0.03955078125,0.0537109375,0.106201171875,32.0,32.0,8.0,5.358024018394539,9.788987033538278,9.396953852006787,Transient_Shock
5.866450010216795e-05,0.00014725105938850902,0.0005653474327118602,0.007659275429318883,0.01213470475077614,0.023777035826861602,0.040283203125,0.0546875,0.110107421875,32.0,32.0,8.0,4.326243713725685,8.675226878678627,8.762790262114754,Transient_Shock
8.602384696132503e-05,0.00016442348351120017,0.0007198404891823884,0.009274904148363208,0.012822772068129425,0.026829843256761462,0.045166015625,0.056640625,0.120849609375,8.0,32.0,8.0,4.365802257978706,8.063857610786055,8.146659317492954,Transient_Shock
6.45065119897481e-05,0.0001628758582228329,0.0005669064667017665,0.008031594610645391,0.012762282641550958,0.02380979770392362,0.040283203125,0.064208984375,0.111572265625,32.0,32.0,8.0,5.6316913778862245,8.914476700477756,8.57372308905045,Transient_Shock
4.5235719881020486e-05,0.00015261094085872173,0.0004999184602638707,0.006725750506896645,0.012353580082661129,0.022358856416728263,0.0302734375,0.059326171875,0.092529296875,32.0,32.0,8.0,4.782504451489743,7.596270568557499,10.682929813029308,Transient_Shock
4.25633043050766e-05,0.00014846141857560724,0.0004793889784195926,0.006524055817133741,0.012184474489103222,0.021894953263699665,0.037353515625,0.051025390625,0.098876953125,32.0,32.0,8.0,5.504513298213789,9.11226601455291,9.601432482081327,Transient_Shock
0.11231412490974435,0.010031335546955233,0.002832577327353647,0.3351329958535034,0.10015655518714306,0.053221962828832674,3.99993896484375,1.161376953125,0.634765625,19.0,32.0,8.0,1.6833700211219016,2.9887710453627014,2.308602310369119,Transient_Shock
0.016165533972525736,0.001201709204906365,0.0030509977223118767,0.12714375317932744,0.03466567762075862,0.05523583730072241,1.157470703125,0.28125,0.6328125,20.0,35.0,8.0,4.497941961178886,4.820994063219589,3.0167453008986103,Transient_Shock
0.00022848602384328842,0.00020781060084118508,0.0006062666325306054,0.015115754160586511,0.014415637372006313,0.02462248225769704,0.090576171875,0.069580078125,0.119140625,6.0,32.0,8.0,5.1152799481336695,8.660439105972056,7.195111943716457,Transient_Shock
0.2848713195262462,0.034214574843645096,0.016723581557016587,0.5337333786885042,0.1849718217557612,0.1293196874300916,3.99993896484375,2.28759765625,1.347412109375,17.0,35.0,42.0,3.624035423410955,2.688725088002521,3.3506029783290727,Transient_Shock
0.002088620294671273,0.00044098138096160255,0.0013515631289919838,0.04570142552121621,0.02099955668488272,0.03676361147917848,0.19970703125,0.104736328125,0.197998046875,6.0,6.0,3.0,6.238589507796319,6.670677558300111,9.238705384829364,Transient_Shock
0.35095413208091486,0.03943869947397616,0.0342137460502272,0.5924138182731011,0.19859179105385036,0.18496958141874897,3.99993896484375,1.871337890625,2.002685546875,17.0,34.0,17.0,4.8226968982127945,4.1073896100030165,3.0133416169418235,Transient_Shock
0.003042530963284662,0.0005269286884868052,0.002819238226948073,0.055159142155083066,0.02295492732479903,0.0530964991967274,0.2578125,0.140380859375,0.24365234375,6.0,6.0,3.0,6.840075110634217,5.822593468472205,10.61779698304396,Transient_Shock
0.25693007161953574,0.023965706219314598,0.016489433925016783,0.5068827000594277,0.15480861157995895,0.12841119080912217,3.99993896484375,1.642578125,1.42236328125,17.0,29.0,42.0,2.737413348320414,2.8853205643370354,2.7520408361496838,Transient_Shock
0.0021056820260128006,0.000562653844099259,0.0019701837409229483,0.04588771105658682,0.023720325547919006,0.044386751862723055,0.213623046875,0.107421875,0.216064453125,6.0,6.0,3.0,7.314078077699895,7.589359263292533,10.323653882572616,Transient_Shock
0.4062704573652809,0.04992691831648699,0.01979339167883154,0.6373934870747275,0.22344332238061398,0.14068898918832112,3.99993896484375,2.01806640625,1.47900390625,17.0,28.0,16.0,3.902222290426397,4.452466356608258,3.083512939449187,Transient_Shock
0.00504500832175836,0.0007412313098029699,0.001747185244312277,0.07102822200898992,0.027225563535085366,0.041799345022527294,0.397705078125,0.166748046875,0.185302734375,17.0,6.0,3.0,6.769075551268743,6.424542970952438,10.320760525779894,Transient_Shock
0.0007622730299772229,0.00026061368043883704,0.0009104500313696917,0.0276092924570193,0.016143533703586618,0.03017366453332594,0.144775390625,0.082275390625,0.180908203125,6.0,7.0,8.0,10.5778556531173,4.780266448629211,6.327909215284869,Transient_Shock
0.00014179225763655268,0.0001574826856085565,0.0005197885911911726,0.011907655421473729,0.012549210557184722,0.022798872585967328,0.064453125,0.058349609375,0.11328125,6.0,32.0,8.0,5.485029607034332,7.371283026673509,8.908889122084023,Transient_Shock
9.7144740720978e-05,0.00014514870417769998,0.00047625087609048933,0.009856203159481748,0.012047767601414794,0.021823172915286387,0.054931640625,0.056640625,0.10595703125,13.0,32.0,8.0,4.289726372001638,7.149425404999653,8.688040341341617,Transient_Shock
4.96485699841287e-05,0.0001518308672530111,0.00041984695417340845,0.0070461741380786706,0.01232196685813637,0.020490167255867105,0.040283203125,0.056396484375,0.091552734375,32.0,33.0,8.0,4.810519071109368,8.275384328112468,9.326403632070146,Transient_Shock
5.735733066103421e-05,0.00016044579388108104,0.0005050350409874227,0.007573462263788882,0.01266671993379032,0.022472984692457357,0.035888671875,0.060791015625,0.111572265625,8.0,33.0,8.0,4.754485139476947,9.746818979647353,9.34650621449978,Transient_Shock
5.9177385992370546e-05,0.00015518255531787872,0.00048601720482110977,0.007692683926457043,0.012457229038509276,0.02204579789486218,0.035400390625,0.05078125,0.09814453125,14.0,33.0,8.0,4.585096629848417,9.945403685361507,8.676755284417188,Transient_Shock
5.4724616347812116e-05,0.00016006180885597132,0.0005246334440016653,0.007397608826358157,0.012651553614318335,0.02290487817041744,0.036865234375,0.0546875,0.113037109375,8.0,33.0,8.0,5.42040511624701,8.507907027888233,8.319536903273715,Transient_Shock
5.336923277354799e-05,0.0001573876324982848,0.0005133916820341256,0.007305424886585858,0.01254542277080708,0.02265814824812755,0.03466796875,0.0498046875,0.101806640625,33.0,33.0,8.0,5.873145459705883,11.906769376111393,9.24770198048156,Transient_Shock
6.532430415973067e-05,0.00018699756765272468,0.000600958926952444,0.008082345214090443,0.013674705395463725,0.024514463627671807,0.040283203125,0.066162109375,0.111572265625,8.0,33.0,8.0,5.849058196691831,11.451969393224346,7.865300480591111,Transient_Shock
6.88072141201701e-05,0.00016788531502243131,0.0005683292984031141,0.008295011399640756,0.012957056572479388,0.02383965810164051,0.046630859375,0.057861328125,0.10546875,33.0,33.0,8.0,5.144505068790131,10.665986106093712,8.036519314425428,Transient_Shock
5.697775850421749e-05,0.00017038036821759306,0.0005108059704070911,0.007548361312511312,0.013052983115655711,0.022601017021521203,0.037353515625,0.0595703125,0.095703125,33.0,33.0,8.0,5.722705105872183,10.519969513782696,8.84749217657913,Transient_Shock
4.3975189328193665e-05,0.00016417170627391897,0.0005375314358389005,0.006631379142244369,0.012812950724712828,0.023184724191564164,0.03369140625,0.05517578125,0.102783203125,33.0,33.0,8.0,5.354516902810923,10.801524562809286,8.370302240088145,Transient_Shock
0.00013497075997292995,0.0001692338519205805,0.0005061803385615349,0.011617691680059768,0.013008991195345643,0.022498451914777045,0.0693359375,0.05419921875,0.096435546875,21.0,33.0,8.0,6.039215775670093,10.584078018232466,8.354615990888275,Transient_Shock
0.00011598312994465232,0.0001992871839320287,0.0009490047668805346,0.010769546413134228,0.01411691127449729,0.030805920971146677,0.055419921875,0.06201171875,0.15234375,2.0,33.0,8.0,4.1102537629777585,8.599791126430139,6.2363402084320665,Transient_Shock
8.323549991473556e-05,0.00014661665773019195,0.0006737188632541802,0.00912334916106665,0.012108536564349631,0.025956094915340792,0.05126953125,0.057861328125,0.1318359375,33.0,33.0,8.0,4.79805116342009,10.218443279395423,6.867921946076779,Transient_Shock
4.992662798031233e-05,0.00018568095038062893,0.000701774944900535,0.007065877721862467,0.013626479750127284,0.026491035179859148,0.038330078125,0.061279296875,0.121337890625,33.0,33.0,8.0,7.551469936699087,11.230542328446825,8.542300152089114,Transient_Shock
6.0679332818835974e-05,0.00019224430434405804,0.0006143118043837603,0.007789694013171248,0.013865219231734421,0.02478531428858146,0.0390625,0.065185546875,0.104248046875,33.0,33.0,8.0,7.740577273761312,10.71064863667984,7.7437870874894355,Transient_Shock
5.115219028084539e-05,0.0002021323307417333,0.0006865169707452878,0.00715207594204965,0.014217325020612468,0.02620146886617786,0.03857421875,0.065185546875,0.125244140625,33.0,33.0,8.0,7.168485468156808,10.746330819786559,8.315848431109321,Transient_Shock
4.4025739043718204e-05,0.0001463703483750578,0.0005301982164382935,0.006635189450476768,0.012098361392149674,0.023026033449951674,0.031982421875,0.056396484375,0.11279296875,33.0,33.0,8.0,6.887463828278584,11.864031799251128,8.212824310505757,Transient_Shock
5.510265691555105e-05,0.00015053985407575965,0.0006026803130225744,0.007423116388387768,0.012269468369728155,0.024549548122573955,0.03515625,0.057861328125,0.1162109375,33.0,33.0,8.0,7.02954793971661,12.22652979630141,8.279691261703121,Transient_Shock
6.282439790084027e-05,0.0001743658067425713,0.000642402588709956,0.007926184321654416,0.013204764547032684,0.02534566212806357,0.038330078125,0.052734375,0.12060546875,33.0,33.0,8.0,7.196010134185059,12.649500065946556,7.211536857563776,Transient_Shock
4.765385529026389e-05,0.00015158726819208823,0.0006209727725945413,0.006903177188097079,0.01231207814270557,0.024919325283693804,0.0302734375,0.059326171875,0.1162109375,33.0,33.0,8.0,6.284515955880071,11.672550447877475,7.29909503900638,Transient_Shock
5.100142152514309e-05,0.00016167512148967944,0.0006587471252714749,0.007141527954516672,0.01271515322320889,0.025666069532974366,0.03173828125,0.05322265625,0.1220703125,33.0,33.0,8.0,7.75277388364345,13.683401507621602,6.925385073565132,Transient_Shock
5.559377314057201e-05,0.00014686243594042026,0.0006636035650444683,0.007456123197786636,0.012118681278935438,0.02576050397497045,0.03759765625,0.05126953125,0.120849609375,33.0,33.0,8.0,7.504042509839121,13.67563246840303,7.891929396343052,Transient_Shock
5.476450314745307e-05,0.00014947704039514065,0.0005577103584073484,0.007400304260464773,0.012226080336524075,0.023615892073079695,0.0361328125,0.0537109375,0.109619140625,33.0,33.0,8.0,7.154027706124128,14.583662822060065,8.238494330165482,Transient_Shock
5.2778628742089495e-05,0.00014439914593822323,0.0005937348469160497,0.007264890139712334,0.01201661957200207,0.024366674925316537,0.03466796875,0.04931640625,0.107177734375,33.0,33.0,8.0,6.628881354129249,12.247743292655816,8.084021968112449,Transient_Shock
5.084208896732889e-05,0.00015632781651220284,0.000656411619274877,0.007130363873416902,0.012503112273038375,0.025620531205946474,0.033203125,0.04931640625,0.11865234375,33.0,33.0,8.0,8.885893684148453,14.00118121012342,8.108102781777395,Transient_Shock
7.408711826428771e-05,0.00017504850620753132,0.0006739902855770197,0.008607387423852125,0.013230589790615206,0.02596132287802414,0.043212890625,0.054443359375,0.11376953125,33.0,33.0,8.0,7.11196905338896,13.300230627843915,7.668016996772495,Transient_Shock
0.00011351587818353437,0.00017078075325116515,0.000573806231841445,0.010654383050347606,0.013068311032844495,0.023954252896749774,0.05078125,0.051513671875,0.11328125,14.0,33.0,8.0,9.155382158787654,10.994791589228123,7.235552770586947,Transient_Shock
0.0003710184246301651,0.0001589971943758428,0.0006767963604943361,0.019261838557888628,0.012609408962193383,0.026015310117204756,0.07763671875,0.056396484375,0.12451171875,14.0,33.0,8.0,16.487970062165456,9.138366599713496,6.66991622279102,Transient_Shock
0.0005012908804928884,0.00018591521074995399,0.0006595034174097236,0.022389526133727983,0.013635072817919015,0.02568079861316084,0.10693359375,0.05712890625,0.132080078125,14.0,33.0,8.0,14.165664378574785,9.672264331092942,6.42380382577674,Transient_Shock
0.00029992975396453403,0.00019363124374649487,0.0006304496055236086,0.01731848012859483,0.013915144402646164,0.025108755555057056,0.077392578125,0.052490234375,0.115478515625,14.0,33.0,8.0,14.894986132315735,9.639133101920205,7.556451779365419,Transient_Shock
0.00012996232544537634,0.00016190780661418103,0.000586009060498327,0.011400101992762009,0.01272429984770011,0.024207624015965032,0.0537109375,0.05224609375,0.10302734375,14.0,33.0,8.0,10.77372615149993,8.115113927550675,7.495549455052428,Transient_Shock
7.413070125039667e-05,0.00015206832540570758,0.0006230306717043277,0.008609918771416874,0.012331598655718064,0.024960582359078238,0.0419921875,0.0517578125,0.118896484375,33.0,33.0,8.0,4.946665496482547,9.647621000904666,6.436685955351992,Transient_Shock
7.859476318117231e-05,0.00017597734404262155,0.000613816489931196,0.008865368756073957,0.013265645255419034,0.024775320178177233,0.04296875,0.060302734375,0.12451171875,14.0,33.0,8.0,7.465998013379452,7.102615382506042,6.454846978250743,Transient_Shock
7.381732575595379e-05,0.00019927659013774246,0.0006863768467155751,0.00859170098152594,0.014116536053074155,0.026198794756926796,0.04931640625,0.06787109375,0.130126953125,14.0,33.0,8.0,5.019008847366444,7.420663332865447,6.318203212589215,Transient_Shock
8.500703552272171e-05,0.00018354021813138388,0.0007288817687367555,0.009219926004189064,0.013547701581131166,0.026997810443381433,0.04833984375,0.0556640625,0.128662109375,13.0,33.0,8.0,5.086979487014213,8.168067786383322,6.439551135865567,Transient_Shock
0.0001269565982511267,0.00018276439732289873,0.0007245715241879225,0.011267501863817317,0.013519038328331595,0.026917866263653265,0.0595703125,0.05517578125,0.122314453125,14.0,33.0,8.0,9.13773599505224,7.514694479227301,6.240171485927809,Transient_Shock
0.00014960573753342032,0.00017941213081940077,0.0006317270454019308,0.012231342425646514,0.013394481356864878,0.025134180818199164,0.0615234375,0.060302734375,0.113525390625,14.0,33.0,8.0,10.78814088809435,8.3143829585542,6.876813106319611,Transient_Shock
8.402774983551353e-05,0.00017907538858707994,0.0006743847879988607,0.009166665142543036,0.01338190526745276,0.02596891965405686,0.0458984375,0.05615234375,0.119140625,14.0,33.0,8.0,5.1266206087883255,8.509005036351688,6.5073006043282495,Transient_Shock
6.92242756485939e-05,0.00016935201347223483,0.0005974696214252617,0.008320112718502911,0.013013531936881503,0.02444319171927557,0.047607421875,0.0546875,0.1162109375,33.0,33.0,8.0,4.680255609363246,9.139532339425358,6.783317895984658,Transient_Shock
5.8116358559345827e-05,0.00016996961494442075,0.0005992723017698154,0.007623408591919092,0.013037239544643673,0.024480038843306916,0.040283203125,0.057373046875,0.10888671875,33.0,33.0,8.0,4.456049023991144,9.332082418237356,7.376958424924134,Transient_Shock
5.6044416851364076e-05,0.0001623117714188993,0.0006891523917147424,0.0074862819110266,0.012740163712405711,0.026251712167299535,0.03857421875,0.058837890625,0.11474609375,8.0,33.0,8.0,3.479921286283138,7.380343450506253,6.8038286624785185,Transient_Shock
6.649354691035114e-05,0.00019630591486929916,0.0005904624376853462,0.008154357541238375,0.014010921271254763,0.024299432867565987,0.040771484375,0.06005859375,0.108642578125,33.0,33.0,8.0,5.2734869480674575,8.86199006302583,6.9788310741756785,Transient_Shock
6.010191282257438e-05,0.00015053615425131284,0.0005650129169225693,0.0077525423457453215,0.012269317595176712,0.023770000355964854,0.037841796875,0.053466796875,0.11572265625,8.0,33.0,8.0,4.3901448901055105,7.624190211632424,6.742568001813065,Transient_Shock
5.3516148909693584e-05,0.00015277019701898098,0.0005442738438432571,0.00731547325261282,0.01236002415122968,0.023329677319741417,0.0380859375,0.0537109375,0.09619140625,42.0,34.0,8.0,5.573370713728228,8.020709814642567,6.4904964303380615,Transient_Shock
4.587456351146102e-05,0.00014240236123441719,0.00043436227133497596,0.0067730763698234655,0.011933246047677773,0.020841359632590574,0.033935546875,0.05224609375,0.093505859375,8.0,34.0,8.0,4.898823490941586,7.41286297092801,7.311540740384253,Transient_Shock
4.066811743541621e-05,0.00013260510968393646,0.00042769586070789956,0.006377155904901197,0.011515429201030089,0.02068080899548902,0.03759765625,0.0478515625,0.089599609375,42.0,34.0,8.0,4.499421672093964,8.222422910433803,7.339951616667335,Transient_Shock
4.087152410647832e-05,0.00015661300858482718,0.00046088217277429067,0.006393084084108258,0.012514511919560715,0.02146816649773079,0.03076171875,0.057373046875,0.09375,34.0,34.0,8.0,4.4959208274875095,7.992353147250387,6.817608662458594,Transient_Shock
3.8250665966188535e-05,0.0001279505631828215,0.00045309116831049323,0.006184712278367405,0.011311523468694282,0.021285938276488853,0.0302734375,0.05224609375,0.09619140625,34.0,34.0,8.0,5.207375099348484,8.930477398430737,7.669974269301708,Transient_Shock
4.399197860038839e-05,0.00015808496391400695,0.0005242619517957792,0.006632644917405755,0.012573184318779669,0.022896767278281428,0.0341796875,0.056884765625,0.10107421875,34.0,34.0,8.0,4.9964134257384085,7.364473661423907,7.392487790372051,Transient_Shock
6.086086796130985e-05,0.00017945199215319008,0.0005400818736234214,0.007801337575141192,0.013395969250233074,0.02323966165036448,0.037841796875,0.053955078125,0.10107421875,34.0,34.0,8.0,4.470970180134012,8.22235372047145,6.610409701140471,Transient_Shock
7.845203799661249e-05,0.00016293502631015144,0.0005218285041337367,0.008857315507342645,0.012764600515102361,0.022843565924210184,0.041748046875,0.05517578125,0.120361328125,34.0,34.0,8.0,5.1523944760054485,10.435131647612456,5.869773827160589,Transient_Shock
7.705099051236175e-05,0.00016543360834475607,0.00047250831266865134,0.008777869360634263,0.012862099686472504,0.021737256327987932,0.040283203125,0.053955078125,0.086181640625,8.0,34.0,8.0,6.309549210036228,9.364575431335153,6.005628738633497,Transient_Shock
4.767311838804744e-05,0.00015120405805646442,0.0005393799474404659,0.006904572281325429,0.012296505928777672,0.023224554838370225,0.035400390625,0.052978515625,0.104248046875,8.0,34.0,8.0,5.776103073011687,9.059078512611324,6.479842757028049,Transient_Shock
4.786415956914425e-05,0.00018939916844828986,0.0006061703570594545,0.006918392845823678,0.01376223704374728,0.02462052714828532,0.03759765625,0.062744140625,0.12255859375,34.0,34.0,8.0,5.8485125549312915,9.351647031540995,6.092622400108836,Transient_Shock
4.294187237974256e-05,0.00015752744729979895,0.0005338060291251168,0.006553004835931572,0.012550993876972411,0.023104242665041345,0.036865234375,0.05126953125,0.117919921875,34.0,34.0,8.0,5.0243160822457344,11.169602094825473,6.433121643875398,Transient_Shock
6.73339091008529e-05,0.00021074037067592144,0.0006267396347539034,0.00820572416675414,0.014516899485631271,0.025034768518081077,0.042236328125,0.0625,0.126953125,34.0,34.0,8.0,5.9490194661334,9.708001648537634,5.333487288867287,Transient_Shock
6.503454278572462e-05,0.00020262411271687597,0.0006096387369325384,0.008064399716390837,0.014234609679119268,0.024690863430275954,0.0380859375,0.0595703125,0.113525390625,34.0,34.0,8.0,6.887291489868255,12.989096505209357,5.5339884410283275,Transient_Shock
5.23432063346263e-05,0.00019437538867350668,0.0006651500589214265,0.0072348604917182955,0.01394185743269191,0.02579050327002997,0.0390625,0.05859375,0.111572265625,34.0,34.0,8.0,7.652099958844084,11.544526324899321,6.110592281828899,Transient_Shock
7.947612539283e-05,0.0001925099604704883,0.0005858195909240749,0.008914938328044115,0.01387479587130882,0.02420371027185863,0.049072265625,0.055908203125,0.11328125,34.0,34.0,9.0,5.991790074455423,11.487994238715142,5.684016861530352,Transient_Shock
8.579520726925693e-05,0.00018685484246816486,0.0007205977417470422,0.009262570230192963,0.013669485815792958,0.026843951679047594,0.051513671875,0.0654296875,0.120849609375,34.0,34.0,8.0,5.204111291007723,10.925464822435952,5.418226570738249,Transient_Shock
7.393810665234923e-05,0.00017414416288374923,0.0007386882207356393,0.008598727036739173,0.013196369306886998,0.027178819340354713,0.04345703125,0.054443359375,0.123291015625,34.0,34.0,8.0,6.527938136167791,12.96965148293136,5.458970466573932,Transient_Shock
9.73720452748239e-05,0.00021091137023176998,0.000878658927831566,0.009867727462532795,0.01452278796346521,0.02964218156329871,0.0478515625,0.058349609375,0.141357421875,34.0,34.0,8.0,5.998100065570547,11.92026007834206,4.944752782483458,Transient_Shock
7.526017725467682e-05,0.0002092080976581201,0.0007126816453819629,0.008675262373823446,0.014464027712159573,0.026696097942994643,0.04296875,0.06103515625,0.12060546875,34.0,34.0,8.0,5.972457860757864,11.960343148908239,5.295620055690861,Transient_Shock
8.143763989210129e-05,0.00014945704242563806,0.0005515608318091836,0.009024280574766128,0.012225262468578663,0.023485332269507782,0.050537109375,0.053466796875,0.105224609375,12.0,34.0,8.0,6.578930010623121,11.847092691236643,6.505287916572698,Transient_Shock
7.043276855256408e-05,0.00018752365940599702,0.0006203505290613975,0.008392423282494996,0.01369392782973523,0.02490683699431539,0.04150390625,0.058349609375,0.11083984375,34.0,34.0,8.0,6.416720288822341,13.011555999062947,6.247054098292422,Transient_Shock
7.36903130018618e-05,0.00019033610806218348,0.0006244520445761736,0.008584306203873543,0.013796235285837346,0.024989038488428754,0.042724609375,0.052734375,0.1171875,34.0,34.0,8.0,6.499202866009375,14.258259133337976,6.038486912366122,Transient_Shock
6.696242780890316e-05,0.0001880813761090394,0.0006073316180845723,0.008183057363168314,0.013714276361115062,0.024644099051995636,0.04541015625,0.065185546875,0.102783203125,34.0,34.0,8.0,5.0366745321499735,11.416921094689398,6.308155985022169,Transient_Shock
7.420358815579675e-05,0.00019488343605189584,0.0006179120391607285,0.00861415046048052,0.013960065761016166,0.024857836574423135,0.04541015625,0.056396484375,0.102783203125,34.0,34.0,8.0,6.025275875845197,12.688489640004533,6.269401448155117,Transient_Shock
7.238748003146611e-05,0.0001978180225705728,0.0006937995458429214,0.008508083217239127,0.014064779506646124,0.02634007490199907,0.03857421875,0.057861328125,0.1240234375,34.0,34.0,8.0,6.8745040861052695,14.190638004817883,5.9467121520926645,Transient_Shock
6.985734216868877e-05,0.0002120204590028152,0.0006481085983978119,0.008358070481198921,0.014560922326652773,0.0254579771073393,0.04296875,0.0654296875,0.113037109375,34.0,34.0,8.0,6.5419866019582225,12.656338767175784,6.695173102294147,Transient_Shock
6.28772504569497e-05,0.00022952488143346272,0.0007226765410450753,0.007929517668619554,0.015150078594959919,0.02688264386263143,0.038818359375,0.068115234375,0.12646484375,34.0,34.0,8.0,6.7243236758190275,12.246603989995593,5.8630674453016365,Transient_Shock
5.8841771533479914e-05,0.00019658634846564382,0.0006099842576077208,0.0076708390371249425,0.01402092537836372,0.02469785937298455,0.037109375,0.0693359375,0.11181640625,34.0,34.0,8.0,5.181745206812458,10.96046232482708,5.888610423405784,Transient_Shock
6.0081001720391214e-05,0.00018915714463219047,0.0007256988756125793,0.007751193567470188,0.013753441192377654,0.0269387987039619,0.036865234375,0.05615234375,0.11474609375,34.0,34.0,8.0,7.163167437701177,12.458125602885007,5.932980205751332,Transient_Shock
6.33572599326726e-05,0.00018285721307620406,0.0005838957004016265,0.007959727378037053,0.013522470672040819,0.02416393387678477,0.04150390625,0.05029296875,0.1083984375,34.0,34.0,8.0,6.8000108497946545,14.98927102071757,6.208044325785323,Transient_Shock
9.868736378848553e-05,0.00019763383534154855,0.000696498518664157,0.009934151387435442,0.01405823016391283,0.026391258375912222,0.048583984375,0.0546875,0.111572265625,14.0,34.0,8.0,8.26106149280349,12.905470989127037,6.6649983858442035,Transient_Shock
0.00013117456910549663,0.00021382243357948028,0.0006807326426496729,0.011453146690123926,0.014622668483538846,0.02609085362056353,0.059814453125,0.0634765625,0.121826171875,14.0,34.0,8.0,9.427137501953528,11.044614034157627,5.682022288679906,Transient_Shock
0.00013540865620598197,0.000193690400919877,0.0006210243991517927,0.011636522513447992,0.01391726988025586,0.02492036113606287,0.047607421875,0.062255859375,0.1064453125,14.0,34.0,8.0,11.679241326619879,10.664888410254536,6.129907333274492,Transient_Shock
0.0001503612111264374,0.0001768704350979533,0.0006214955210452899,0.01226218622947953,0.013299264457027438,0.024929811893499916,0.0537109375,0.0595703125,0.10546875,14.0,34.0,8.0,11.48166316310394,10.838671683516461,5.738464451096928,Transient_Shock
0.0001219066180055961,0.00016318464986397885,0.0006351712763716932,0.01104113300370918,0.012774374734756252,0.02520260455531716,0.048583984375,0.050048828125,0.117919921875,14.0,34.0,8.0,10.073865165616025,12.261636337895602,5.815236035213069,Transient_Shock
9.916390990838408e-05,0.00017045173080987297,0.0005981523863738403,0.009958107747377716,0.013055716403548025,0.02445715409392189,0.045166015625,0.059326171875,0.106689453125,14.0,34.0,8.0,9.874618847917441,10.242265663199897,6.289354030377911,Transient_Shock
0.00010183782069361769,0.00015041420920169912,0.0004990041343262419,0.010091472672192977,0.012264347076045228,0.02233840044242743,0.044921875,0.061279296875,0.10009765625,14.0,34.0,8.0,9.97684761776999,10.422581121033982,6.549399912404407,Transient_Shock
7.675541201024316e-05,0.0001724195280985441,0.0005317759023455437,0.008761016608262033,0.013130861666263342,0.02306026674489139,0.044677734375,0.05615234375,0.09765625,14.0,34.0,8.0,6.871297741743226,10.827240019316957,7.023179938292827,Transient_Shock
5.7844441471388564e-05,0.00017017382197082043,0.0005457628139993176,0.00760555333104624,0.013045068875664107,0.023361567027905417,0.04052734375,0.056396484375,0.10205078125,34.0,34.0,8.0,6.007986770753283,10.98625446820669,6.40365889264076,Transient_Shock
5.271864574751817e-05,0.00016788857465144247,0.0005932799213042017,0.007260760686561579,0.012957182357728955,0.024357338140778062,0.03564453125,0.054931640625,0.10791015625,34.0,34.0,8.0,6.863779451826047,10.80707551962614,6.236682608450491,Transient_Shock
5.3805997595191e-05,0.00018066108168568462,0.0005226391331234481,0.007335257159445128,0.013441022345256503,0.02286130208722697,0.0380859375,0.056884765625,0.101318359375,34.0,34.0,8.0,5.189336768895708,9.247000729448137,6.054352160271819,Transient_Shock
4.425644510774873e-05,0.00016779429279267788,0.0004893261939287186,0.006652551774150182,0.012953543638428747,0.022120718657600583,0.032470703125,0.05126953125,0.08935546875,34.0,34.0,8.0,5.153530497053902,9.215954288053231,6.860322183705478,Transient_Shock
5.306716775521636e-05,0.0001741267005854752,0.0005438848747871816,0.007284721529009627,0.013195707657623944,0.02332133947240556,0.036865234375,0.0556640625,0.094970703125,34.0,34.0,8.0,4.716358486214152,9.256199770343454,7.563047725237133,Transient_Shock
5.3040854254504666e-05,0.00015507939679082483,0.00048018819870776497,0.0072829152304901,0.012453087841608796,0.021913196907520475,0.040771484375,0.064697265625,0.095703125,34.0,34.0,8.0,4.03910793639901,7.960642605119293,6.265901156154515,Transient_Shock
5.4544387239729986e-05,0.00017121294149546884,0.0005755345882789697,0.007385417201467361,0.013084836319017095,0.023990301963063527,0.03857421875,0.059814453125,0.09814453125,34.0,34.0,8.0,5.98537744871498,12.362577844747271,6.227159313645181,Transient_Shock
5.34582904947456e-05,0.00018763862317427993,0.0005358539056032896,0.0073115176601541215,0.013698124805033714,0.02314851843214355,0.033203125,0.05712890625,0.096923828125,34.0,34.0,8.0,6.170869783870173,10.927298013232415,6.801783751744334,Transient_Shock
5.750159834860824e-05,0.00019237430751672946,0.0006422991282306612,0.007582980835305351,0.013869906543186565,0.025343621056010547,0.0390625,0.054931640625,0.11083984375,34.0,34.0,8.0,6.213851339339457,10.84382465463879,5.665281301938679,Transient_Shock
4.0218932554125786e-05,0.00014984639346948825,0.0005055984802311286,0.006341839839835581,0.012241176147310693,0.02248551712171923,0.03173828125,0.052001953125,0.10400390625,34.0,34.0,8.0,6.37656900163335,13.340720659586857,6.861558191600768,Transient_Shock
5.14856910740491e-05,0.0001485812827013433,0.0005384626419981942,0.0071753530278341774,0.012189392220342378,0.02320479782282522,0.0341796875,0.047607421875,0.10791015625,34.0,34.0,8.0,6.652398795171652,13.261194173295273,5.530315990816043,Transient_Shock
5.163320747669786e-05,0.00015672662993893027,0.0004917379374091979,0.0071856250581767665,0.012519050680420233,0.022175164878963087,0.034423828125,0.05517578125,0.0966796875,34.0,34.0,8.0,6.221102678476418,13.395883621459678,5.9285881928148445,Transient_Shock
4.3705105781555176e-05,0.00017415446563973092,0.0005153675883775577,0.0066109837226811545,0.013196759664392274,0.02270170893077342,0.037353515625,0.0576171875,0.093994140625,34.0,34.0,8.0,6.903551183272161,11.913200879603476,6.135606902575795,Transient_Shock
5.2907384088030085e-05,0.00019198557129129767,0.0006418339326046407,0.007273746221035628,0.013855885799590644,0.025334441628041472,0.03466796875,0.060302734375,0.110595703125,34.0,34.0,8.0,6.048220355333375,12.40732245386545,6.071470481889203,Transient_Shock
5.697249434888363e-05,0.000193413896340644,0.0006349123686959501,0.007548012609215993,0.013907332466747316,0.025197467505603616,0.03759765625,0.05859375,0.116943359375,34.0,34.0,8.0,7.206835965400717,11.908491292464031,6.451418216273599,Transient_Shock
6.521910836454481e-05,0.0001956401247298345,0.0006684132240479812,0.008075834840098255,0.013987141406657563,0.025853688789957637,0.043212890625,0.05615234375,0.106689453125,34.0,34.0,8.0,5.3829344146357805,12.340574719587847,5.569071944509704,Transient_Shock
6.687635323032737e-05,0.00019918998805223964,0.0005862049292773008,0.008177796355395955,0.014113468321154784,0.02421166927903363,0.042236328125,0.06396484375,0.1083984375,34.0,34.0,8.0,5.544086397382495,12.004035745454217,6.157338982582188,Transient_Shock
7.165321949287318e-05,0.00023118944591260515,0.0007535177137469873,0.008464822472614129,0.015204915189260516,0.02745027711603268,0.044921875,0.0712890625,0.121337890625,34.0,34.0,9.0,6.994406676465283,12.051897316255195,5.3048725807306365,Transient_Shock
5.915716974413954e-05,0.00020603415032383054,0.0005764719644503202,0.007691369822348912,0.01435388972800859,0.024009830579375613,0.036865234375,0.065185546875,0.1103515625,34.0,34.0,8.0,6.450168526146831,12.242654985666528,5.453508597557662,Transient_Shock
6.227529593161307e-05,0.00020771019262610935,0.0006746454018866643,0.007891469820737648,0.014412154336743322,0.025973936973178794,0.039794921875,0.064453125,0.113525390625,34.0,34.0,8.0,7.92858110417318,13.95051046541326,5.698088209355707,Transient_Shock
5.74570003664121e-05,0.00018115894636139274,0.0006399223602784332,0.007580039601902625,0.01345952994578164,0.025296686745074605,0.034423828125,0.0546875,0.11767578125,34.0,34.0,8.0,6.6556229094214965,14.959073258706779,6.457876485853145,Transient_Shock
6.464941179729067e-05,0.0002090607158606872,0.000720801399438642,0.008040485793612887,0.014458932044265483,0.02684774477379137,0.0380859375,0.0634765625,0.130859375,34.0,34.0,8.0,6.754161282742452,12.748137069812717,6.369930854934543,Transient_Shock
5.49929536646232e-05,0.0001750490046106279,0.0005416639578470495,0.007415723408044774,0.013230608625857992,0.023273675211428244,0.0380859375,0.064208984375,0.10400390625,34.0,34.0,8.0,5.6881999112153725,12.155213538481325,7.151071900090441,Transient_Shock
4.994080154574476e-05,0.00016279912961181253,0.0005457169463625178,0.007066880609274842,0.012759276218179953,0.023360585317207225,0.033447265625,0.05419921875,0.112060546875,34.0,34.0,8.0,7.612013904911127,14.722052348237895,5.830023956974146,Transient_Shock
0.10416979865271969,0.016163524673174834,0.006337517374049639,0.32275346419940976,0.12713585125044324,0.07960852576231794,3.99993896484375,1.7607421875,0.939697265625,18.0,29.0,30.0,1.710268719200143,1.9879487176490236,1.8301184403303723,Transient_Shock
0.07321302214404568,0.0036502484581433237,0.009162111426121555,0.27057904971384183,0.06041728608720623,0.09571891885161238,2.322021484375,0.531005859375,1.013427734375,17.0,6.0,42.0,3.316300672539855,2.5969359805529906,3.2011846830849486,Transient_Shock
0.0009514076773484703,0.00031369379939860664,0.0006240075454115868,0.03084489710387231,0.01771140308949595,0.02498014302224042,0.15234375,0.089111328125,0.119873046875,6.0,34.0,8.0,6.788712763669467,8.491385203308262,5.965958466126098,Transient_Shock
0.2251505213780547,0.02277061901986599,0.007938256134366384,0.4745002859620368,0.1508993671950482,0.08909689183336524,3.99993896484375,1.893798828125,0.91162109375,17.0,34.0,17.0,2.737006306113496,3.3631921676583363,2.777678820251269,Transient_Shock
0.0228211135690799,0.001978509473701706,0.002608051752758911,0.15106658654076982,0.04448043922559338,0.05106908803531654,0.938720703125,0.324951171875,0.23291015625,20.0,34.0,3.0,4.075173383171896,5.117397794691516,6.440346339741579,Transient_Shock
0.0006494085391750559,0.0003243655628466513,0.0015640267192793544,0.02548349542694361,0.01801015166084537,0.03954777767813704,0.114990234375,0.0830078125,0.175048828125,6.0,34.0,3.0,5.054868509920798,7.865587615479112,8.343528136184029,Transient_Shock
0.3198052468496826,0.03999612013285514,0.01778459339402616,0.5655132596585889,0.19999030009691754,0.1333588894450841,3.99993896484375,2.03564453125,1.510498046875,17.0,29.0,17.0,4.369450317137828,3.836494980911807,2.391967821125058,Transient_Shock
0.004714608599897474,0.001177661120891571,0.001421668097464135,0.06866300750693545,0.034317067486770644,0.03770501422177341,0.380615234375,0.1884765625,0.2001953125,17.0,6.0,3.0,5.149257621705223,6.805315482075161,5.997771841899636,Transient_Shock
0.001268176445591962,0.0003161622989864554,0.0012968089431524277,0.03561146508628874,0.017780953264278476,0.03601123356887997,0.1953125,0.082275390625,0.187255859375,6.0,34.0,3.0,10.953106008197146,4.827019731068657,6.4372448505171995,Transient_Shock
0.45296637361730063,0.08812739163454353,0.03412655164356693,0.6730277658591067,0.2968625803878682,0.1847337317426542,3.99993896484375,3.40008544921875,1.60693359375,15.0,32.0,22.0,3.624929053891827,3.493213853830391,3.4764230025152525,Transient_Shock
0.005142399109899998,0.0008513757347827777,0.0012427320143615361,0.07171052300673868,0.02917834359217085,0.03525240437702847,0.436767578125,0.169189453125,0.17333984375,17.0,6.0,3.0,7.580548713674137,4.881510257582864,6.612210128381631,Transient_Shock
0.0009248906280845404,0.00028939027106389403,0.0005731244127673563,0.030412014535123127,0.017011474688100794,0.023940016975084966,0.169189453125,0.0849609375,0.10888671875,6.0,33.0,8.0,7.616458547949199,9.825255689375116,7.16703075708036,Transient_Shock
0.0002106676656694617,0.00017610481882002205,0.0005448686970339622,0.01451439511896592,0.013270449081324341,0.023342422689900083,0.067138671875,0.058349609375,0.109130859375,17.0,33.0,8.0,4.188951876896215,9.745893201582854,7.694706759974252,Transient_Shock
0.00010368390576331876,0.0001912172265292611,0.0005813678726553917,0.010182529438372313,0.013828131707836063,0.024111571343556015,0.052734375,0.06005859375,0.122314453125,33.0,33.0,8.0,4.2510478281745225,9.040985586898957,7.547913490150323,Transient_Shock
5.980700007057749e-05,0.00015120728858164512,0.00047486874973401427,0.007733498566016385,0.012296637287553256,0.02179148342206226,0.037841796875,0.050537109375,0.093505859375,8.0,33.0,8.0,5.688508369627657,7.571556707309904,9.85811063409105,Transient_Shock
4.803420961252414e-05,0.00016552541273995303,0.0005071775376563892,0.0069306716566667715,0.012865667986542829,0.022520602515394412,0.041259765625,0.05322265625,0.104736328125,8.0,32.0,8.0,4.977506075602991,7.888085375160905,9.622793082065485,Transient_Shock
4.880862252321094e-05,0.00015253071615006775,0.0005038311792304739,0.006986316806673667,0.012350332633175016,0.022446184068355003,0.03515625,0.055908203125,0.1025390625,8.0,32.0,8.0,5.360235987409497,8.997628075808812,10.326971638688,Transient_Shock
5.6590884923934937e-05,0.0001679086963122245,0.000524296334333485,0.007522691335149604,0.012957958801918783,0.02289751808239236,0.0361328125,0.058349609375,0.09814453125,8.0,32.0,8.0,5.150106606408786,11.286537522139199,10.246774094485618,Transient_Shock
4.7502366214757785e-05,0.00016037132809287868,0.00047442037612199783,0.006892196037168254,0.012663780166004094,0.021781193174892827,0.035400390625,0.0556640625,0.09375,8.0,32.0,8.0,6.78386702223259,14.208989157528922,11.054595840751466,Transient_Shock
4.846724550588988e-05,0.00013639240933116525,0.00040495962821296416,0.0069618421057856435,0.011678716082308246,0.020123608727386947,0.033203125,0.060302734375,0.11572265625,32.0,32.0,8.0,6.280873010625706,10.012992218211762,7.153859085050341,Transient_Shock
1.2886299373349175e-05,2.0471921743592247e-05,3.085761272814125e-05,0.003589749207583891,0.004524590781893126,0.00555496289169795,0.0205078125,0.022705078125,0.03173828125,42.0,31.0,3.0,4.874982576265499,3.9659252217404104,5.172129142399141,Transient_Shock
1.608621096238494e-05,4.665657979785465e-05,6.0337912145769224e-05,0.0040107618930054845,0.00683056218754025,0.007767748203036014,0.020751953125,0.027587890625,0.031982421875,3.0,36.0,3.0,4.759202498406899,5.219014643067093,9.533215788824801,Transient_Shock
1.2168660759925842e-05,2.200991366407834e-05,5.961939677945338e-05,0.0034883607554159076,0.004691472440937742,0.007721359775289155,0.018798828125,0.025634765625,0.039794921875,42.0,29.0,4.0,4.8233525850939065,4.016407747851522,6.604952525542263,Transient_Shock
1.9014547433471307e-05,3.2684169127605855e-05,8.106184759526514e-05,0.004360567329312931,0.005717007007832495,0.009003435321879373,0.021240234375,0.02587890625,0.04541015625,4.0,33.0,4.0,5.167520022210791,5.06314810059119,9.928683959090641,Transient_Shock
1.2971868272870779e-05,8.361204527318478e-05,7.23271950846538e-05,0.0036016479940258984,0.009143962230520464,0.008504539675059068,0.020751953125,0.034423828125,0.0400390625,42.0,36.0,5.0,3.7488431842929657,10.819365500467702,5.243324390950051,Transient_Shock
1.2383821740513667e-05,4.7362176701426506e-05,8.753173460718244e-05,0.0035190654640847004,0.006882018359567672,0.009355839599265394,0.01708984375,0.0283203125,0.044677734375,42.0,39.0,5.0,4.055390018383987,7.263200265632284,6.54364467355671,Transient_Shock
1.4312565326690674e-05,3.154686055495404e-05,9.956373833119869e-05,0.003783195121413998,0.0056166591987545445,0.009978163073993063,0.019287109375,0.023193359375,0.051513671875,5.0,42.0,5.0,4.181644782943742,5.7057250625906555,6.635361393591178,Transient_Shock
1.3492172001861036e-05,2.3931843315949664e-05,0.00011267606168985367,0.0036731692040880767,0.00489201832743395,0.010614898100775799,0.01953125,0.0224609375,0.04736328125,42.0,45.0,6.0,3.775869691078611,4.530318595564179,6.314884458021451,Transient_Shock
1.5072509995661676e-05,1.9781698938459158e-05,0.0001100736808439251,0.0038823330608877024,0.0044476621879881075,0.01049160049010279,0.0224609375,0.026123046875,0.046875,6.0,47.0,6.0,5.578166438513058,3.9641943950783682,8.652906494922547,Transient_Shock
1.646615783101879e-05,2.8649428713833913e-05,0.00014409093637368642,0.004057851381090587,0.005352516110562762,0.012003788417565782,0.0185546875,0.0302734375,0.064208984375,6.0,37.0,6.0,4.00729753349586,3.475286959688024,8.429073258950678,Transient_Shock
2.010727985179983e-05,2.9215530958026648e-05,0.00015835306476219557,0.004484114165785683,0.00540513930977053,0.012583841415171902,0.02099609375,0.034912109375,0.059814453125,7.0,32.0,6.0,3.5095296485031655,4.521218924210718,5.96506635875227,Transient_Shock
2.04905190912541e-05,4.202409400022589e-05,0.0002016685320995748,0.004526645456765318,0.006482599324362557,0.0142010046158564,0.020263671875,0.038330078125,0.06787109375,42.0,30.0,7.0,4.756521677719839,3.3005172461152843,6.353883139703249,Transient_Shock
2.1181851479923353e-05,5.7152341469191015e-05,0.00024350963940378278,0.004602374547983177,0.007559916763377162,0.015604795397690505,0.026123046875,0.05419921875,0.08642578125,7.0,27.0,7.0,5.742361878660773,4.806592871868423,8.06871538968292,Transient_Shock
2.403672260697931e-05,6.199883864610456e-05,0.0002577164996182546,0.004902726038336153,0.007873934127620358,0.01605355099715495,0.027587890625,0.0498046875,0.07666015625,7.0,28.0,7.0,5.551625658525905,6.29275104393434,10.467190993137615,Transient_Shock
2.51953570113983e-05,8.916016304283403e-05,0.0003124861359538045,0.005019497685167142,0.009442465940782314,0.017677277390871153,0.02490234375,0.05126953125,0.08056640625,29.0,29.0,7.0,4.705302696516221,5.606136524833541,8.118797479494862,Transient_Shock
2.7490514185046777e-05,7.256239405251108e-05,0.0002891723379434552,0.005243139725874829,0.008518356299927298,0.017005068007610414,0.028564453125,0.0390625,0.086181640625,29.0,29.0,7.0,3.915396922510891,7.705926504585928,7.704531876859361,Transient_Shock
2.962798680528067e-05,7.011074558249675e-05,0.0002867038710974157,0.005443159634374199,0.008373215964161962,0.016932332122227455,0.031005859375,0.047607421875,0.085205078125,7.0,30.0,7.0,5.010706367775967,6.2135069603843185,7.068226086136941,Transient_Shock
3.9094647945603356e-05,0.00010250828563584946,0.00034931880873045884,0.006252571306718809,0.01012463755577697,0.018690072464558793,0.03369140625,0.050537109375,0.0859375,30.0,30.0,30.0,5.382505984769624,10.981365795986127,6.946543665172545,Transient_Shock
3.371026468812488e-05,0.0001229820445587393,0.00038457009941339493,0.005806054140991529,0.011089726983056854,0.01961045892918865,0.02978515625,0.052734375,0.0908203125,31.0,30.0,8.0,3.7578761350465917,8.895279490430008,5.631911972565983,Transient_Shock
3.3610613172641024e-05,0.00012641044668271206,0.0004116021445952356,0.005797466099309337,0.011243240043809083,0.02028798029857175,0.02978515625,0.056640625,0.09326171875,31.0,31.0,8.0,4.980498249508521,7.409068312772716,6.626298681346855,Transient_Shock
3.4655851777642965e-05,0.0001266740400751587,0.000388591768569313,0.005886922097127069,0.01125495624492422,0.01971273112912853,0.02978515625,0.05517578125,0.087646484375,31.0,31.0,8.0,7.447255056243551,10.215094239217917,7.575074432330126,Transient_Shock
4.0844082832336426e-05,0.0001318482682108879,0.00043353110959287733,0.00639093755503341,0.011482520115849477,0.020821409884848752,0.03173828125,0.053466796875,0.104248046875,31.0,31.0,8.0,7.6760356319929395,13.028146714384587,8.56066224170415,Transient_Shock
3.8204234442673624e-05,0.0001415043334418442,0.00038320725070661865,0.006180957405020166,0.01189555940012256,0.0195756800828635,0.030029296875,0.0556640625,0.0927734375,31.0,31.0,8.0,7.538020053581042,12.135498479520251,8.285340097084147,Transient_Shock
4.321883534430526e-05,0.0001280985161429271,0.00037195881304796785,0.006574103387101945,0.011318061501110829,0.019286233770437602,0.03076171875,0.05078125,0.0791015625,31.0,31.0,8.0,5.940334185017188,10.390568541612572,10.026087655144323,Transient_Shock
4.079889913555235e-05,0.00015591116607538424,0.0004102761122339871,0.0063874015949799455,0.01248643928729821,0.02025527368943671,0.03369140625,0.057861328125,0.087890625,31.0,31.0,8.0,6.115255613615442,8.917220807704094,8.7253274034544,Transient_Shock
4.856182204093784e-05,0.00016175489508896135,0.0004430138178577181,0.006968631288921652,0.012718289786325885,0.021047893430405765,0.035888671875,0.060302734375,0.0927734375,8.0,31.0,8.0,4.855563915074681,7.483682988662387,8.637272555202596,Transient_Shock
4.07229526899755e-05,0.0001797893455659505,0.0004769919760292396,0.006381453806929538,0.01340855493951345,0.021840145970877568,0.03369140625,0.060791015625,0.09814453125,32.0,32.0,8.0,4.813937605473424,9.162512796796724,8.547608674718742,Transient_Shock
4.6560624468838796e-05,0.00016752874580561183,0.00047695537796244025,0.006823534602303912,0.012943289605259237,0.02183930809257565,0.037841796875,0.054931640625,0.091064453125,8.0,32.0,8.0,5.736556068418738,12.80611472265404,9.46296920949358,Transient_Shock
6.054271580069326e-05,0.00019751906802412122,0.00045570311704068445,0.007780919984210945,0.014054147716034623,0.021347203963064682,0.0400390625,0.06640625,0.097900390625,32.0,32.0,8.0,9.952860183148609,14.75729494642108,12.178199034434208,Transient_Shock
4.759285366162658e-05,0.00013152643805369735,0.0004680073143390473,0.0068987573998240135,0.011468497637166664,0.021633476704844445,0.034423828125,0.052978515625,0.08935546875,32.0,32.0,8.0,9.963342148091492,15.306684951265146,12.336958549204983,Transient_Shock
4.346713831182569e-05,0.00017145973106380552,0.0005349947459762916,0.006592961270311368,0.013094263288318496,0.02312995343653531,0.03369140625,0.052490234375,0.108154296875,32.0,32.0,8.0,8.114356827710802,18.265076134144447,11.284107889171086,Transient_Shock
4.5126591430744156e-05,0.00011050175817217678,0.00037451617754413746,0.006717632874066888,0.010511981648203958,0.01935242045699032,0.031982421875,0.052978515625,0.08935546875,32.0,32.0,8.0,8.71851331089103,14.24495392536033,11.872952672565766,Transient_Shock
4.3988311517750844e-05,0.00018487822671886533,0.0004301000735722482,0.006632368469690963,0.013596993297007443,0.020738854201046118,0.031005859375,0.06298828125,0.097900390625,32.0,32.0,8.0,10.277340194117405,14.730494672545042,10.507145483011687,Transient_Shock
4.318411447457038e-05,0.00018234527669847012,0.0004568426957121119,0.00657146212608506,0.013503528305538153,0.02137387881766227,0.03173828125,0.0615234375,0.08837890625,32.0,32.0,8.0,6.315193938832769,12.20475221557494,10.948605483641684,Transient_Shock
4.3517382437130436e-05,0.00021662524886778556,0.000518574259331217,0.00659677060667797,0.014718194483963906,0.02277222561216222,0.033447265625,0.06103515625,0.095458984375,32.0,32.0,8.0,6.314923309477255,16.31643167490538,10.49537784063621,Transient_Shock
4.7210833145072684e-05,0.00019395793788135052,0.000447299094957998,0.006871013982308047,0.013926878253268049,0.021149446682076533,0.030029296875,0.060302734375,0.093017578125,32.0,32.0,8.0,7.038246454008403,12.79705576641157,10.022943174267477,Transient_Shock
4.895330857834779e-05,0.00017728511011227965,0.0004626263071259018,0.006996664103581633,0.01331484547834783,0.02150874954816997,0.03564453125,0.063232421875,0.099365234375,32.0,32.0,8.0,6.953428757594264,11.383322125348482,10.104909051366205,Transient_Shock
4.170168176642619e-05,0.00018438903134665452,0.0004738771676784381,0.006457683932063119,0.013578992280233999,0.021768719936607162,0.033203125,0.060546875,0.1005859375,32.0,32.0,8.0,8.979234622691575,13.691564590411435,10.799439913628209,Transient_Shock
4.140971213928424e-05,0.0001964251532626804,0.00044178518874105066,0.006435037850648917,0.014015175819898957,0.02101868665595095,0.029296875,0.05859375,0.0947265625,32.0,32.0,8.0,7.223217253172108,14.389824056156609,10.000261725802934,Transient_Shock
4.4774289563065395e-05,0.00018246093532070518,0.0004515855362114962,0.0066913593210247944,0.013507810160077953,0.021250542021593148,0.036376953125,0.060302734375,0.095458984375,32.0,32.0,8.0,6.6846070717885615,11.766588056152953,8.773507943460679,Transient_Shock
4.432140849530697e-05,0.00016430567120551132,0.0004475385030673351,0.00665743257534817,0.012818177374553347,0.0211551058391901,0.034912109375,0.05517578125,0.099365234375,32.0,32.0,8.0,6.838889123513423,12.692569514583752,10.349519413422662,Transient_Shock
3.569759428501129e-05,0.0001493684103479609,0.00040081553379422985,0.0059747463783001945,0.012221636974970288,0.02002037796332102,0.028076171875,0.057861328125,0.090576171875,8.0,32.0,8.0,5.509298839400449,12.658103949318779,10.416999486617472,Transient_Shock
3.484584158286452e-05,0.00017363060032948852,0.00037139010601094924,0.005903036640820089,0.01317689646045261,0.019271484271092074,0.026611328125,0.0517578125,0.0830078125,32.0,32.0,8.0,6.491845010134256,15.588391023261405,11.781353467125244,Transient_Shock
3.91113426303491e-05,0.00011408887803554535,0.0003848936758004129,0.0062539061897624515,0.01068123953647447,0.019618707291776716,0.033935546875,0.048828125,0.078857421875,32.0,32.0,8.0,8.37522857260108,11.438700139104679,12.212224108025937,Transient_Shock
4.014948717667721e-05,0.00017057990407920443,0.0004606242546287831,0.006336362298407282,0.013060624184134709,0.021462158666564347,0.0390625,0.058837890625,0.096435546875,32.0,32.0,8.0,5.939749933547125,10.989955841262995,9.626093773332851,Transient_Shock
5.526814129552804e-05,0.00019972322843386792,0.000490656584588578,0.007434254589098226,0.014132346883439704,0.022150769390442807,0.03515625,0.0576171875,0.0927734375,8.0,32.0,8.0,4.821165725642703,10.254378432909233,9.713828894464966,Transient_Shock
4.0655024349689484e-05,0.0001651281345402822,0.00044364616042003036,0.0063761292607419345,0.012850219240942241,0.021062909590558242,0.03271484375,0.058349609375,0.088134765625,8.0,32.0,8.0,4.516511679556655,7.629366341913342,10.58157126311796,Transient_Shock
4.091294249519706e-05,0.0001669623306952417,0.00048586492994218133,0.006396322575917905,0.012921390431963647,0.022042344021046885,0.03369140625,0.06103515625,0.09033203125,32.0,32.0,8.0,6.06895514117595,8.683154502325964,10.725564969653705,Transient_Shock
4.841688496526331e-05,0.00019792368402704597,0.0005300227749103215,0.00695822426810629,0.014068535248100492,0.02302222350057269,0.033203125,0.05712890625,0.095458984375,8.0,32.0,8.0,5.625660309225722,10.035329946475219,9.553567485500194,Transient_Shock
4.1145915020024404e-05,0.0001843882455432322,0.0004819710156880319,0.006414508166650379,0.01357896334567673,0.021953838290559396,0.03173828125,0.059326171875,0.097412109375,33.0,32.0,8.0,5.179339937850398,7.865968227168804,9.012299031606062,Transient_Shock
5.1741018978646025e-05,0.00019509467165335082,0.0004992277827113867,0.007193123033748695,0.013967629421392552,0.02234340579928196,0.037353515625,0.06201171875,0.09814453125,32.0,32.0,8.0,5.100233904392131,7.62531860522133,9.355838761196484,Transient_Shock
5.1013132178923115e-05,0.0002246182266389951,0.0005241541330178734,0.007142347805793492,0.014987268818533786,0.02289441270305647,0.033203125,0.067626953125,0.113037109375,32.0,32.0,8.0,5.3642800475334615,8.378067705302927,8.871293441621287,Transient_Shock
5.143336238688789e-05,0.00020674563711509109,0.0004994671326130629,0.007171705681836636,0.01437865213137487,0.02234876132167201,0.035888671875,0.060546875,0.10888671875,8.0,33.0,8.0,5.160743159271503,9.037639286072645,8.595302576511198,Transient_Shock
5.1272043492645025e-05,0.00019475631415843964,0.0004949455615133047,0.007160449950432237,0.01395551196332258,0.022247372013640278,0.03515625,0.061767578125,0.09765625,8.0,32.0,8.0,4.694949113031317,7.246832218444369,9.015896217262775,Transient_Shock
4.6372701035579666e-05,0.0001628353347769007,0.0004822519222216215,0.006809750438568191,0.012760694917476114,0.021960235022003328,0.033935546875,0.0576171875,0.09130859375,8.0,32.0,8.0,4.829751484446073,8.924674132699232,8.232053393892944,Transient_Shock
4.3139662011526525e-05,0.00020144672816968523,0.000501885046105599,0.006568079019890559,0.014193193022350017,0.02240279103383324,0.03564453125,0.0634765625,0.089111328125,8.0,32.0,8.0,5.758293274302932,7.910407745024463,9.187667591493147,Transient_Shock
5.588470958173275e-05,0.00018009444465860724,0.00045179715016274713,0.0074756076396325635,0.013419927148036507,0.021255520463229007,0.035400390625,0.054931640625,0.093505859375,32.0,32.0,8.0,5.863005796729919,8.112005528111755,8.908895319867845,Transient_Shock
4.08975756727159e-05,0.000163263117428869,0.00043935421854257584,0.006395121239876215,0.01277744565352829,0.020960778099645437,0.036865234375,0.047607421875,0.095703125,8.0,32.0,8.0,6.0174229095543526,8.425908862060535,9.103128223878384,Transient_Shock
3.7883724871790037e-05,0.000196752545889467,0.00046222394666983746,0.006154975619106061,0.014026850889970528,0.02149939410006332,0.037841796875,0.056884765625,0.09521484375,32.0,32.0,8.0,5.791757805292128,9.67185405708691,9.620981293404693,Transient_Shock
4.656059536500834e-05,0.00021198646572884172,0.0004993051370547619,0.006823532469696934,0.01455975500236325,0.022345136765183647,0.038818359375,0.06201171875,0.101806640625,32.0,32.0,8.0,6.588062656183942,11.368338861850164,9.53779427585156,Transient_Shock
4.923974847770296e-05,0.00019351299852132797,0.00044474791502580047,0.007017103995075387,0.01391089495759809,0.021089047276389716,0.038330078125,0.067138671875,0.098876953125,32.0,32.0,8.0,5.216957223398405,10.159854474593676,9.363778782358006,Transient_Shock
5.0964983529411256e-05,0.0001979239132197108,0.00048188608707278036,0.007138976364256381,0.014068543393674799,0.02195190395097383,0.035400390625,0.05810546875,0.10009765625,32.0,32.0,8.0,6.387888322437563,11.47413278732819,9.675454742248283,Transient_Shock
3.7862861063331366e-05,0.00017642111924942583,0.00045348531784838997,0.0061532805123227854,0.013282361207610107,0.021295194712619793,0.030517578125,0.052978515625,0.088623046875,32.0,32.0,8.0,6.76090658944969,10.118233908663292,10.092752968095077,Transient_Shock
4.557054126053117e-05,0.00018811269183061086,0.0004372223593236413,0.006750595622649247,0.013715418033388951,0.020909862728474362,0.04150390625,0.06298828125,0.100341796875,32.0,32.0,8.0,6.914559733893983,10.368754099759169,9.837147541647953,Transient_Shock
4.3671283492585644e-05,0.00018630476188263856,0.0004909761337330565,0.0066084251900574344,0.013649350236646379,0.022157981264841264,0.036376953125,0.056884765625,0.097412109375,32.0,32.0,8.0,6.462083534208865,9.58878492521029,8.270755152133793,Transient_Shock
4.142126999795437e-05,0.0001856875023804605,0.0004499107599258423,0.0064359358292290616,0.013626720162256965,0.021211099922583986,0.033447265625,0.0576171875,0.09619140625,32.0,32.0,8.0,6.827046066880838,12.868305786193055,9.93425847792088,Transient_Shock
4.304723915993236e-05,0.00017493996710982174,0.0004314503021305427,0.00656103948775896,0.013226487330724727,0.02077138180599795,0.0322265625,0.060302734375,0.09912109375,32.0,32.0,8.0,5.68938794028523,9.952828481976427,10.299197259300142,Transient_Shock
3.6426728911465034e-05,0.00021148722953512333,0.0005462412336783018,0.006035455982066727,0.01454260050799455,0.02337180424525034,0.03271484375,0.06005859375,0.10205078125,32.0,32.0,8.0,5.436521788929186,9.116038419869485,8.85378004835897,Transient_Shock
4.384094791021198e-05,0.00018511897360440344,0.0004359125014161691,0.006621249724199502,0.013605843362482292,0.020878517701603462,0.037841796875,0.05908203125,0.093994140625,32.0,32.0,8.0,5.95782294734144,10.02397195155202,9.125212024603577,Transient_Shock
4.814233398064971e-05,0.00020178084014332853,0.0005461887885758188,0.006938467696880177,0.014204958294318521,0.023370682244552014,0.037841796875,0.064208984375,0.111083984375,32.0,32.0,8.0,5.106068269036277,9.490895203948465,8.252628708276639,Transient_Shock
4.440027987584472e-05,0.0001822583726607263,0.0004625914698408451,0.006663353500741554,0.013500310094983979,0.021507939693072534,0.03271484375,0.0595703125,0.091064453125,32.0,32.0,8.0,5.7214179044450795,9.84521213766664,8.862175838347406,Transient_Shock
4.901085048913956e-05,0.00019673845599754713,0.00048667454029782675,0.007000774992037636,0.014026348633822957,0.02206070126486977,0.038818359375,0.05859375,0.100341796875,32.0,32.0,8.0,5.86807482875163,10.410303509473133,9.202350016536368,Transient_Shock
4.130926390644163e-05,0.00019068241454078816,0.0004663953404815402,0.006427228322258486,0.01380878034226007,0.02159618810071676,0.033203125,0.05810546875,0.104248046875,32.0,32.0,8.0,4.949179547901867,9.453481024383821,8.48917545718441,Transient_Shock
4.122586688026786e-05,0.00015201367205008864,0.00039793262476450764,0.006420737253639014,0.012329382468318868,0.019948248664093487,0.030517578125,0.0517578125,0.089111328125,8.0,32.0,8.0,5.594001217548514,8.862911284080589,10.169430798538258,Transient_Shock
4.084385000169277e-05,0.00017725535144563764,0.00047511144293821417,0.0063909193393198735,0.013313727931936931,0.021797051244106715,0.0322265625,0.052734375,0.098876953125,32.0,32.0,8.0,5.2685473700985614,8.977272338297766,8.459805006099261,Transient_Shock
5.0304861360928044e-05,0.00019756838446483016,0.00047502387315034866,0.007092592005813392,0.014055902122056419,0.02179504239845265,0.0380859375,0.058349609375,0.097900390625,32.0,32.0,8.0,4.380619296066069,8.569209011098414,8.536386621925507,Transient_Shock
5.081197014078498e-05,0.00021704841856262647,0.000519486129633151,0.007128251548646763,0.014732563204094069,0.022792238363819183,0.036865234375,0.069091796875,0.108642578125,32.0,32.0,8.0,6.155427626546629,8.369769527578663,7.4053624203683786,Transient_Shock
4.480686038732529e-05,0.00019881768093910068,0.0005392357124947011,0.006693792675854645,0.014100272371096265,0.023221449405553932,0.03466796875,0.0625,0.104248046875,32.0,32.0,8.0,5.941296093665654,8.405156099988345,8.83744502369389,Transient_Shock
5.6684002629481256e-05,0.00022479250037577003,0.0005863415426574647,0.007528877913041309,0.014993081750453108,0.02421449034478043,0.03759765625,0.060791015625,0.10791015625,33.0,33.0,8.0,5.7144695507253225,7.896332432921312,7.402326546327741,Transient_Shock
3.816321259364486e-05,0.00017411616499884985,0.0004539845831459388,0.0061776381080187,0.013195308446521812,0.021306913975185117,0.03125,0.05322265625,0.099609375,33.0,33.0,8.0,5.436740410284365,7.650104626275335,8.671977477307706,Transient_Shock
3.834336166619323e-05,0.00016344192772521637,0.0004256713291397318,0.006192201681647105,0.012784440845231221,0.02063180382661031,0.034423828125,0.056396484375,0.089111328125,33.0,33.0,8.0,5.869951048475564,9.542270885095812,9.80032135266905,Transient_Shock
4.722118319477886e-05,0.00020377913824631833,0.0005085900156700518,0.006871767108595784,0.014275123055382687,0.022551940397004686,0.030517578125,0.06640625,0.099609375,8.0,33.0,8.0,4.977056705265512,8.178075267476004,8.289254728603673,Transient_Shock
4.391114634927362e-05,0.00019006052752956748,0.0004862034365942236,0.00662654860008388,0.01378624414151902,0.022050021237954028,0.03466796875,0.064453125,0.105224609375,8.0,33.0,8.0,4.843834987102772,7.1184314162558,8.494207129244574,Transient_Shock
5.178745777811855e-05,0.0002343006053706631,0.0005369091195461806,0.0071963503095748855,0.015306880981136004,0.023171299479014563,0.039306640625,0.0595703125,0.104736328125,32.0,33.0,8.0,5.155341117519442,8.247237996072423,8.502535305494593,Transient_Shock
5.245484862825833e-05,0.00020229169967933558,0.0005588028543570545,0.007242571962242304,0.014222928660417853,0.023639011281292085,0.032470703125,0.058837890625,0.105224609375,33.0,33.0,8.0,5.378110890297104,7.466084770972522,8.775145995089616,Transient_Shock
4.25339094363153e-05,0.00017354798910673708,0.0004083941712451633,0.00652180262169251,0.013173761387953597,0.020208764713489126,0.03076171875,0.063232421875,0.111328125,8.0,33.0,8.0,4.84726922626105,8.279918734032785,7.216278109390842,Transient_Shock
2.708914689719677e-05,8.169503416866064e-06,1.362472539767623e-05,0.005204723517843841,0.002858234318047781,0.0036911685680386134,0.025390625,0.013671875,0.02294921875,13.0,33.0,3.0,6.72233717372839,4.038706269080727,4.6476589269539055,Transient_Shock
1.2545173376565799e-05,6.481059244833887e-06,1.3216340448707342e-05,0.0035419166247338176,0.002545792459104608,0.003635428509640554,0.0166015625,0.013671875,0.02099609375,14.0,32.0,3.0,5.899717454756018,3.984647104433737,3.5383816220182,Transient_Shock
2.078385659842752e-05,1.4446846762439236e-05,3.8486672565340996e-05,0.004558931519383409,0.0038009007830301536,0.006203762774747355,0.027587890625,0.02294921875,0.02880859375,13.0,33.0,3.0,4.099066928875366,5.846643502611417,7.593997926018599,Transient_Shock
1.6338799468940124e-05,1.267051266040653e-05,2.477693124092184e-05,0.004042128086656845,0.003559566358477747,0.0049776431411785475,0.025146484375,0.019775390625,0.02685546875,13.0,38.0,3.0,4.018476450078959,4.714187375136233,6.751823898472814,Transient_Shock
2.09599056688603e-05,2.0004863472422585e-05,1.93626583495643e-05,0.004578198954704819,0.004472679674694197,0.004400302074808535,0.02490234375,0.020263671875,0.023193359375,16.0,33.0,3.0,5.664204028293962,4.312605749385815,6.1755091627759375,Transient_Shock
2.9269136575749144e-05,3.8293408579193056e-05,4.692174479714595e-05,0.005410095800977017,0.0061881668189531745,0.00684994487548228,0.027099609375,0.026611328125,0.035400390625,14.0,37.0,3.0,8.571740549402923,5.129519341559007,10.55601177048543,Transient_Shock
6.20328210061416e-05,2.386440974078141e-05,4.6701952669536695e-05,0.0078760917342386,0.00488512126162508,0.006833882693574473,0.033203125,0.026123046875,0.03125,14.0,43.0,4.0,12.046599421650226,3.5229153765446726,6.391765575048282,Transient_Shock
7.502792504965328e-05,3.4520504414103925e-05,4.613409691955894e-05,0.008661866141291568,0.0058754152546100025,0.006792208545058002,0.033447265625,0.02685546875,0.031494140625,14.0,33.0,4.0,13.550636568346949,5.985664396292541,8.236956608678444,Transient_Shock
6.212840889929794e-05,4.586114300764166e-05,6.399288758984767e-05,0.00788215762969112,0.006772085572970978,0.007999555462014604,0.0439453125,0.033203125,0.0380859375,14.0,37.0,4.0,11.912357329500923,6.151631662539515,4.601388938557708,Transient_Shock
3.218341953470372e-05,5.771542419097386e-05,6.240963921300136e-05,0.00567304323398859,0.007597066814960486,0.00789997716534683,0.0361328125,0.03076171875,0.037841796875,14.0,39.0,5.0,6.773642984109571,5.789356084229406,7.2371930533347415,Transient_Shock
2.4430322810076177e-05,3.5264089092379436e-05,7.05907259543892e-05,0.0049427039978210486,0.005938357440604215,0.008401828726794494,0.024658203125,0.027099609375,0.04638671875,14.0,42.0,5.0,5.140764040056657,7.76419957397642,7.060002292864185,Transient_Shock
3.7238874938338995e-05,2.603116081445478e-05,6.224721437320113e-05,0.006102366339244064,0.005102074167870826,0.007889690385129263,0.0283203125,0.022216796875,0.034912109375,14.0,45.0,6.0,7.040084048080408,4.119843134844384,4.209491368052898,Transient_Shock
2.5913454010151327e-05,2.581461740192026e-05,6.506964564323425e-05,0.005090525907030759,0.00508080873502637,0.008066575831369481,0.028564453125,0.02197265625,0.038818359375,14.0,47.0,6.0,5.533475420738807,4.501291508041002,6.928530473006632,Transient_Shock
2.596288686618209e-05,2.6861551305046305e-05,8.342321598320268e-05,0.0050953789717921956,0.005182813068696025,0.009133631040457167,0.025146484375,0.02587890625,0.038330078125,14.0,49.0,6.0,6.684041465938954,5.472468737604658,9.039018523267314,Transient_Shock
2.0197880076011643e-05,2.5296685635112226e-05,7.984551120898686e-05,0.004494205166212558,0.005029581059602502,0.008935631550650847,0.020263671875,0.02685546875,0.048828125,14.0,25.0,6.0,6.330222823514747,4.641460502698801,5.961133161004124,Transient_Shock
5.895126378163695e-05,2.980847784783691e-05,9.670841609477066e-05,0.007677972634858563,0.005459714081143528,0.009834043730570383,0.034912109375,0.02197265625,0.05322265625,14.0,39.0,6.0,9.352016753212704,4.480955688542002,5.091390362441865,Transient_Shock
5.601366501650773e-05,2.9707935027545318e-05,0.00011155323227285407,0.007484227750176215,0.005450498603572458,0.010561876361369417,0.0400390625,0.02587890625,0.052001953125,14.0,27.0,7.0,10.11305642209787,5.866738295141747,7.1590619245858615,Transient_Shock
6.340396066661924e-05,3.770946932490915e-05,0.00012751758549711667,0.007962660401311815,0.0061408036383611185,0.011292368462688272,0.03369140625,0.027099609375,0.05517578125,14.0,27.0,7.0,14.423695876311786,4.957120268073986,7.231423777995541,Transient_Shock
6.70411936880555e-05,3.6002471460960805e-05,0.00013396946815191768,0.008187868690205987,0.006000205951545397,0.011574518052684427,0.032958984375,0.027099609375,0.0615234375,14.0,28.0,7.0,14.374256024073102,6.897146806772236,7.795348103118947,Transient_Shock
6.085660061216913e-05,3.3518168493174016e-05,0.00013408903032541275,0.007801064069226014,0.005789487757407732,0.011579681788607696,0.04052734375,0.02734375,0.054931640625,14.0,29.0,7.0,7.282404384350957,4.114916086896954,8.393290791515364,Transient_Shock
3.8747148209949955e-05,3.754510544240475e-05,0.0002042562118731439,0.006224720733490777,0.0061274060941319,0.014291823252235662,0.027587890625,0.03173828125,0.07763671875,14.0,29.0,3.0,5.704034508888081,6.685360294571827,6.272464919930457,Transient_Shock
2.4361997930100188e-05,5.1630890084197745e-05,0.00015100650489330292,0.004935787468084519,0.007185463804389926,0.012288470404948817,0.02880859375,0.029296875,0.05712890625,14.0,29.0,7.0,3.8408876035165824,9.800265812147375,9.111834287734256,Transient_Shock
1.9162860553478822e-05,4.646409070119262e-05,0.00012046150732203387,0.00437754046851412,0.006816457342431816,0.010975495766571726,0.021484375,0.03125,0.0537109375,7.0,29.0,7.0,4.088496258005198,8.400099062653043,8.694715058237845,Transient_Shock
3.431731602177024e-05,5.065783261670731e-05,0.00013126415069564246,0.005858098328107018,0.007117431602531022,0.011457056807733932,0.029296875,0.032470703125,0.0517578125,13.0,29.0,7.0,4.491864107344655,8.106544989875035,10.234165600052066,Transient_Shock
2.2452612029155716e-05,5.241796316113323e-05,0.00015128367522265762,0.004738418726659318,0.007240025080145319,0.01229974289254282,0.027099609375,0.031494140625,0.0546875,14.0,29.0,7.0,4.5589272555731855,8.342160916295859,8.371500785578235,Transient_Shock
7.79593683546409e-05,5.772219446953386e-05,0.00018488053683540784,0.008829460252735776,0.007597512386928623,0.013597078246278052,0.03955078125,0.03369140625,0.0673828125,14.0,29.0,7.0,9.570157688154616,8.512113316515075,8.101536221452438,Transient_Shock
6.324756759568118e-05,4.517318666330539e-05,0.00019372900715097785,0.007952833934873857,0.006721100108115143,0.01391865680124982,0.0400390625,0.0283203125,0.066650390625,14.0,29.0,7.0,9.967372271286502,8.431014758579652,9.731091656180203,Transient_Shock
6.105727152316831e-05,5.3050574933877215e-05,0.00020636789486161433,0.007813915249295216,0.007283582561753331,0.01436551060218934,0.043212890625,0.034912109375,0.06787109375,13.0,29.0,7.0,5.7352951660478775,6.458304012088365,10.337128250492018,Transient_Shock
2.9652521334355697e-05,5.3213352657621726e-05,0.00015687170889577828,0.00544541287088093,0.0072947482929585535,0.012524843667518501,0.026611328125,0.031494140625,0.05517578125,14.0,29.0,7.0,4.611773630118959,7.758519344554137,9.529957340545117,Transient_Shock
2.702312485780567e-05,4.554303814074956e-05,0.00018563036792329513,0.005198377136934725,0.006748558226817752,0.01362462358831594,0.029296875,0.031005859375,0.07470703125,7.0,29.0,7.0,5.930364214292641,5.73848083092576,10.422346910587903,Transient_Shock
3.122846464975737e-05,4.689464913099073e-05,0.00019237816741224378,0.005588243431504874,0.006847966788105118,0.013870045688902535,0.027587890625,0.02978515625,0.0625,14.0,29.0,7.0,5.878350043271888,5.836989034998667,10.449754467125361,Transient_Shock
5.775378303951584e-05,5.9106034314027056e-05,0.00020221041268086992,0.007599590978435342,0.0076880448954221815,0.014220070769193448,0.045654296875,0.03515625,0.063720703125,14.0,29.0,7.0,6.113114614418674,6.359045234088897,9.754777384321114,Transient_Shock
4.0419341530650854e-05,6.0580423451028764e-05,0.0002163461031159386,0.0063576207444806625,0.007783342691352397,0.014708708410867985,0.03076171875,0.037353515625,0.069580078125,14.0,29.0,7.0,4.9251785603077245,6.2114034566415155,9.613939010453011,Transient_Shock
2.5636309146648273e-05,4.996731877326965e-05,0.00020495449643931352,0.005063231097495775,0.007068756522421016,0.014316231921819146,0.024658203125,0.0302734375,0.0654296875,7.0,29.0,7.0,5.394524153309696,7.184829816216269,9.61962179207594,Transient_Shock
3.3518295822432265e-05,5.661974137183279e-05,0.0001878493931144476,0.005789498753988316,0.007524609051095797,0.013705816032416588,0.029052734375,0.041015625,0.069580078125,7.0,29.0,7.0,4.377763696495242,7.809867644972848,9.176197737509046,Transient_Shock
4.097484270459972e-05,5.6057004258036613e-05,0.0001996033788600471,0.006401159481265853,0.007487122561975102,0.014128105989836257,0.0322265625,0.033935546875,0.076171875,7.0,29.0,7.0,4.794826543322613,9.338104090911862,8.698245876065426,Transient_Shock
4.5826509449398145e-05,4.425513543537818e-05,0.00022832239847048186,0.0067695280078745625,0.006652453339586696,0.015110340779429228,0.0361328125,0.035400390625,0.071044921875,7.0,29.0,7.0,3.9243255291540327,8.360541918233473,8.517932652488515,Transient_Shock
5.2405284804990515e-05,6.185413440107368e-05,0.0002873442390409764,0.007239149453146448,0.007864739944910682,0.01695123119543169,0.03564453125,0.045654296875,0.079833984375,17.0,29.0,7.0,5.91655023010133,8.321730328272249,8.44998062273955,Transient_Shock
5.788841735920869e-05,5.362764568417333e-05,0.0002146329752577003,0.0076084438198102435,0.007323089900047201,0.014650357512965352,0.034423828125,0.0341796875,0.070556640625,16.0,29.0,7.0,7.529294036991738,7.79177087708044,8.638085137922358,Transient_Shock
4.0765851736068726e-05,6.112780829425901e-05,0.00020730940377688967,0.006384814150472097,0.00781842748218969,0.014398243079518059,0.03076171875,0.037841796875,0.06640625,7.0,29.0,7.0,3.9840076098075516,8.459426974789013,8.85076701910456,Transient_Shock
3.231070877518505e-05,7.609836757183075e-05,0.00020331499035819434,0.005684250942312896,0.008723437829882824,0.014258856558581208,0.02880859375,0.039306640625,0.064453125,7.0,29.0,7.0,4.167953184949186,8.55958027602616,8.701465735278456,Transient_Shock
3.434572136029601e-05,6.503412441816181e-05,0.00021017988910898566,0.005860522277092376,0.00806437377718579,0.014497582181487563,0.0341796875,0.0322265625,0.063232421875,7.0,29.0,7.0,4.44483149241351,9.75959558155692,8.919393177462894,Transient_Shock
5.097966641187668e-05,6.365397712215781e-05,0.0002404313963779714,0.0071400046506901295,0.007978344259441167,0.015505850391964041,0.033935546875,0.037109375,0.072021484375,16.0,29.0,7.0,4.489811680151082,8.932654424656517,9.220884776754461,Transient_Shock
4.974053808837198e-05,6.889872020110488e-05,0.00022522346989717335,0.007052697220806517,0.008300525296696884,0.01500744714790538,0.035400390625,0.04541015625,0.069091796875,16.0,29.0,7.0,5.8913592890943605,7.4273894361601185,7.959442178261982,Transient_Shock
5.4832631576573476e-05,6.0801245126640424e-05,0.00022800781516707502,0.0074049059127428134,0.0077975153174995706,0.0150999276543656,0.03369140625,0.03857421875,0.069580078125,16.0,29.0,7.0,4.626567710141504,8.039521344215972,8.046500660897514,Transient_Shock
4.9590831622481346e-05,5.835599949932657e-05,0.00021200920673436485,0.007042075803517124,0.00763910986302243,0.014560535935684677,0.03369140625,0.041748046875,0.06689453125,16.0,29.0,7.0,6.047537202048946,9.548748166903334,10.018777198712892,Transient_Shock
6.410781861632131e-05,6.194609159138054e-05,0.00023624853929504752,0.008006735827809065,0.007870583942210421,0.015370378632130293,0.03564453125,0.038330078125,0.0693359375,16.0,29.0,7.0,6.304135393834894,8.894190721233883,8.514787785605586,Transient_Shock
3.649758582469076e-05,6.418302655220032e-05,0.00022487321621156298,0.006041323184923213,0.008011430992787763,0.014995773278212863,0.031982421875,0.0439453125,0.0673828125,7.0,29.0,7.0,4.6917347220140195,7.929540835576443,8.97720367020943,Transient_Shock
3.0682640499435365e-05,5.4484520660480484e-05,0.00022559281205758452,0.005539191321793766,0.007381363062502784,0.015019747403254975,0.02685546875,0.0390625,0.071044921875,7.0,29.0,7.0,4.655643792357685,9.774470048719065,9.329013421381067,Transient_Shock
4.021258791908622e-05,8.630122465547174e-05,0.00025395062039024197,0.006341339599728611,0.00928984524389248,0.015935828199068976,0.030517578125,0.04638671875,0.0732421875,17.0,29.0,7.0,4.487142319780408,10.095491866100332,8.604268916797004,Transient_Shock
6.877223131596111e-05,6.620048952754587e-05,0.00027739512734115124,0.008292902466323904,0.008136368325459822,0.016655183197465923,0.040771484375,0.039306640625,0.08544921875,16.0,29.0,7.0,7.632249051889771,9.230823243194843,8.46963009937593,Transient_Shock
3.585718513932079e-05,7.473351070075296e-05,0.00027169473469257355,0.005988086934849961,0.00864485457950294,0.016483165190356298,0.030517578125,0.04443359375,0.07861328125,7.0,29.0,7.0,4.553447060282853,9.230972888842283,7.68863106600863,Transient_Shock
3.5551722248783335e-05,7.388688391074538e-05,0.00025118210760410875,0.005962526498790872,0.008595748013450916,0.01584872574070574,0.02880859375,0.04736328125,0.07177734375,7.0,29.0,7.0,4.151785176710951,8.213020390536045,7.534563370251269,Transient_Shock
2.7323632821207866e-05,9.222724111168645e-05,0.00032976758302538656,0.00522720124169788,0.009603501502664872,0.01815950393114819,0.024169921875,0.043701171875,0.0888671875,29.0,29.0,7.0,4.033109962630048,7.844060266407132,6.9456712078542555,Transient_Shock
5.40390465175733e-05,7.074823588482104e-05,0.000278163468465209,0.007351125527262699,0.008411197054214165,0.016678233373628306,0.034423828125,0.041748046875,0.080810546875,13.0,29.0,7.0,3.6743221053642414,7.453284420391789,7.698220007185592,Transient_Shock
4.6892990212654695e-05,6.800770279369317e-05,0.00028415674751158804,0.006847845662152054,0.00824667828848035,0.016856949531620126,0.03173828125,0.046142578125,0.0791015625,7.0,29.0,7.0,4.146853886086496,7.654986020777291,7.202828549220745,Transient_Shock
3.9850881876191124e-05,0.00010060338172479533,0.0003424994647502899,0.006312755489973544,0.01003012371433151,0.01850674106238832,0.033447265625,0.04541015625,0.08447265625,7.0,29.0,7.0,5.062825186237533,9.388399709683924,7.302916751247775,Transient_Shock
3.232382005080581e-05,7.526435365434736e-05,0.00027642841450870037,0.005685404123789778,0.00867550307788242,0.016626136487732212,0.02587890625,0.04052734375,0.076416015625,7.0,29.0,7.0,4.955040073523318,8.370063276142822,7.669745735767211,Transient_Shock
4.467181861400604e-05,8.059359606704675e-05,0.000277342591289198,0.006683697974475361,0.008977393612126336,0.016653605954543238,0.041015625,0.04541015625,0.07666015625,29.0,29.0,7.0,4.208413237093489,7.3848331892948735,7.286009902110027,Transient_Shock
3.883823228534311e-05,8.36619728943333e-05,0.0003510599344735965,0.006232032757082003,0.009146691909883774,0.01873659345968729,0.0283203125,0.050048828125,0.09033203125,14.0,29.0,7.0,4.0378872432351285,8.007237710627388,7.6446535852135895,Transient_Shock
3.338370879646391e-05,6.922203101566993e-05,0.0002872273325920105,0.0057778636879441785,0.008319977825431384,0.01694778252728098,0.026611328125,0.043212890625,0.090576171875,7.0,29.0,7.0,4.474054357064912,8.07528047308589,7.474163492864281,Transient_Shock
3.460069638094865e-05,5.7861438108375296e-05,0.00023009056167211384,0.005882235661799742,0.00760667063230526,0.015168736324167344,0.0283203125,0.040771484375,0.071044921875,7.0,29.0,7.0,4.7464006400610845,8.303754566681283,9.44560632822943,Transient_Shock
3.642445881268941e-05,6.938879596418701e-05,0.00026046178754768334,0.006035267915568405,0.008329993755351022,0.016138828568012097,0.033447265625,0.043701171875,0.080078125,7.0,29.0,7.0,4.902610827168988,7.704523269226885,9.613986539190552,Transient_Shock
3.752554766833782e-05,7.980094233062118e-05,0.0002928274880105164,0.006125809960187944,0.008933137317349443,0.017112202897655124,0.0322265625,0.054443359375,0.077880859375,7.0,29.0,7.0,4.457230574716444,8.221762812906517,8.756758410116719,Transient_Shock
2.7939153369516134e-05,7.156583887990564e-05,0.00024935800684033893,0.00528575002904187,0.008459659501416451,0.015791073644320038,0.02392578125,0.04443359375,0.083740234375,7.0,29.0,7.0,4.477528380466618,8.099405367931098,8.920582854985373,Transient_Shock
3.831163849099539e-05,6.661991574219428e-05,0.00027622653578873724,0.0061896396091368185,0.008162102409440491,0.016620064253447916,0.029052734375,0.052978515625,0.080322265625,13.0,29.0,7.0,4.677403491067598,6.7763715569779075,8.566611672720512,Transient_Shock
4.035103120259009e-05,6.403900624718517e-05,0.0002700863369682338,0.006352246154124546,0.00800243751910536,0.01643430366545032,0.03271484375,0.0458984375,0.077392578125,7.0,29.0,7.0,4.642753883734403,7.469649189567274,9.157671509164318,Transient_Shock
3.622983058448881e-05,5.4864820413058624e-05,0.0002416688803350553,0.006019122077553238,0.007407079074308483,0.015545702954033803,0.0302734375,0.0419921875,0.07421875,14.0,29.0,7.0,6.119490953791476,7.179326288970273,7.775287972383251,Transient_Shock
3.962390110245906e-05,6.29585083515849e-05,0.0002226638280262705,0.006294751869808615,0.007934639774531979,0.014921924407604753,0.0302734375,0.0517578125,0.077880859375,14.0,29.0,7.0,7.346585030210023,7.911896366209984,9.581909440993664,Transient_Shock
5.60488406335935e-05,7.091872612363659e-05,0.00022565893596038222,0.007486577364429856,0.008421325674953831,0.015021948474162139,0.0478515625,0.0478515625,0.076904296875,14.0,29.0,7.0,5.296423569876908,8.584772244905494,8.313295873781675,Transient_Shock
5.107678225613199e-05,7.675314191146754e-05,0.0003008226012752857,0.007146802239892468,0.008760887050491379,0.017344238273135137,0.038330078125,0.054931640625,0.09130859375,14.0,29.0,7.0,4.989726763477906,7.761736727187583,7.884521889460276,Transient_Shock
3.3837361115729436e-05,6.163549551274627e-05,0.00030104325560387224,0.005816989007702304,0.007850827696029654,0.017350598133893606,0.029052734375,0.043212890625,0.078857421875,34.0,29.0,7.0,4.226641382706126,6.761441400171981,8.966664046298764,Transient_Shock
3.535841460688971e-05,7.810163879184984e-05,0.000279433312243782,0.00594629419108151,0.008837513156530509,0.016716258918902337,0.02783203125,0.050537109375,0.080078125,7.0,29.0,7.0,4.84051048330996,6.959080605883033,8.56349825152747,Transient_Shock
5.094800144433975e-05,6.080999446567148e-05,0.00030647505991510116,0.007137786872997803,0.007798076331100605,0.01750642910233555,0.0361328125,0.048095703125,0.093994140625,7.0,29.0,7.0,4.314770110202822,6.555249891031827,8.522140878424981,Transient_Shock
4.080483631696552e-05,6.163271245895885e-05,0.0002960431738756597,0.006387866335245715,0.007850650448144971,0.017205905203611337,0.04052734375,0.0439453125,0.08544921875,14.0,29.0,7.0,4.5422875331074,6.583772094802789,8.31613682952981,Transient_Shock
3.99220734834671e-05,6.245055919862352e-05,0.0002803388597385492,0.006318391684872591,0.007902566620954456,0.01674332284042057,0.03271484375,0.047119140625,0.0791015625,29.0,29.0,7.0,5.021090881030607,7.775042600577646,7.5890413019147935,Transient_Shock
3.899944931617938e-05,7.045402526273392e-05,0.0003118923013971653,0.006244953908250995,0.008393689609625431,0.01766047285315898,0.030517578125,0.043701171875,0.097900390625,7.0,29.0,7.0,4.937454441936528,8.377986413499363,7.734211208170427,Transient_Shock
7.195747457444668e-05,8.562873335904442e-05,0.0003716396022355184,0.0084827751693916,0.00925357948898935,0.01927795638120178,0.03955078125,0.052490234375,0.09130859375,14.0,29.0,7.0,8.028690508893892,7.100488054439173,6.61742504609451,Transient_Shock
7.077949339873157e-05,9.53089001995977e-05,0.00039798722355044447,0.00841305493853045,0.009762627730257756,0.019949617127916125,0.040283203125,0.060302734375,0.09423828125,14.0,29.0,7.0,8.199980275978078,7.50799774114253,6.883161310519666,Transient_Shock
6.414952440536581e-05,6.274320185184479e-05,0.00025478688985458575,0.00800933982331664,0.007921060651948373,0.01596204529045654,0.03857421875,0.048828125,0.0732421875,14.0,29.0,7.0,9.091209874372444,7.808267780584655,8.319617828266022,Transient_Shock
7.315471520996653e-05,9.079357550945133e-05,0.00030314563991851173,0.0085530529759827,0.009528566288243542,0.01741107808030599,0.039794921875,0.053955078125,0.085205078125,14.0,29.0,7.0,10.511718977520138,9.246758105189842,8.27902469867164,Transient_Shock
6.527150981128216e-05,6.517860674648546e-05,0.0002555034589022398,0.008079078524886495,0.008073326869790759,0.01598447555918679,0.039794921875,0.050537109375,0.070068359375,14.0,29.0,7.0,6.73334779379851,8.395575849335286,8.465475109173886,Transient_Shock
4.088994683115743e-05,7.137932334444486e-05,0.0002583724526630249,0.006394524754128131,0.008448628488958717,0.016073968167911273,0.03076171875,0.0458984375,0.07958984375,7.0,29.0,7.0,5.5024984891229565,8.718211113364026,8.26649553614428,Transient_Shock
3.620213828980923e-05,6.604916416108608e-05,0.00029153728610253893,0.0060168212778683415,0.008127063686294459,0.01707446298138067,0.02978515625,0.05126953125,0.0986328125,7.0,29.0,7.0,4.586666166495285,7.161564250490694,9.241767862305931,Transient_Shock
4.038201586809009e-05,7.451040437445045e-05,0.0003036963717022445,0.006354684560864536,0.008631940939003838,0.01742688646035902,0.031494140625,0.045654296875,0.09912109375,14.0,29.0,7.0,4.522274523612496,8.113076746952771,8.9500614583801,Transient_Shock
3.862357698380947e-05,5.644559860229492e-05,0.0002782211777230259,0.0062147869620614886,0.0075130285905415616,0.016679963360961735,0.029541015625,0.04150390625,0.085693359375,29.0,29.0,7.0,4.0070566301397585,8.35719758205783,8.97481078837776,Transient_Shock
7.196236401796341e-05,7.682604700676166e-05,0.0002996999210154172,0.008483063362840302,0.008765046891304213,0.017311843374274653,0.0361328125,0.046142578125,0.093505859375,14.0,29.0,7.0,9.641638462052446,7.787172992653345,7.7909776763489,Transient_Shock
9.495633639744483e-05,7.447111420333385e-05,0.0003499158046906814,0.009744554191826573,0.008629664779314076,0.01870603658423348,0.045166015625,0.054931640625,0.098876953125,14.0,29.0,7.0,10.349396428900764,7.466007405364609,7.203542413685025,Transient_Shock
6.260559530346654e-05,5.9442241763463244e-05,0.0003373256440681871,0.007912369765339999,0.007709879490852192,0.018366427090432888,0.040771484375,0.04248046875,0.09765625,14.0,29.0,7.0,7.893810728397341,7.279901328186681,8.19746963665881,Transient_Shock
4.242127397446893e-05,6.915871927049011e-05,0.00035122170811519027,0.006513161595912459,0.008316172152528476,0.018740910012995375,0.028564453125,0.047119140625,0.091552734375,14.0,29.0,7.0,3.8289209231025256,7.212843328550979,8.132767097902496,Transient_Shock
3.6023498978465796e-05,8.2791069871746e-05,0.0003462242311798036,0.006001957928748401,0.009098959823614236,0.01860710163297346,0.03759765625,0.051025390625,0.0869140625,29.0,29.0,7.0,4.555164420104741,7.387941401803789,6.694047484238151,Transient_Shock
3.704403934534639e-05,8.09328630566597e-05,0.00032121192998602055,0.0060863814656449515,0.008996269396625454,0.01792238628045999,0.03173828125,0.052001953125,0.090576171875,7.0,29.0,7.0,4.274690462593103,6.3781719169686335,6.9192945003758135,Transient_Shock
7.871698107919656e-05,8.978735058917664e-05,0.0003976207080995664,0.008872259074170262,0.009475618744397467,0.019940428984842988,0.042724609375,0.0576171875,0.09765625,14.0,29.0,7.0,7.904500635760892,7.81504024314517,7.259279891090874,Transient_Shock
5.5739623348927125e-05,8.036982035264373e-05,0.00032844206725712866,0.007465897357245619,0.008964921659035495,0.01812297070728551,0.03759765625,0.064453125,0.091064453125,14.0,29.0,7.0,7.82367700176177,7.544904084471456,8.72102120085129,Transient_Shock
3.796290548052639e-05,6.159738040878437e-05,0.0002669069763214793,0.006161404505510605,0.007848399862951962,0.016337287912058088,0.029052734375,0.0478515625,0.079833984375,29.0,29.0,7.0,4.031883754232653,6.997996355625482,8.938557177544808,Transient_Shock
3.2475069019710645e-05,5.90707641094923e-05,0.00029313843697309494,0.005698690114378097,0.00768575071866713,0.017121286078244674,0.030517578125,0.0498046875,0.083251953125,14.0,29.0,7.0,4.289365742644134,7.5702480513402115,9.067871191968338,Transient_Shock
6.364652290358208e-05,7.100403308868408e-05,0.0002954058436444029,0.007977877092534209,0.008426389089561679,0.017187374541924746,0.04296875,0.049072265625,0.084228515625,13.0,29.0,7.0,5.483173381676695,7.888462138285868,8.899724069780131,Transient_Shock
5.1051145419478416e-05,7.938500129966997e-05,0.00026750843971967697,0.007145008426830469,0.008909826109395736,0.016355685241520056,0.040283203125,0.049072265625,0.080810546875,16.0,29.0,7.0,5.2139709500124285,7.49851738848844,8.114080155607661,Transient_Shock
5.897428127354942e-05,6.460089571191929e-05,0.00027102086460217834,0.007679471418890067,0.008037468240181065,0.016462711338117372,0.037841796875,0.044921875,0.08056640625,14.0,29.0,7.0,4.869651268277136,5.602186353474601,8.609366473329084,Transient_Shock
3.765095243579708e-05,7.01630488038063e-05,0.0002654876407177653,0.00613603719315627,0.008376338627575076,0.016293791477669194,0.031005859375,0.0498046875,0.076171875,29.0,29.0,7.0,3.8935850529667766,6.072868686963259,9.366503336185003,Transient_Shock
5.124579183757305e-05,7.181122418842278e-05,0.0002726394413912203,0.007158616614791789,0.008474150352007144,0.01651179703700419,0.033447265625,0.04638671875,0.078857421875,16.0,29.0,7.0,4.5852750079220606,6.887168513811963,7.783071673295785,Transient_Shock
4.3216568883508444e-05,8.988636545836926e-05,0.00032131842090166174,0.006573931006902068,0.009480842022645946,0.017925356925363067,0.031494140625,0.05126953125,0.0830078125,33.0,29.0,7.0,4.123677138408328,5.529082331090783,8.736668419740116,Transient_Shock
3.8318103179335594e-05,6.928607763256878e-05,0.0002614954973978456,0.006190161805585989,0.008323825901144784,0.016170822409446145,0.031494140625,0.048095703125,0.080322265625,7.0,29.0,7.0,4.847345295281981,5.657839758405668,8.612800427849786,Transient_Shock
3.522448241710663e-05,7.39821552997455e-05,0.0002568728377809748,0.0059350216863215104,0.008601288002371825,0.016027252970517897,0.031494140625,0.05615234375,0.08984375,16.0,29.0,7.0,4.626544946753146,6.863619696748535,8.179703934349098,Transient_Shock
5.620479350909591e-05,5.5043434258550406e-05,0.0002516759814170655,0.007496985628177228,0.007419126246300868,0.015864298957630165,0.04541015625,0.039794921875,0.074951171875,16.0,29.0,7.0,5.675645027854375,6.200293835493193,10.487403507171752,Transient_Shock
5.2171628340147436e-05,6.648426642641425e-05,0.000268933130428195,0.007222993031988016,0.008153788470791614,0.0163991807852769,0.033935546875,0.052978515625,0.091552734375,16.0,29.0,7.0,4.966914112652642,5.8153420563687535,8.166003682744337,Transient_Shock
5.352740117814392e-05,7.000230471021496e-05,0.0002864242851501331,0.007316242285363705,0.008366737996986338,0.016924074129775403,0.041748046875,0.052734375,0.0830078125,16.0,29.0,7.0,3.9799407373687994,6.779290511504858,8.475519290665888,Transient_Shock
5.3744701290270314e-05,5.814255200675689e-05,0.00026058670118800364,0.0073310777713969395,0.007625126360051805,0.016142698076468,0.035888671875,0.04248046875,0.080322265625,16.0,43.0,7.0,5.087551170202966,5.822410331177391,10.743506449971216,Transient_Shock
5.015055285184644e-05,7.493220255128108e-05,0.0002587658818811178,0.007081705504456285,0.00865633886532182,0.016086201598920668,0.0361328125,0.0546875,0.074951171875,16.0,29.0,7.0,4.884291583289935,5.465970694642602,8.842993289551158,Transient_Shock
4.339822044130415e-05,5.1239447202533484e-05,0.0002681967416719999,0.006587732572084583,0.007158173454348077,0.0163767133965274,0.027587890625,0.052734375,0.075927734375,14.0,29.0,7.0,4.30059870164362,5.3205922589563395,9.686668279934715,Transient_Shock
4.3908305087825283e-05,7.708161137998104e-05,0.0002582678571343422,0.00662633421190218,0.00877961339581539,0.016070714269575643,0.03125,0.046630859375,0.0771484375,33.0,29.0,7.0,5.065302599971496,5.289304862513627,8.511611686584768,Transient_Shock
5.880719982087612e-05,7.026642560958862e-05,0.0002562434492574539,0.007668585255500269,0.008382507119566831,0.016007605981453125,0.037353515625,0.061767578125,0.0751953125,16.0,29.0,7.0,5.250393387288507,6.841675002810911,9.030218794900932,Transient_Shock
5.3647378081222996e-05,6.495846537291072e-05,0.0002813938153849449,0.007324437048758286,0.008059681468452132,0.016774797029619908,0.039794921875,0.049560546875,0.086181640625,16.0,29.0,7.0,6.686406221884161,5.7445695333660485,9.259764478652544,Transient_Shock
4.304241156205535e-05,8.299142064061016e-05,0.0003497009020065889,0.0065606715785851795,0.00910996271345883,0.018700291495230465,0.02880859375,0.064697265625,0.08984375,7.0,29.0,7.0,4.478553057843542,6.745101937803755,8.422548560560609,Transient_Shock
2.800381844281219e-05,9.077269351109862e-05,0.0003098234155913815,0.005291863418760181,0.009527470467605692,0.017601801487103004,0.026611328125,0.0615234375,0.093017578125,7.0,29.0,7.0,5.320199774713037,6.435609617160337,7.879985741155018,Transient_Shock
5.70076190342661e-05,6.381909770425409e-05,0.00034669435990508646,0.007550339001281075,0.007988685605545763,0.01861973039292155,0.0390625,0.05126953125,0.100341796875,7.0,29.0,7.0,4.703983999605269,6.0364784715480155,7.805061226798971,Transient_Shock
4.266612450010143e-05,6.0629183280980214e-05,0.00033799942684709094,0.006531931146307456,0.007786474380679629,0.018384760723139448,0.031494140625,0.041015625,0.09228515625,17.0,29.0,7.0,4.024301955327119,6.12375313143261,7.8736796460930805,Transient_Shock
4.4503332901513204e-05,7.748655843897723e-05,0.0004144998820265755,0.006671081838915874,0.008802644968359068,0.02035927017421242,0.03173828125,0.06103515625,0.100830078125,7.0,29.0,7.0,4.65082301146075,6.496222687381663,7.635317594620966,Transient_Shock
4.13220222981181e-05,7.577117867185734e-05,0.0003580639458959922,0.006428220772353583,0.0087046641906427,0.018922577675781708,0.03271484375,0.055419921875,0.085205078125,29.0,29.0,7.0,5.054699967910774,7.066034152443701,8.168809044181032,Transient_Shock
3.592051507439464e-05,8.078197424765676e-05,0.00035389960612519644,0.005993372595992564,0.008987879296455687,0.018812219595922126,0.029541015625,0.05712890625,0.09765625,7.0,29.0,7.0,4.422394807312565,6.381959145227254,7.281303518492108,Transient_Shock
3.67436878150329e-05,8.841848102747463e-05,0.0003853437810903415,0.006061657183892281,0.009403110178418342,0.019630175268966436,0.0341796875,0.05419921875,0.093994140625,29.0,29.0,7.0,3.741914505866436,5.8490227009938875,7.798367262483879,Transient_Shock
4.119381992495619e-05,7.363803160842508e-05,0.00036178817026666366,0.006418241186256262,0.008581260490652004,0.019020730014031102,0.033203125,0.046875,0.101318359375,29.0,29.0,7.0,4.2442627223427944,8.223874465579055,6.637499258161656,Transient_Shock
3.667861165013164e-05,7.447207099176012e-05,0.0003331712468934711,0.0060562869524265145,0.008629720215149512,0.018252979123788836,0.031494140625,0.052001953125,0.095947265625,7.0,29.0,7.0,4.48507077503828,7.936475890813886,7.851609477646467,Transient_Shock
4.936143523082137e-05,6.668489368166775e-05,0.00029788626125082374,0.0070257693693161725,0.008166081905153031,0.01725938183281266,0.0390625,0.04736328125,0.0859375,29.0,29.0,7.0,4.5538137452968455,7.8164969278747085,8.631376502497188,Transient_Shock
0.15823949133846327,0.011703506053891033,0.005781233310699463,0.39779327714085777,0.10818274378980704,0.07603442188048426,3.826416015625,1.052490234375,0.819091796875,20.0,35.0,43.0,3.617147215668663,3.6283292471235336,3.0136919135693523,Transient_Shock
0.0013882962375646457,0.000214354364288738,0.0007237223326228559,0.03725984752471011,0.014640845750459158,0.026902087885940302,0.292724609375,0.088134765625,0.14599609375,17.0,29.0,3.0,4.999218624199096,4.762925736308397,6.739266484744918,Transient_Shock
0.3224287290593111,0.059418900636956096,0.04048997326390236,0.5678280805484271,0.2437599241814702,0.20122120480680547,3.99993896484375,3.106201171875,2.014892578125,17.0,25.0,43.0,3.4483681336650505,2.915200466775544,2.6461716022863135,Transient_Shock
0.003688856726512313,0.0008262749179266393,0.0016828728839755058,0.06073595908942504,0.02874499813753063,0.041022833690220695,0.304931640625,0.155517578125,0.195068359375,17.0,6.0,3.0,4.746380494003147,6.418262662708752,10.895137076347442,Transient_Shock
0.4105924130990388,0.06102079612901434,0.037221452439553104,0.6407748536725195,0.24702387764953887,0.19292862006336203,3.99993896484375,2.561767578125,1.8720703125,17.0,31.0,42.0,4.384018449500696,3.298421525177964,3.1811199992513024,Transient_Shock
0.00561634344921913,0.0012081581517122686,0.0033185814354510512,0.07494226744113852,0.03475856947160324,0.057607130074766366,0.418701171875,0.198486328125,0.2421875,17.0,6.0,3.0,7.201481948352325,5.551011916260003,11.517043210749325,Transient_Shock
0.3319734005626742,0.05943054448289331,0.022525002827023854,0.5761713291744689,0.24378380685126178,0.150083319616218,3.99993896484375,2.936767578125,1.4853515625,19.0,33.0,42.0,2.715634355699286,3.8210482364658387,2.954414389069512,Transient_Shock
0.004102941540622851,0.0013248645118437707,0.0017341244383715093,0.06405420782917272,0.036398688325869254,0.041642819769697505,0.31689453125,0.223388671875,0.1943359375,6.0,6.0,3.0,5.171035074216455,6.829594496797708,9.704932296776807,Transient_Shock
0.6628955746964493,0.12224379964368381,0.06014092614350375,0.8141839931467882,0.34963380792435367,0.24523646984798927,3.99993896484375,3.28509521484375,2.570068359375,33.0,27.0,16.0,3.5613137281791847,3.6300521462001116,2.8123975468189895,Transient_Shock
0.021280548124195775,0.003007251154485857,0.0010726536820584442,0.1458785389431762,0.054838409481729654,0.03275139206291,1.14404296875,0.352294921875,0.168701171875,17.0,31.0,3.0,5.499627336084209,5.089007374918308,5.2372695131023335,Transient_Shock
0.0016570151165069547,0.00027087307535111904,0.0004933150448778179,0.04070645055156436,0.0164582221199958,0.02221069663197933,0.211669921875,0.09619140625,0.103515625,6.0,7.0,7.0,8.225713980194008,5.611730439966774,5.331895164468039,Transient_Shock
0.00016620050519122742,0.00014238139556255192,0.00039294821544899605,0.01289187748899389,0.011932367558978056,0.019822921466045213,0.061279296875,0.060302734375,0.097412109375,18.0,30.0,30.0,4.126464779471616,5.728374474376602,5.814506973137832,Transient_Shock
0.00013571575618698262,0.0001191010233014822,0.00035038563873968087,0.011649710562369462,0.010913341527757766,0.018718590725257094,0.0556640625,0.054931640625,0.0947265625,5.0,30.0,7.0,4.365520725755138,8.690370471400964,5.584590199922943,Transient_Shock
7.889232074376196e-05,0.00012725431224680506,0.0003871603366860654,0.008882134920375954,0.01128070530803837,0.019676390336798705,0.050537109375,0.057861328125,0.09033203125,12.0,30.0,30.0,3.608789318109154,9.379195527063441,6.258172858519763,Transient_Shock
5.2441784646362066e-05,0.00012830457126256078,0.00038593908175243996,0.007241670017776429,0.011327160776759585,0.019645332314634945,0.033203125,0.052001953125,0.09130859375,13.0,30.0,8.0,3.8145378465646145,8.400671693961833,5.3978603751439564,Transient_Shock
6.819795453338884e-05,0.00010391967589384876,0.0003456227968854364,0.008258205285253499,0.010194100053160592,0.018590933190279515,0.042724609375,0.05712890625,0.080078125,14.0,30.0,8.0,4.689446802212024,6.152744018118388,6.839969477339237,Transient_Shock
6.649928036495112e-05,0.00012228916966705583,0.00039497410398325883,0.008154709091374819,0.011058443365458623,0.0198739554186694,0.042724609375,0.0556640625,0.086669921875,14.0,31.0,8.0,6.740595330558288,9.264683864031932,7.619792136053492,Transient_Shock
8.03563161753118e-05,0.00011353775335010141,0.0003837774238490965,0.008964168459779848,0.010655409581527189,0.019590237973263532,0.037841796875,0.046142578125,0.08251953125,14.0,31.0,8.0,10.369838667611598,10.562102645039163,7.978006427254534,Transient_Shock
7.872642891015857e-05,0.00013083486919640563,0.0004505256511038169,0.008872791494797935,0.011438307094863542,0.021225589534894358,0.041748046875,0.051513671875,0.084228515625,14.0,31.0,8.0,9.970649059638397,11.468627225571092,8.49624590495792,Transient_Shock
8.56781225593295e-05,0.00010914404629147612,0.00038721061719115824,0.009256247758099904,0.010447202797470532,0.01967766798152561,0.048095703125,0.04345703125,0.086669921875,14.0,31.0,8.0,7.137657362143492,9.005552545469875,9.415032327528623,Transient_Shock
4.472197906579822e-05,0.00011250353418290615,0.0004200874791422393,0.006687449369213813,0.010606768319469703,0.02049603569332956,0.0341796875,0.052490234375,0.093505859375,8.0,31.0,8.0,5.842759163373494,8.842499792916188,8.946693617860154,Transient_Shock
4.7791225370019674e-05,0.00010662621571100317,0.00042298993503209203,0.006913119800062753,0.010325997080718316,0.02056671911200452,0.04296875,0.04443359375,0.09033203125,8.0,31.0,8.0,5.213479357916539,7.501354996179494,9.478057729589263,Transient_Shock
3.914941044058651e-05,9.577322271070443e-05,0.0003569137625163421,0.006256948972189761,0.009786379448534806,0.018892161404041152,0.03466796875,0.043701171875,0.085693359375,8.0,32.0,8.0,5.263911904083907,6.048745009163635,9.768385554186212,Transient_Shock
5.588488420471549e-05,0.00013330470756045543,0.00047895590250846,0.00747561931914109,0.01154576578492979,0.021885061172143432,0.03759765625,0.0537109375,0.1015625,8.0,31.0,8.0,5.144823373596559,6.319253452975562,8.552088474855895,Transient_Shock
5.53148529434111e-05,0.00014024352640262805,0.0005152724879735615,0.00743739557529456,0.011842445963677777,0.022699614269268135,0.03955078125,0.052978515625,0.111572265625,8.0,32.0,8.0,4.9355649962748895,7.7107378299755585,9.385495012112873,Transient_Shock
6.538251182064414e-05,0.00014771404676139355,0.0005084125987195875,0.008085945326345222,0.012153766772543958,0.02254800653538107,0.041259765625,0.052978515625,0.10009765625,14.0,32.0,8.0,6.062948881494158,9.95217109624116,10.16209830772924,Transient_Shock
7.440335684805177e-05,0.0001448466173314955,0.00046785821905359626,0.008625738046570379,0.01203522402498165,0.021630030491277544,0.05322265625,0.050048828125,0.091552734375,14.0,32.0,8.0,6.18379994756593,11.761505805282757,9.543007891876039,Transient_Shock
5.23784983670339e-05,0.00012692291056737304,0.0004415250732563436,0.007237299107196959,0.011266006859902627,0.021012498025135985,0.0341796875,0.048583984375,0.085693359375,8.0,32.0,8.0,7.1456578683443475,14.441475685189218,11.591522413529152,Transient_Shock
5.614406836684793e-05,0.0001348449004581198,0.0004421526646183338,0.007492934563096619,0.011612273698898067,0.02102742648586207,0.035400390625,0.052490234375,0.09423828125,32.0,32.0,8.0,7.453092512920308,10.031263745724416,11.146514955790328,Transient_Shock
4.089786671102047e-05,0.00013354658949538134,0.0004571141289488878,0.0063951439945493386,0.011556235957065836,0.02138022752331901,0.031494140625,0.050048828125,0.09326171875,8.0,32.0,8.0,7.400246463903808,15.997090285852932,12.741551656254323,Transient_Shock
0.00011896970318048261,0.0001417973544448614,0.000462104504549643,0.01090732337379261,0.011907869433482272,0.02149661611858115,0.05224609375,0.052490234375,0.1015625,14.0,32.0,8.0,6.467603344313551,10.466226631567919,10.898478935233756,Transient_Shock
4.745454862131737e-05,9.680177026893944e-05,0.0004115412011742592,0.006888726197296375,0.009838789065171558,0.0202864782841739,0.040771484375,0.050048828125,0.09130859375,14.0,32.0,8.0,5.741342568610343,9.27763487490418,10.850758696268441,Transient_Shock
3.436388215050101e-05,0.00016868764942046255,0.0005468230228871107,0.005862071489712575,0.012987980960120882,0.02338424732351056,0.0283203125,0.05078125,0.100341796875,8.0,32.0,8.0,5.62609713474631,16.892845170197692,11.243078863851622,Transient_Shock
3.327519152662717e-05,0.00014007720164954662,0.0005640979470626917,0.00576846526613684,0.011835421481702569,0.023750746242227668,0.034423828125,0.045654296875,0.101318359375,8.0,32.0,8.0,6.49235670075495,15.86980243169192,11.783876999891437,Transient_Shock
5.107349352329038e-05,0.00014386046677827835,0.0005088369216537103,0.0071465721519684096,0.01199418470669342,0.02255741389551804,0.040283203125,0.05078125,0.093994140625,8.0,32.0,8.0,5.561237965933661,16.630321396048057,12.40533189805913,Transient_Shock
6.035022306605242e-05,0.00011579380588955246,0.0004307071467337664,0.0077685406007854795,0.010760753035431695,0.020753485170779542,0.0361328125,0.05126953125,0.09130859375,32.0,32.0,8.0,7.223682512806119,12.020921685138026,11.49572783355782,Transient_Shock
4.251047721481882e-05,0.0001705796312307939,0.00046307308366522193,0.006520005921379123,0.013060613738672233,0.021519132967320546,0.03369140625,0.056640625,0.089599609375,32.0,32.0,8.0,6.546245754777971,16.28110919681048,10.99212188170084,Transient_Shock
5.3708659834228456e-05,0.00014843226745142601,0.00044947290734853595,0.00732861923108497,0.01218327818985621,0.02120077610250474,0.037841796875,0.057373046875,0.0908203125,32.0,32.0,8.0,5.723289437846694,11.891878255859753,10.790808099439381,Transient_Shock
6.558228051289916e-05,0.00015684752725064754,0.00045391077583190054,0.008098288739783186,0.012523878283129694,0.021305181900934347,0.039794921875,0.05712890625,0.094970703125,32.0,32.0,8.0,6.147397281631087,11.424921673009012,10.817383188450435,Transient_Shock
6.035284241079353e-05,0.00018237760741612874,0.00045057767056277953,0.007768709185623666,0.013504725373591599,0.02122681489443905,0.03955078125,0.058837890625,0.096435546875,32.0,32.0,8.0,5.379151895156351,9.686642061017087,9.665725761512288,Transient_Shock
5.0057507905876264e-05,0.00013925841994932853,0.0004223461583023891,0.00707513306630174,0.011800780480516046,0.020551062218347477,0.039794921875,0.0595703125,0.088623046875,8.0,32.0,8.0,5.663323287437002,10.09058767482813,9.783546743672925,Transient_Shock
6.497382128145546e-05,0.00018045503747998737,0.0004764228215208277,0.008060634049592839,0.013433355406598433,0.021827112074684265,0.040771484375,0.0537109375,0.100341796875,32.0,32.0,8.0,8.118319378788913,13.294935194081505,10.92292212281536,Transient_Shock
5.74085715925321e-05,0.0001807927001209464,0.0004415497533045709,0.007576844435022544,0.013445917600556178,0.02101308528761474,0.040771484375,0.05908203125,0.091552734375,32.0,32.0,8.0,4.931850231093213,13.719045366477832,10.716614317205066,Transient_Shock
4.0943818021332845e-05,0.00013697435133508407,0.00042260423288098536,0.00639873565802908,0.011703604202769507,0.020557340121742047,0.035400390625,0.0498046875,0.08203125,32.0,32.0,8.0,4.36418474835001,12.555518374342434,10.473733738008383,Transient_Shock
4.6153771108947694e-05,0.00015414062363561243,0.00044300820445641875,0.006793656681710351,0.012415338240886248,0.021047760081690847,0.03369140625,0.056640625,0.090087890625,32.0,32.0,8.0,7.512107623151315,12.192921446128457,12.022210698809918,Transient_Shock
6.126187145127915e-05,0.00014940154142095707,0.00047274399548768997,0.007826996323704205,0.012222992326797766,0.02174267682433996,0.0419921875,0.04931640625,0.084228515625,8.0,32.0,8.0,4.8397244334009235,12.480898091127033,11.946207788402504,Transient_Shock
0.00031136324105318636,0.00021620909683406353,0.00046104914508759975,0.017645487838345145,0.014704050354717354,0.02147205498054622,0.123779296875,0.07373046875,0.09423828125,37.0,32.0,8.0,3.228445120851751,10.380352213316838,10.877956535327346,Transient_Shock
8.031882680370472e-05,0.00020506709915935062,0.0004923279484501109,0.008962077147832679,0.014320164075852994,0.022188464310314737,0.050048828125,0.0693359375,0.095947265625,8.0,32.0,8.0,4.910055115646419,14.82685476291971,9.816756066691838,Transient_Shock
4.719243952422403e-05,0.00014988513430580497,0.00048278782924171537,0.006869675357993566,0.012242758443496505,0.02197243339372577,0.033203125,0.056884765625,0.099609375,32.0,32.0,8.0,8.825852511771773,11.351579252802294,11.038855367802386,Transient_Shock
7.617328083142638e-05,0.00015900138532742858,0.0004932531701342668,0.00872773056592757,0.01260957514460454,0.022209303684138024,0.050537109375,0.0625,0.098876953125,32.0,32.0,8.0,5.5845769775879734,9.739722215750469,11.166184905187844,Transient_Shock
6.639606726821512e-05,0.00018261003060615622,0.0005155527287570294,0.008148378198648804,0.013513327887909633,0.022705786239569627,0.042724609375,0.061279296875,0.095947265625,32.0,32.0,8.0,8.334442788667824,14.003584082059326,10.648730403214143,Transient_Shock
4.756565613206476e-05,0.00016845691425260156,0.0004829829231312033,0.006896785927666941,0.01297909527866259,0.02197687246018421,0.035888671875,0.055419921875,0.096435546875,8.0,32.0,8.0,5.739060296879292,15.0700707492715,10.790701936657943,Transient_Shock
4.734190588351339e-05,0.0001871131498774048,0.0004945401451550424,0.006880545464097551,0.013678930874794448,0.02223825859088437,0.037353515625,0.0595703125,0.090087890625,32.0,32.0,8.0,7.019858150632386,15.240513076388975,11.12203853224703,Transient_Shock
5.067995152785443e-05,0.00015978587543941103,0.00046670716255903244,0.007118985287795897,0.012640643790543702,0.02160340627213756,0.033935546875,0.056396484375,0.094970703125,8.0,32.0,8.0,4.196530348303444,12.263007392136656,10.255815027973043,Transient_Shock
0.00011216738130315207,0.0001703882444417104,0.0004573629703372717,0.010590910315131182,0.013053284814241601,0.021386046159523543,0.065673828125,0.058349609375,0.0947265625,8.0,32.0,8.0,4.64889342159082,11.690858025763955,9.635481260215174,Transient_Shock
7.764132169540972e-05,0.0001718300009088125,0.00047784460184630007,0.008811431307989056,0.013108394291781603,0.021859656947132086,0.044189453125,0.0595703125,0.09814453125,8.0,32.0,8.0,5.089695843092164,11.795563995559922,9.604616172573271,Transient_Shock
4.872830686508678e-05,0.00010988092981278896,0.0003583225443435367,0.006980566371368929,0.010482410496292775,0.01892940950858047,0.03564453125,0.048583984375,0.0751953125,8.0,32.0,8.0,5.531095657368606,9.890560400958982,11.942584080226082,Transient_Shock
5.968589903204702e-05,0.00017375439347233623,0.00047552771502523683,0.007725664957273712,0.013181592979315369,0.021806597970000657,0.041259765625,0.0595703125,0.098388671875,13.0,32.0,8.0,6.070838054292207,12.529531692156029,10.922161253765289,Transient_Shock
4.743158569908701e-05,0.0001483298692619428,0.00046274991473183036,0.006887059292549107,0.012179075057735,0.021511622782389765,0.038330078125,0.053955078125,0.084716796875,8.0,32.0,8.0,4.722319810280638,13.428470361494316,10.331847767162351,Transient_Shock
5.598546704277396e-05,0.00015081917808856815,0.0005077784298919141,0.007482343686491149,0.012280845984237737,0.022533939511144387,0.05029296875,0.055419921875,0.09619140625,8.0,32.0,8.0,5.988364011905579,12.47559145533136,10.297459761647206,Transient_Shock
4.534583058557473e-05,0.00016586194033152424,0.00045584932377096266,0.006733931287559647,0.012878739858057707,0.021350628182115923,0.02978515625,0.055908203125,0.09765625,8.0,32.0,8.0,4.601801711738518,12.473989971798263,9.57855785287124,Transient_Shock
9.121029506786726e-05,0.00012872792649432085,0.0003666794473247137,0.009550408110016412,0.011345833001341102,0.019148875876267873,0.04443359375,0.052734375,0.075439453125,25.0,32.0,8.0,6.897633141391797,10.277168088550097,10.706097437475918,Transient_Shock
5.872471592738293e-05,0.00018309276492800564,0.0005182182503631338,0.007663205329846182,0.013531177514466567,0.022764407533760543,0.04248046875,0.05419921875,0.098876953125,8.0,32.0,8.0,5.077670718823671,10.71828425023735,9.26786797088361,Transient_Shock
7.693743100389838e-05,0.00014781573554500937,0.0004956753364240285,0.008771398463409264,0.012157949479456203,0.02226376734571282,0.046630859375,0.054443359375,0.0966796875,25.0,32.0,8.0,6.813615010510054,9.375176983521873,10.363292284182023,Transient_Shock
5.222261825110763e-05,0.00016879938993952237,0.0005335364112397656,0.00722652186401644,0.012992281937347356,0.023098407114772342,0.037109375,0.058349609375,0.10693359375,32.0,32.0,8.0,6.922113714853586,9.883061183940688,8.973048572174918,Transient_Shock
6.42572995275259e-05,0.0001659700064919889,0.0005201620515435934,0.008016065090025523,0.012882934700292045,0.022807061440343283,0.047119140625,0.058349609375,0.103515625,8.0,32.0,8.0,5.683102870734636,9.435970028748832,9.813926852655065,Transient_Shock
6.0598584241233766e-05,0.00014951885896152817,0.0004838673885387834,0.007784509248580399,0.012227790436604978,0.021996985896681014,0.04052734375,0.056396484375,0.095703125,8.0,32.0,8.0,5.277618554503139,9.664972944854629,11.023708230110683,Transient_Shock
7.241661660373211e-05,0.00014802614168729633,0.0004837568267248571,0.008509795332658249,0.012166599429885754,0.021994472640298905,0.042236328125,0.0556640625,0.093017578125,21.0,32.0,8.0,5.869422153673297,8.64933190935318,10.9443665441481,Transient_Shock
8.6583193478873e-05,0.00015545147107332014,0.000531786816281965,0.009305009053132243,0.01246801792881772,0.023060503383099968,0.04931640625,0.058349609375,0.0986328125,32.0,32.0,8.0,4.467267805661367,11.402035126695335,10.859948721023509,Transient_Shock
8.697647353983484e-05,0.00017630190995987505,0.0005582709418376908,0.009326117817175314,0.013277872945614258,0.02362775786734092,0.04931640625,0.060302734375,0.10693359375,16.0,32.0,8.0,5.931376101305551,11.101645925297143,9.030352856964074,Transient_Shock
6.459275027737021e-05,0.0001959587934834417,0.0006541733018821105,0.008036961507769601,0.01399852826133668,0.025576811800576523,0.0419921875,0.059814453125,0.117919921875,32.0,32.0,8.0,6.491449561102557,12.133147009521414,9.584249380719074,Transient_Shock
5.579212665907107e-05,0.00016712663637008518,0.0005163387650100049,0.007469412738567275,0.012927746763070708,0.022723088808742638,0.043701171875,0.056640625,0.108642578125,32.0,32.0,8.0,6.082628349317645,10.38991879930533,10.43070405067844,Transient_Shock
6.428866981877945e-05,0.00015656206232961267,0.0005048389866715297,0.008018021565123122,0.012512476266895082,0.02246862226910074,0.038818359375,0.054931640625,0.096435546875,32.0,32.0,8.0,5.87483699451938,10.213011550675683,10.646951928761936,Transient_Shock
5.375180262490176e-05,0.00012917950516566634,0.00046100676627247594,0.007331562086274777,0.011365716218772417,0.02147106812136918,0.039306640625,0.052978515625,0.092529296875,32.0,32.0,8.0,5.277894647314754,9.204817610320337,11.621333577439774,Transient_Shock
4.690181231126189e-05,0.0001355022977804765,0.00048375429105362855,0.006848489783248705,0.011640545424527,0.02199441499684928,0.040771484375,0.0498046875,0.0927734375,32.0,32.0,8.0,5.034311516210152,10.373156884957679,10.088499277619126,Transient_Shock
5.357613554224372e-05,0.0001422333880327642,0.0004135385242989287,0.007319572087372575,0.011926164011649521,0.020335646640786437,0.038818359375,0.052978515625,0.083984375,32.0,32.0,8.0,5.071274448089487,11.816785042236145,10.48768962033705,Transient_Shock
8.35297250887379e-05,0.00010915830716839992,0.00038449931889772415,0.009139459781012108,0.010447885296479853,0.01960865418374561,0.040771484375,0.0458984375,0.085693359375,16.0,32.0,8.0,7.076189114166375,12.392488329307811,10.647430765842106,Transient_Shock
5.67394272366073e-05,0.0001254818489542231,0.0004158620686212089,0.007532557815019231,0.011201868101090242,0.02039269645292669,0.03515625,0.04296875,0.087890625,8.0,32.0,8.0,4.366542182355335,12.67707184023724,11.557060746991052,Transient_Shock
4.867462848778814e-05,0.00014727585585205816,0.00044368760427460074,0.00697672046794109,0.012135726424572125,0.02106389337882721,0.036376953125,0.0615234375,0.1015625,23.0,32.0,8.0,4.141587463030174,10.666681153045836,9.848303584284718,Transient_Shock
4.4746320781996474e-05,0.0001430515549145639,0.000458825146779418,0.00668926907681224,0.011960416168117391,0.02142020417221596,0.03564453125,0.051513671875,0.08642578125,8.0,32.0,8.0,5.656713286180408,10.922845291945505,10.67081567150382,Transient_Shock
6.975045835133642e-05,0.0001654204934311565,0.0004417658637976274,0.00835167398497669,0.012861589848504596,0.021018226942290528,0.042236328125,0.054443359375,0.08544921875,16.0,32.0,8.0,5.190730091687275,10.539043149406304,10.918593863906379,Transient_Shock
4.2343512177467346e-05,0.00014494720016955398,0.00043591923531494103,0.006507189268606481,0.012039401985545378,0.02087867896479423,0.03271484375,0.052978515625,0.089111328125,14.0,32.0,8.0,5.0956343833075195,9.810251393504032,11.219753982888665,Transient_Shock
4.3159288907190785e-05,0.00014261513933888637,0.000437165053881472,0.006569572962315799,0.011942158068744792,0.020908492386623,0.03369140625,0.05419921875,0.1005859375,8.0,32.0,8.0,4.981101231567816,9.42325295874127,10.513867093885622,Transient_Shock
4.689044726546854e-05,0.00014653298057965003,0.0004421647718118038,0.0068476599846566955,0.012105080775428557,0.021027714374410828,0.036376953125,0.05810546875,0.09619140625,8.0,32.0,8.0,5.4097846753014736,7.871357406284977,9.12952400046195,Transient_Shock
5.3034164011478424e-05,0.00012072929166606627,0.00042509141712798737,0.007282455905220328,0.010987688185695219,0.020617745199899708,0.04541015625,0.05615234375,0.091552734375,8.0,32.0,8.0,4.547881743162246,8.732762432924046,10.667995617422125,Transient_Shock
5.227987639955245e-05,0.000170842744410038,0.0004435844275576528,0.007230482445836685,0.013070682629841412,0.02106144409953061,0.0341796875,0.052734375,0.092041015625,8.0,32.0,8.0,5.7946843634068586,10.194912062822794,9.672555158172552,Transient_Shock
5.931779378443025e-05,0.00017688917796476744,0.0005467584705911577,0.00770180457973521,0.013299969096383925,0.02338286703103701,0.04345703125,0.054443359375,0.10107421875,8.0,33.0,8.0,5.231022480983147,7.884900294664251,8.292157538449814,Transient_Shock
5.760378189734183e-05,0.00015718626309535466,0.0004919790080748498,0.007589715534678611,0.01253739458960093,0.02218059981323431,0.04736328125,0.05908203125,0.105712890625,8.0,33.0,8.0,5.561920225685657,8.79922851259785,9.512063811347044,Transient_Shock
0.00012068907017237507,0.0001679423585301265,0.0004927373956888914,0.010985857734941549,0.01295925763807968,0.022197688971802704,0.04736328125,0.057861328125,0.088623046875,25.0,33.0,8.0,7.570839154786406,8.163484982122695,8.93098982425667,Transient_Shock
5.886494182050228e-05,0.00015122511831577867,0.0004636512603610754,0.007672349172222434,0.012297362250327452,0.021532562791295312,0.040283203125,0.0537109375,0.0888671875,8.0,33.0,8.0,4.765770546860147,8.009114485819756,9.457547385975952,Transient_Shock
4.391599213704467e-05,0.0001476205507060513,0.0004221259987389203,0.006626914224361491,0.012149919781877216,0.0205457051166155,0.03173828125,0.04931640625,0.08837890625,8.0,33.0,8.0,5.7523607213464665,8.161420785473979,8.88931644746693,Transient_Shock
3.7434278056025505e-05,0.0001311230553255882,0.000450930034276098,0.006118355829471306,0.011450897577290097,0.02123511323906934,0.027099609375,0.050537109375,0.084716796875,8.0,33.0,8.0,6.173693630191517,7.991888055677692,10.762406085849674,Transient_Shock
5.971634163870476e-05,0.00014971289783716202,0.0004208274149277713,0.007727634931769536,0.012235722203334057,0.020514078456703125,0.039794921875,0.0546875,0.080078125,13.0,33.0,8.0,5.78692746377562,8.438970454341392,10.189054393986316,Transient_Shock
5.81335298193153e-05,0.00015350751345977187,0.0004377974219096359,0.007624534728054906,0.012389814908212789,0.020923609198932096,0.041748046875,0.057861328125,0.084228515625,14.0,32.0,8.0,4.739879682198991,6.817884006502876,9.159678361969405,Transient_Shock
4.566163624986075e-05,0.00014642880705650896,0.0004755330737680197,0.0067573394357439785,0.012100777126139831,0.021806720839411407,0.0341796875,0.05859375,0.0947265625,8.0,33.0,8.0,5.188528042272844,7.75289773785879,9.482255640195511,Transient_Shock
4.546064883470535e-05,0.00017047853907570243,0.0005491156916832551,0.006742451248226075,0.01305674305007579,0.023433217698029758,0.03271484375,0.05517578125,0.10107421875,8.0,33.0,8.0,5.6314669633415875,8.767814709822058,8.865082864889093,Transient_Shock
7.553059549536556e-05,0.00018066068878397346,0.000519133624038659,0.008690833993085218,0.013441007729481204,0.022784504033194555,0.04248046875,0.066650390625,0.106689453125,8.0,33.0,8.0,5.356208737890378,7.358960406700191,9.398013691136136,Transient_Shock
6.263659088290296e-05,0.00016117141058202833,0.0005094652842672076,0.007914328201616545,0.012695330266756684,0.02257133767119724,0.039794921875,0.05029296875,0.101318359375,8.0,32.0,8.0,4.891792000385056,7.927447728429257,9.045731535757431,Transient_Shock
5.409001823863946e-05,0.00015748845180496573,0.0005485583351401147,0.007354591643228022,0.012549440298474102,0.023421322232959323,0.041015625,0.052490234375,0.119140625,8.0,32.0,8.0,4.96538381472037,7.978588576026019,8.147159600184883,Transient_Shock
5.700973269995302e-05,0.00017095274233724922,0.0005012781912228093,0.007550478971558892,0.01307488976386605,0.0223892427567975,0.0390625,0.058837890625,0.094970703125,16.0,32.0,8.0,4.547504376470392,8.767545755839231,9.772164146732594,Transient_Shock
4.41401352873072e-05,0.00012426264584064484,0.00041979247180279344,0.006643804278220965,0.011147315633848574,0.02048883773674811,0.032958984375,0.049072265625,0.0908203125,8.0,32.0,8.0,5.060490790680303,8.016696745100122,9.451049434118914,Transient_Shock
4.306810660636984e-05,0.0001481517065258231,0.00043638658462441526,0.006562629549682798,0.012171758563405006,0.020889867989635914,0.03564453125,0.051513671875,0.082275390625,32.0,32.0,8.0,5.817428206182287,9.675844919483241,10.602259007027051,Transient_Shock
4.362383333500475e-05,0.00015480058209504932,0.0004723905003629625,0.006604834088378356,0.012441888204571254,0.021734546242398584,0.034423828125,0.05126953125,0.08935546875,33.0,33.0,8.0,5.655971016825035,9.1809007211152,9.9989177238222,Transient_Shock
5.691555270459503e-05,0.00011967116734012961,0.00044467659608926624,0.007544239703548333,0.010939431764956058,0.02108735630868095,0.041259765625,0.05078125,0.089599609375,32.0,32.0,8.0,5.0078903877857535,7.745467983402761,9.109479281426442,Transient_Shock
6.927922368049622e-05,0.00017800138084567152,0.0005878278607269749,0.008323414184125178,0.013341715813405392,0.024245161594160902,0.03955078125,0.058349609375,0.098388671875,32.0,32.0,8.0,4.323375577808285,9.271700313306765,9.285805539826862,Transient_Shock
5.294731818139553e-05,0.00017037113138940185,0.0005636259447783232,0.007276490787556563,0.013052629290277184,0.023740807584796336,0.0400390625,0.051513671875,0.100341796875,8.0,32.0,8.0,4.685995717261328,8.851936665340647,9.015149330224771,Transient_Shock
6.753333946107887e-05,0.00014729948816238903,0.0004395930882310495,0.008217867087090108,0.01213670005241907,0.020966475341149964,0.044677734375,0.054443359375,0.089111328125,8.0,33.0,8.0,4.924951255459173,6.471334345584746,9.086643546982822,Transient_Shock
8.259806782007217e-05,0.00015989975872798823,0.0005159738793736324,0.00908834791477924,0.012645147635673861,0.022715058427695764,0.04541015625,0.054931640625,0.095947265625,16.0,32.0,8.0,5.24776162372729,8.672124941653854,9.807085921345845,Transient_Shock
7.333710891543888e-05,0.00019355252152308822,0.0006034991092747077,0.0085637088294406,0.013912315462319283,0.024566218864015433,0.04541015625,0.0556640625,0.108642578125,32.0,32.0,8.0,4.7805959270146685,8.60727473650507,8.015047278756356,Transient_Shock
6.895091792102903e-05,0.00018961046225740574,0.0005542649560084101,0.008303668943366482,0.013769911483281428,0.02354283237013784,0.04345703125,0.06103515625,0.109619140625,8.0,32.0,8.0,5.464331763426602,7.651775152316612,8.466502763401122,Transient_Shock
7.00979981047567e-05,0.00020107157979509793,0.0006071448406146374,0.008372454723959796,0.01417997107878214,0.024640309263778273,0.04150390625,0.056884765625,0.112548828125,8.0,32.0,8.0,4.945602078346347,8.493997431822477,8.394749820617713,Transient_Shock
9.937350114341825e-05,0.0002066975248453673,0.0006197379516379442,0.009968625840275993,0.014376978988833757,0.024894536582108617,0.047607421875,0.05810546875,0.111572265625,16.0,32.0,8.0,5.096710487624216,8.147423274874916,7.967664313826233,Transient_Shock
6.683889296255074e-05,0.00012148864334449172,0.00042765302350744605,0.008175505670143636,0.011022188682130774,0.02067977329439194,0.038330078125,0.05712890625,0.089599609375,32.0,32.0,8.0,8.095392035261847,8.114119405038895,9.87712578009306,Transient_Shock
5.175288242753595e-05,0.00015020323553471826,0.0005001969075237866,0.0071939476247423395,0.012255742961351557,0.02236508232767737,0.036376953125,0.053955078125,0.099853515625,32.0,32.0,8.0,6.029096489735885,9.119249356799454,10.39441696534271,Transient_Shock
4.760442243423313e-05,0.00011664535850286484,0.0004327273891249206,0.0068995958167296385,0.010800248075987182,0.020802100594048682,0.0380859375,0.050537109375,0.08349609375,32.0,32.0,8.0,5.480357231794451,8.718624624939169,11.909587914833876,Transient_Shock
6.681842205580324e-05,0.00018872072905651294,0.0004899827763438225,0.00817425360848336,0.013737566344025893,0.022135554575023017,0.041748046875,0.059814453125,0.096923828125,8.0,33.0,8.0,5.027565668226778,7.752189787327217,8.679100523600095,Transient_Shock
6.553312050527893e-05,0.0001583923258294817,0.0005239171696302947,0.008095252961166744,0.012585401297911867,0.02288923698226515,0.044677734375,0.060546875,0.116943359375,16.0,32.0,8.0,4.4382649455830565,7.893189512477711,9.836363476262285,Transient_Shock
4.281173460185528e-05,0.00014070769248064607,0.0005017250623495784,0.006543067675170056,0.011862027334340705,0.022399220128155765,0.036865234375,0.053466796875,0.102294921875,8.0,32.0,8.0,4.703946213366063,8.296537664663589,9.925747221181954,Transient_Shock
4.3461783207021654e-05,0.0001540714547445532,0.0005095945634820964,0.006592555134924671,0.012412552305813385,0.02257420128115492,0.033935546875,0.057373046875,0.1005859375,8.0,32.0,8.0,5.742742871140409,8.759415752059944,10.153822492716332,Transient_Shock
5.9695910749724135e-05,0.00013515317914425395,0.0004813782870769501,0.007726312881945963,0.011625539950654075,0.02194033470749592,0.039794921875,0.0556640625,0.095458984375,32.0,32.0,8.0,4.320043396295787,9.211403358160101,10.334949613189275,Transient_Shock
0.2313783722563585,0.025428337448829552,0.015613800609571626,0.48101805813956555,0.15946265220680844,0.12495519440812225,3.99993896484375,1.69970703125,1.2333984375,17.0,26.0,42.0,3.1583795619839052,3.0230488903832757,2.9458986550600534,Transient_Shock
0.005036428512539715,0.00051236859508208,0.0008649839692225214,0.0709677991242487,0.022635560410161706,0.029410609807049588,0.59765625,0.14599609375,0.142822265625,20.0,6.0,8.0,4.896445910589169,6.240564579027218,6.603283446177807,Transient_Shock
0.000575135913095437,0.0002444033707433846,0.0005590275359281804,0.02398199143306154,0.015633405602855206,0.023643763150737667,0.1181640625,0.07080078125,0.10595703125,6.0,6.0,8.0,8.251067148272366,6.365892194130326,8.135935957896724,Transient_Shock
0.1932219063271532,0.00943136248679366,0.013000044840737246,0.43957013812036094,0.09711520214051794,0.11401773914938519,3.99993896484375,1.16943359375,1.01611328125,20.0,26.0,20.0,4.0892602222060805,3.1012794182256385,2.551760456907809,Transient_Shock
0.0009336947950941976,0.0002609358634799719,0.0023932968579174485,0.030556419867094994,0.016153509323981952,0.04892133336201548,0.163818359375,0.07666015625,0.22998046875,14.0,32.0,3.0,4.644274872464958,4.397324580029993,10.542358803378038,Transient_Shock
0.24461432816951856,0.0334568436628615,0.022926741916307947,0.49458500600960253,0.18291212005458113,0.15141579150243195,3.99993896484375,1.833251953125,1.557861328125,20.0,27.0,24.0,2.3220194735498754,2.708551799690118,2.1084191367738065,Transient_Shock
0.05368594312676578,0.0060348687547957525,0.003233198294765316,0.23170227259732645,0.07768441770906025,0.05686121960321741,2.04296875,0.6982421875,0.534912109375,20.0,24.0,2.0,4.040120113254988,3.3079378206108045,3.2212219737214047,Transient_Shock
0.0015003039115981665,0.0004555545747280121,0.0010109487920999527,0.03873375674522375,0.021343724481168044,0.031795420929749504,0.1630859375,0.0966796875,0.17724609375,6.0,7.0,3.0,7.04685434959422,6.170550120835529,8.4814832362213,Transient_Shock
0.22533514455335535,0.03621773066333844,0.01613215087854769,0.47469479094820005,0.19030956534903454,0.1270124044278656,3.99993896484375,2.055419921875,1.21337890625,42.0,26.0,42.0,2.422183681155105,2.7414952751167565,3.6512520256634065,Transient_Shock
0.008129430454573594,0.0008141928956320044,0.001583794000907801,0.09016335427752005,0.02853406552932835,0.039796909439148674,0.761962890625,0.15869140625,0.22802734375,20.0,6.0,2.0,4.469191713736931,4.9660966423775506,7.4607106871447435,Transient_Shock
0.001071409264113754,0.0003177724684064742,0.001081917460396653,0.03273238860996481,0.017826173689450976,0.03289251374396084,0.147216796875,0.10498046875,0.176025390625,6.0,32.0,3.0,9.211504572572764,7.422297431950786,9.044627520596555,Transient_Shock
0.3301277361742905,0.06538376389289624,0.027311752957757562,0.5745674339660145,0.25570249097905995,0.16526267865963434,3.99993896484375,2.5244140625,1.5693359375,16.0,29.0,42.0,2.643914240987056,4.418823367946167,3.3027191511849177,Transient_Shock
0.003109001030679792,0.0006713486181979533,0.00275114058968029,0.05575841668017298,0.025910395948305253,0.05245131637700135,0.29931640625,0.126953125,0.26220703125,6.0,6.0,3.0,4.566698259169983,6.4378024337451505,10.608975845517792,Transient_Shock
0.0007911356187833007,0.00021165035650483333,0.0016832607179821935,0.028127133141920113,0.014548208016963235,0.04102756046832658,0.126220703125,0.078125,0.20068359375,6.0,32.0,3.0,10.540958879176433,5.208076705281526,10.056599227281147,Transient_Shock
0.00012873089872300625,0.00014959717736928724,0.0004175368194410112,0.011345963983858148,0.012230992493223403,0.020433717709731902,0.0556640625,0.06396484375,0.09912109375,6.0,31.0,8.0,4.332437004970475,8.785148611231493,7.522745961628956,Transient_Shock
7.901363642304204e-05,0.00014021620154380798,0.0004379486199468374,0.008888961492944046,0.011841292224407267,0.020927221983503625,0.0458984375,0.06201171875,0.0986328125,14.0,31.0,8.0,4.285661015640028,11.00853536817221,9.270742851849937,Transient_Shock
7.364284465438686e-05,0.00014520322656608187,0.00045683082134928554,0.008581540925404182,0.012050030147932489,0.021373601038413848,0.04150390625,0.0625,0.0859375,31.0,31.0,8.0,4.77894911815652,10.82889671516794,7.9281087210645005,Transient_Shock
6.381800267263316e-05,0.0001458400765841361,0.00041316012720926665,0.007988617068844467,0.012076426482372015,0.02032634072353572,0.041259765625,0.053955078125,0.0927734375,31.0,31.0,8.0,7.21479742516615,11.429029351790748,8.58488676924834,Transient_Shock
6.652656884398311e-05,0.0001175895995402243,0.0004152800975134596,0.008156382092814381,0.01084387382535523,0.02037842235094414,0.03564453125,0.06298828125,0.090576171875,14.0,31.0,8.0,6.210071242532879,10.365525319557706,8.416739148879728,Transient_Shock
7.223375359899364e-05,0.00012262040036148392,0.0003769903996726498,0.008499044275622621,0.011073409608674463,0.019416240616366747,0.04150390625,0.05419921875,0.086669921875,14.0,31.0,8.0,6.850208916205099,12.174730390862171,8.832422610719917,Transient_Shock
9.930407395586371e-05,0.00014040280075278133,0.0004683990810008254,0.009965142947086295,0.011849168778981137,0.021642529450154973,0.05224609375,0.053955078125,0.09619140625,14.0,31.0,8.0,9.675574185726832,11.893364744354995,8.320103756956092,Transient_Shock
8.002849062904716e-05,9.464527465752326e-05,0.0004542692913673818,0.008945864442805243,0.009728580300204303,0.02131359405091928,0.0439453125,0.0439453125,0.091796875,14.0,31.0,8.0,8.567428571356945,10.588898167237016,8.33236631151326,Transient_Shock
9.363446952193044e-05,0.00013067278996459208,0.0004211256600683555,0.009676490558148157,0.01143121996834074,0.02052134644871909,0.04638671875,0.056884765625,0.1005859375,14.0,31.0,8.0,6.433874121978358,11.269153290320233,8.645146089042152,Transient_Shock
7.127225399017334e-05,0.0001339604496024549,0.0004777386784553528,0.008442289617762076,0.011574128459735312,0.021857234007425386,0.041748046875,0.05908203125,0.098876953125,31.0,31.0,8.0,6.346901239724417,11.882533072423625,7.946742894913874,Transient_Shock
4.757438728120178e-05,0.0001362300208711531,0.0004627566631825175,0.006897418885438362,0.011671761686701502,0.021511779637736102,0.03173828125,0.053955078125,0.108642578125,31.0,31.0,8.0,7.396597832214601,11.092107291704941,7.5663602528756595,Transient_Shock
4.733468813356012e-05,0.00011678301598294638,0.00040654759141034447,0.006880020939907096,0.01080661908197686,0.020163025353610614,0.0341796875,0.05517578125,0.1005859375,31.0,31.0,8.0,6.844918629829694,10.477320316288308,7.566665025149565,Transient_Shock
6.951391696929932e-05,0.00012563027848955244,0.0004567999712890014,0.008337500642836516,0.011208491356536456,0.02137287934015914,0.044189453125,0.060791015625,0.0947265625,31.0,31.0,8.0,4.471777399769606,9.321109248512448,7.685768830711284,Transient_Shock
5.6522301747463644e-05,0.00012476783012971282,0.0004507738303800579,0.007518131532998318,0.011169952109553237,0.02123143495810064,0.036865234375,0.0595703125,0.0986328125,31.0,31.0,8.0,5.255194607762619,8.488922411947044,6.504802502647042,Transient_Shock
9.649326966609806e-05,0.00012135138604207896,0.0004115667543374002,0.009823098781245054,0.011015960513821704,0.02028710808216391,0.051513671875,0.052001953125,0.0927734375,14.0,31.0,8.0,10.03453587169912,8.525934345991816,6.8220737733401,Transient_Shock
8.63291643327102e-05,0.00010223942445009016,0.0003581893070077058,0.009291348897372771,0.010111351267268394,0.01892588986039245,0.049560546875,0.047607421875,0.0810546875,14.0,31.0,8.0,9.79163521235659,9.128147310188396,7.233535279725857,Transient_Shock
8.830845763441175e-05,0.0001288065359403845,0.00044013488513883203,0.009397257984881108,0.011349296715672936,0.020979391915373336,0.0478515625,0.0537109375,0.098876953125,14.0,31.0,8.0,5.849267353227718,7.294315762433101,6.890203010330442,Transient_Shock
0.16934798924535244,0.009190706943627447,0.006894231042679166,0.41151912379056266,0.09586817482161349,0.08303150632548567,3.99993896484375,0.783447265625,0.80224609375,20.0,32.0,20.0,3.8883150105829927,4.444377628515104,2.5871121882308312,Transient_Shock
0.0013325714935490396,0.00042603752444847487,0.0006449244647228625,0.03650440375556132,0.020640676453267583,0.025395363055543477,0.226318359375,0.10009765625,0.12451171875,6.0,6.0,8.0,7.161749745400771,7.858821143796806,6.64100026907968,Transient_Shock
0.2556464771221272,0.01868419910533703,0.01222628830873873,0.5056149494646368,0.13669015730965062,0.11057254771749962,3.99993896484375,1.44970703125,1.00341796875,17.0,31.0,42.0,3.7084585290695777,3.332252702679526,2.9421146981822797,Transient_Shock
0.0026240455008519348,0.0009122697956627235,0.0007815069984644651,0.051225438024988475,0.030203804324335098,0.02795544666902078,0.267578125,0.172119140625,0.1494140625,6.0,6.0,3.0,5.772257726549177,8.491569600884793,6.2472609255707985,Transient_Shock
0.24686174392900284,0.019353359934029868,0.012209155564050889,0.4968518329733753,0.13911635394169108,0.1104950476901607,3.99993896484375,1.4541015625,1.244873046875,20.0,32.0,42.0,3.0535486852613007,3.0262064230193975,3.140798178781117,Transient_Shock
0.002076045551802963,0.0005773191660409793,0.0007305652507056948,0.04556364287239293,0.024027466908539886,0.02702897058168688,0.22119140625,0.1201171875,0.129638671875,6.0,6.0,8.0,6.801247813016071,8.764219096783233,7.018047456656888,Transient_Shock
0.0007640979565621819,0.00023446232080459595,0.0005668018566211686,0.02764232183739604,0.015312162512349323,0.023807600816150472,0.1455078125,0.080322265625,0.120361328125,6.0,30.0,8.0,9.61063465991755,6.038220649261322,5.705361690411862,Transient_Shock
0.00014360388377099298,0.00013327679698704742,0.0003737280494533479,0.01198348379107649,0.011544557028619479,0.01933204721319881,0.063720703125,0.050537109375,0.095947265625,6.0,30.0,8.0,4.5363312818321075,7.571505625704697,6.086287304152439,Transient_Shock
8.098687612800859e-05,8.737181997275911e-05,0.0003075246604566928,0.00899927086646516,0.009347289445222028,0.0175363810535895,0.046142578125,0.048583984375,0.078125,30.0,30.0,8.0,6.013168519697489,7.870652385653039,6.682199013504205,Transient_Shock
4.8610902013024315e-05,8.57876002555713e-05,0.0003095312131335959,0.006972151892566908,0.00926215958918714,0.017593499172523806,0.034423828125,0.046630859375,0.081787109375,30.0,30.0,8.0,7.526297081817828,9.951395797830438,6.873310791753993,Transient_Shock
6.216004476300441e-05,9.869910718407482e-05,0.0003059179871343076,0.007884164176563322,0.009934742431692671,0.017490511345707067,0.041015625,0.04833984375,0.079345703125,30.0,30.0,7.0,5.493069106920746,9.994478311827965,6.015952181105312,Transient_Shock
4.914201781502925e-05,0.0001255549577763304,0.00039561878656968474,0.007010136790036928,0.011205130868326814,0.01989016808801989,0.035400390625,0.0556640625,0.088623046875,33.0,30.0,30.0,5.16979039717297,10.995287122236183,8.264379251814411,Transient_Shock
4.179564712103456e-05,6.81660276313778e-05,0.000307369846268557,0.006464955306963426,0.008256272017767935,0.017531966411916178,0.03515625,0.040771484375,0.0830078125,30.0,30.0,7.0,8.147604680124262,11.029660984299126,6.640200526326835,Transient_Shock
5.721798152080737e-05,8.613331010565162e-05,0.00036368469227454625,0.007564256838633083,0.00928080331144086,0.019070518930394794,0.037841796875,0.044921875,0.08740234375,30.0,30.0,30.0,10.799401643224234,10.313412828455338,5.229701922202483,Transient_Shock
4.9910300731426105e-05,8.885852003004402e-05,0.00036603511762223206,0.007064722268527342,0.00942647972628404,0.019132044261453925,0.034912109375,0.0400390625,0.089599609375,30.0,30.0,8.0,8.595537403612777,10.360580382466802,5.666089424442483,Transient_Shock
4.463583172764629e-05,6.715807467116974e-05,0.00035003572702407837,0.00668100529319101,0.008195003030577215,0.01870924175438648,0.034423828125,0.040771484375,0.08154296875,30.0,30.0,8.0,6.538992464986079,9.397442782536997,6.590049649520306,Transient_Shock
3.603886580094695e-05,9.332733679912053e-05,0.00033890490522026084,0.006003237943055976,0.009660607475677735,0.0184093700386586,0.02783203125,0.051513671875,0.086181640625,31.0,30.0,8.0,4.705389092986473,8.198612685848998,6.211784721146023,Transient_Shock
3.41625272994861e-05,8.568301564082503e-05,0.00032766452932264656,0.005844871880502266,0.009256512066692563,0.018101506272204162,0.033935546875,0.0419921875,0.08251953125,8.0,30.0,8.0,3.862733436986936,8.224057965055751,6.945814331936475,Transient_Shock
4.215541048324667e-05,0.00012136477744206786,0.00040899973464547656,0.006492719806309731,0.011016568315136427,0.020223741855687254,0.032958984375,0.04833984375,0.09228515625,13.0,31.0,8.0,4.277319366055527,6.997953059452694,6.939316717880776,Transient_Shock
5.022877303417772e-05,0.00012061427332810126,0.0004522949311649427,0.0070872260464992735,0.010982452974090135,0.021267226691906557,0.03857421875,0.056884765625,0.10205078125,31.0,31.0,8.0,5.913435918727844,8.554803561993612,7.1329697553104685,Transient_Shock
5.121383583173156e-05,0.00014598361667594872,0.0004832490812987089,0.007156384270826404,0.012082368007801646,0.0219829270411997,0.039794921875,0.060302734375,0.094482421875,31.0,31.0,8.0,7.067888776831389,11.097209268162558,7.9086887136260735,Transient_Shock
4.526300108409487e-05,0.000148080856888555,0.0005221422761678696,0.00672777831710401,0.012168847804478244,0.022850432734805474,0.029296875,0.055419921875,0.105224609375,31.0,31.0,8.0,6.934385001868299,11.6237195622373,7.756231716778918,Transient_Shock
6.462667079176754e-05,0.00011119339615106583,0.0004565872804960236,0.00803907151303977,0.01054482793368701,0.021367903043958796,0.0419921875,0.05224609375,0.102783203125,31.0,31.0,8.0,5.204723355477729,11.859757626171504,7.2838650022689935,Transient_Shock
5.7900731917470694e-05,0.0001490692957304418,0.0005159509455552325,0.007609253045961259,0.012209393749504593,0.022714553606778903,0.039306640625,0.056396484375,0.098876953125,8.0,31.0,8.0,5.6501269405920285,11.406576902543218,8.370522718913248,Transient_Shock
4.675757008953951e-05,0.00013343896353035234,0.00045573688112199306,0.0068379507229534425,0.011551578399956967,0.021347994779884902,0.03515625,0.0556640625,0.1025390625,31.0,31.0,8.0,6.071861614346838,10.068680108473975,7.60154059388303,Transient_Shock
4.36101108789444e-05,0.00011438066940172575,0.00045544606109615415,0.006603795187537572,0.010694889873286482,0.021341182279718107,0.0322265625,0.04736328125,0.093017578125,31.0,31.0,8.0,5.7962094772322095,10.49251346473869,7.802459074779092,Transient_Shock
5.5766431614756584e-05,9.543890701024793e-05,0.00043014343827962875,0.0074676925227781426,0.009769283853499598,0.02073989966898656,0.037841796875,0.04150390625,0.109375,31.0,31.0,8.0,5.317681778147789,10.243306739651235,8.423119158761812,Transient_Shock
6.778811803087592e-05,0.00012105219866498373,0.0004584551752486732,0.008233353996451016,0.01100237241075686,0.021411566389423105,0.037841796875,0.05517578125,0.09765625,31.0,31.0,8.0,5.721478120238166,11.9463576989977,8.544946507356727,Transient_Shock
7.346748316194862e-05,0.0001156654761871323,0.0004759835392178502,0.008571317469441243,0.010754788523589494,0.021817046986653585,0.037841796875,0.052734375,0.099609375,31.0,31.0,8.0,5.811081592367026,11.268216837946518,8.864663333280749,Transient_Shock
4.792166510014795e-05,0.00013058423064649105,0.00042375732664368115,0.006922547587423863,0.011427345739343456,0.020585366808577425,0.03564453125,0.057861328125,0.09765625,31.0,31.0,8.0,5.056021279472286,11.967241092512975,8.358110156212929,Transient_Shock
7.635596193722449e-05,0.00011761980931623839,0.0004537778295343742,0.008738189854725319,0.010845266677967785,0.021302061626386638,0.043212890625,0.052001953125,0.090087890625,31.0,31.0,8.0,4.627616863169203,13.050781772002514,8.311216113804676,Transient_Shock
5.372856685426086e-05,0.00013343220052774996,0.0004135323688387871,0.0073299772751531,0.011551285665576363,0.020335495293667846,0.034423828125,0.049560546875,0.091552734375,31.0,31.0,8.0,6.018810635636377,12.532726195495556,8.50861605832627,Transient_Shock
4.02043187932577e-05,0.00013899331679567695,0.00041761877946555614,0.006340687564709185,0.01178954268814855,0.02043572312069128,0.033203125,0.048828125,0.095947265625,31.0,31.0,8.0,6.050212291029138,12.17576766703691,9.451382760349412,Transient_Shock
6.062391912564635e-05,0.00013093813322484493,0.0004630822077160701,0.0077861363413214355,0.0114428201604694,0.021519344964846632,0.0390625,0.0546875,0.10498046875,31.0,31.0,8.0,6.579324572535227,11.843317227349743,8.830221121287446,Transient_Shock
5.5916549172252417e-05,0.00014958983229007572,0.000476380893815076,0.007477736901780673,0.012230692224484913,0.021826151603410896,0.040771484375,0.060546875,0.115478515625,31.0,31.0,8.0,5.815087144555327,12.282102000899217,7.655046547641242,Transient_Shock
5.514174699783325e-05,0.00015110871754586697,0.0004716925323009491,0.007425748918313442,0.012292628585695858,0.021718483655654902,0.03515625,0.052734375,0.097412109375,31.0,31.0,8.0,6.222910082120726,12.248407589205732,7.776419413379333,Transient_Shock
4.645757144317031e-05,0.0001244490522367414,0.00042672302515711635,0.006815979125787454,0.01115567354473684,0.020657275356569083,0.03564453125,0.0537109375,0.09130859375,31.0,31.0,8.0,5.565283978835486,11.30583663309811,8.144402065384993,Transient_Shock
6.69234104861971e-05,0.00012477760901674628,0.00043002052916563116,0.008180672984919828,0.011170389832801103,0.020736936349558272,0.042236328125,0.060546875,0.104248046875,31.0,31.0,8.0,6.430756728942518,11.407001404668039,8.19229951599254,Transient_Shock
5.34839928150177e-05,0.00014611746883019805,0.000436439582699677,0.007313275108664906,0.012087905891021739,0.020891136462616797,0.0380859375,0.060791015625,0.0986328125,31.0,31.0,8.0,5.255509137973974,12.008494623045934,9.029851256098707,Transient_Shock
5.7072320487350225e-05,0.00010181032121181488,0.0003381859860382974,0.007554622458293348,0.010090110069360734,0.01838983376864232,0.041259765625,0.046875,0.09130859375,31.0,31.0,8.0,5.216008416921291,10.829212901529015,8.54924326660401,Transient_Shock
7.434841245412827e-05,0.000138724222779274,0.00045351752487476915,0.008622552548644065,0.01177812475648284,0.021295950903276642,0.0458984375,0.0537109375,0.09130859375,25.0,31.0,8.0,6.235159721006657,12.80174665377525,7.83145722652705,Transient_Shock
0.00010176408977713436,0.0001275645918212831,0.00041803487329161726,0.010087818881063158,0.011294449602405736,0.020445901136697725,0.05224609375,0.05615234375,0.1025390625,25.0,31.0,8.0,5.773507935485249,12.343754923883573,8.45617497982248,Transient_Shock
7.929475032142363e-05,0.00017086820662370883,0.0004998747608624399,0.008904759981123783,0.013071656613593734,0.022357879167363794,0.041748046875,0.061279296875,0.100830078125,25.0,31.0,8.0,4.771649026216505,11.970033333757835,8.097687237134654,Transient_Shock
5.25426548847463e-05,0.00013246490561868995,0.0004181683143542614,0.007248631242155052,0.011509339929756612,0.020449164148058994,0.0390625,0.048095703125,0.091552734375,31.0,31.0,8.0,7.681483093785982,12.636001119981879,7.809891527143595,Transient_Shock
5.6717952247709036e-05,0.00013298954581841826,0.0004720638826256618,0.007531132202246156,0.011532109339510195,0.02172703115075002,0.03369140625,0.055419921875,0.114013671875,31.0,31.0,8.0,6.457501108226643,10.895767303219397,7.765602315425224,Transient_Shock
6.718240547343157e-05,0.00014217738862498663,0.00045798945939168334,0.00819648738627905,0.011923816026129665,0.02140068829247516,0.048583984375,0.063720703125,0.1025390625,31.0,31.0,8.0,5.419098236680695,10.724963442331017,8.377043992091751,Transient_Shock
5.349237471818924e-05,0.0001247858708666172,0.0004894130361208227,0.0073138481470556415,0.01117075963695474,0.02212268148576982,0.03564453125,0.06103515625,0.099365234375,31.0,31.0,8.0,6.018867358869668,11.572042160908138,8.432009969962788,Transient_Shock
6.167474202811718e-05,0.00011480598186608404,0.0004804605232493486,0.007853326812766497,0.01071475533393479,0.021919409737703902,0.047607421875,0.05224609375,0.10546875,31.0,31.0,8.0,5.551522395381695,10.643410232950469,7.8357515148538095,Transient_Shock
6.263259274419397e-05,0.00011115558663732372,0.0003992583915533032,0.007914075608951052,0.010543034982267854,0.01998145118737133,0.044921875,0.051025390625,0.0849609375,31.0,31.0,8.0,4.8075183103042844,11.35047621820616,8.117077187825888,Transient_Shock
7.180467582657002e-05,0.00012008420890197158,0.0004116209311177954,0.008473763970430733,0.01095829406896765,0.02028844328966112,0.038330078125,0.0498046875,0.08544921875,16.0,31.0,8.0,5.665746319003222,11.198662601651073,8.918469165723053,Transient_Shock
5.1208771765232086e-05,0.00012828490798710845,0.00042265563024557196,0.007156030447477993,0.011326292773326516,0.02055859018137119,0.034912109375,0.0556640625,0.100341796875,31.0,31.0,8.0,5.8365757809355765,12.180942337390293,8.587661607198017,Transient_Shock
4.6998840844025835e-05,0.00015779117529746145,0.000489825466502225,0.006855570059741628,0.012561495742842946,0.022132000960198447,0.033447265625,0.05712890625,0.1044921875,31.0,31.0,8.0,6.979175823493503,12.58679364824894,7.890774257993607,Transient_Shock
0.00010256975656375289,0.0001793506926333066,0.0004470017156563699,0.01012767281085605,0.013392187746343261,0.02114241508570792,0.047119140625,0.05859375,0.10498046875,14.0,31.0,8.0,12.219141823288448,12.586000982335943,7.830011055435981,Transient_Shock
0.00015413006985909306,0.00014676082355435938,0.0004052553413202986,0.012414913203848549,0.012114488167246662,0.020130954803990263,0.05859375,0.0576171875,0.082763671875,14.0,31.0,8.0,14.137030925697958,13.381803423768716,9.15853826986257,Transient_Shock
0.00015815161168575287,0.0001787994842743501,0.0004358692094683647,0.012575834432981093,0.01337159243599468,0.020877480917686517,0.06591796875,0.06591796875,0.094482421875,14.0,31.0,8.0,11.224935781594057,12.36616482560152,8.00610800209797,Transient_Shock
0.0001308710161538329,0.00014440904124057852,0.0003874939247907605,0.011439887069103125,0.012017031298976404,0.01968486537395571,0.058349609375,0.0537109375,0.087158203125,14.0,31.0,8.0,12.996526168047062,13.282017443713984,7.893566987365783,Transient_Shock
0.00014817877672612667,0.0001535999144834932,0.0004220000555505976,0.012172870521209312,0.012393543257821518,0.020542639936254485,0.057861328125,0.0595703125,0.093505859375,14.0,31.0,8.0,12.299663543052933,12.950131697202744,7.150364861661341,Transient_Shock
0.00014478753655566834,0.00015766164506203495,0.00046669423682033084,0.01203276928041373,0.01255633883988621,0.021603107110328618,0.04638671875,0.05908203125,0.10498046875,14.0,31.0,8.0,13.596356721597283,12.6689560262985,7.581110239622854,Transient_Shock
0.00016190408132388256,0.00015057698692544363,0.0004038370680063963,0.012724153461974693,0.012270981498048297,0.020095697748682334,0.0556640625,0.05810546875,0.087158203125,14.0,31.0,8.0,15.507116666528738,10.761138244951791,8.75040640296957,Transient_Shock
0.00014904198178555816,0.0001573921435920056,0.0004554786573862657,0.01220827513556105,0.012545602559941296,0.021341945960625653,0.054443359375,0.06201171875,0.1083984375,14.0,31.0,8.0,9.969496704682829,10.873130878949826,6.597147178953798,Transient_Shock
8.232214895542711e-05,0.0001870799133030232,0.0005270463734632358,0.009073155402362901,0.013677715938818997,0.022957490574172863,0.049072265625,0.063232421875,0.107177734375,31.0,31.0,31.0,4.856105399488801,11.931416226745657,7.094585486030997,Transient_Shock
5.5265056289499626e-05,0.00017230104640475474,0.0004863111207669135,0.007434047100301398,0.013126349317489412,0.02205246291838881,0.03759765625,0.06005859375,0.104736328125,31.0,31.0,8.0,7.163152984557364,12.373088014038418,7.276545927962229,Transient_Shock
5.2128827519482e-05,0.00014791509238420986,0.0004703135600720998,0.007220029606551624,0.012162034878432551,0.021686713906724085,0.039306640625,0.055908203125,0.108154296875,31.0,31.0,8.0,4.670921893921822,13.665734939174932,7.426408563666005,Transient_Shock
0.00011450127567513846,0.00015788146993145347,0.0004458350595086813,0.010700526887734943,0.012565089332410394,0.02111480664151773,0.0517578125,0.058349609375,0.104248046875,14.0,31.0,8.0,9.0283630872658,12.352368744464867,7.609037381196858,Transient_Shock
7.515317702200264e-05,0.00018362121409154497,0.0005561685975408182,0.008669093206443372,0.01355069053928784,0.023583227038317257,0.04296875,0.06494140625,0.11376953125,14.0,31.0,8.0,7.272211919397366,13.306006995408508,7.746038098364714,Transient_Shock
4.9852820666274056e-05,0.00017083213606383651,0.0004933111158607062,0.007060652991492646,0.01307027681664916,0.022210608183044114,0.0341796875,0.060791015625,0.098388671875,31.0,31.0,8.0,5.8505500055014,12.368858960697704,7.6036423645805815,Transient_Shock
4.8896996304392815e-05,0.00018108158474205993,0.0004647334571927786,0.00699263872257053,0.013456655778537992,0.02155767745358434,0.03515625,0.06689453125,0.11083984375,31.0,31.0,8.0,5.393656875133697,12.88757082860845,7.959564892954832,Transient_Shock
4.4668089685728773e-05,0.00014563751392415725,0.00038807090822956525,0.006683419011683225,0.012068036871179888,0.01969951543133905,0.03662109375,0.05615234375,0.0927734375,31.0,31.0,8.0,5.784082581801052,12.588554669607953,8.681871816844797,Transient_Shock
4.75692177133169e-05,0.0001644636176934,0.0004743261815747246,0.006897044128705928,0.012824336929970297,0.021779030776752317,0.039794921875,0.05712890625,0.103271484375,31.0,31.0,8.0,6.571183187471779,12.225501016660859,6.937704308464803,Transient_Shock
3.947069853893481e-05,0.0001274318783544004,0.000373078029952012,0.006282571013441457,0.01128857291044357,0.019315227929072233,0.034423828125,0.051025390625,0.08984375,31.0,31.0,8.0,5.815470624890303,10.77470058130859,7.592048185210629,Transient_Shock
4.6202880184864625e-05,0.00014882630421197973,0.00040342521606362425,0.006797270053842544,0.012199438684299362,0.02008544786813638,0.03955078125,0.057373046875,0.088134765625,31.0,31.0,8.0,4.838315427483494,10.739906526105091,7.422481642540256,Transient_Shock
0.00012611561396624893,0.0001552859575895127,0.0004518480127444491,0.011230120834890821,0.012461378639200106,0.021256716885362355,0.0810546875,0.061279296875,0.100830078125,31.0,31.0,8.0,3.2748106135274404,8.40524180497055,7.077564635556431,Transient_Shock
0.0001144072120951023,0.0001646557320782449,0.000520484521985054,0.010696130706713634,0.012831824970683045,0.02281412987569445,0.051513671875,0.05908203125,0.1220703125,14.0,31.0,8.0,4.394900726141098,8.710355675028593,6.536608422943093,Transient_Shock
6.303352711256593e-05,0.00011835455370601267,0.0003799793776124716,0.007939365661850191,0.01087908790781712,0.019493059729361925,0.0380859375,0.053955078125,0.09130859375,14.0,31.0,8.0,7.742765700621326,10.022187694902373,8.68991724039293,Transient_Shock
6.533261330332607e-05,0.00012857228284701705,0.00040190829895436764,0.008082859228226486,0.01133897186022688,0.02004765070910723,0.059326171875,0.056640625,0.088134765625,31.0,31.0,8.0,4.280255494539983,11.365238232265442,8.403711659850211,Transient_Shock
5.728614269173704e-05,0.0001734002107696142,0.00046300835674628615,0.007568760974673268,0.013168151380114606,0.021517628975941706,0.0341796875,0.061767578125,0.12451171875,31.0,31.0,8.0,5.009620250137649,11.575995268668473,7.74406929216919,Transient_Shock
9.572481212671846e-05,0.00016411696196882986,0.0004647885070880875,0.00978390577053553,0.012810814258618766,0.021558954220650118,0.046875,0.056640625,0.103759765625,15.0,31.0,8.0,6.563615910502174,11.824048584577808,7.430370925063484,Transient_Shock
0.00012764363418682478,0.00017393378948327154,0.000492012346512638,0.01129794822907349,0.01318839601631948,0.022181351322961323,0.05322265625,0.05908203125,0.109619140625,15.0,31.0,8.0,5.406176071275858,12.014784306337239,7.117637667996474,Transient_Shock
0.00011327457832521759,0.00016436514852102846,0.0004984473343938589,0.010643053054702752,0.012820497202567007,0.022325934121417156,0.0498046875,0.06201171875,0.095947265625,15.0,31.0,8.0,6.826649740907636,12.350506984423015,8.058608534738095,Transient_Shock
0.00010623520574881695,0.00013387923536356539,0.00045030866385786794,0.010307046412470303,0.01157061948918749,0.021220477465360387,0.048583984375,0.056884765625,0.105712890625,15.0,31.0,8.0,6.227683772512962,11.121620104977126,8.891456637656365,Transient_Shock
9.541553663439117e-05,0.00015710009029135108,0.0004985793748346623,0.009768087665167178,0.01253395748721652,0.022328891034591538,0.040771484375,0.06494140625,0.10595703125,15.0,31.0,8.0,6.166035860318085,12.719282215565682,7.398845259237332,Transient_Shock
8.518970207660459e-05,0.00015746923963888548,0.0004992437898181379,0.00922982676308741,0.012548674816046731,0.022343764002918976,0.04248046875,0.060302734375,0.1044921875,15.0,31.0,8.0,7.297372837528165,13.152979067072584,8.85152467446771,Transient_Shock
8.525367229594849e-05,0.00017988955369219184,0.0005015548340452369,0.009233291520143209,0.013412291142537574,0.02239541993455887,0.04736328125,0.063720703125,0.103515625,15.0,31.0,31.0,8.551957458888452,13.725961981021568,8.258618565341674,Transient_Shock
7.740396176814102e-05,0.00015567423542961478,0.000440983447333565,0.008797952134908499,0.012476948161694621,0.020999605885196154,0.04248046875,0.05908203125,0.090087890625,15.0,31.0,8.0,7.806913856626845,13.199734199736733,8.479845834315226,Transient_Shock
8.84458095242735e-05,0.00014743173596798442,0.0004388334018585738,0.009404563228788113,0.012142147090526636,0.020948350814767584,0.04638671875,0.058837890625,0.099609375,15.0,31.0,8.0,6.642894603946004,12.440875528023817,8.559543097113847,Transient_Shock
7.674813605262898e-05,0.0001424556685378775,0.00047563247790094465,0.008760601352226283,0.011935479401258983,0.021808999928950083,0.039306640625,0.05712890625,0.098876953125,15.0,31.0,8.0,7.287175724394129,11.112988873019928,8.034527513647086,Transient_Shock
7.790489689796232e-05,0.00015659982091165148,0.00046961008047219366,0.008826375071226144,0.012513985013242244,0.021670488699431622,0.042724609375,0.06005859375,0.093505859375,15.0,31.0,8.0,7.5869101684134765,12.492977209107831,6.990987083920712,Transient_Shock
0.00012439755664672703,0.00015890542636043392,0.0004986589192412794,0.011153365261064798,0.012605769566370549,0.02233067216277377,0.05908203125,0.059326171875,0.099853515625,15.0,31.0,31.0,8.153457407227327,12.366069735946926,7.834990815217642,Transient_Shock
9.380475603393279e-05,0.00019351765513420105,0.0004871310338785406,0.009685285542199197,0.013911062329462874,0.022071045146946272,0.0478515625,0.068359375,0.1142578125,15.0,31.0,8.0,6.253478583284891,8.234388226738117,7.068345309732067,Transient_Shock
9.792632408789359e-05,0.0003026904887519777,0.0009784362591744866,0.009895773041450253,0.017398002435681452,0.03127996577962461,0.0458984375,0.090087890625,0.145751953125,15.0,2.0,2.0,6.2327436141965435,10.246383767117154,9.723172994361004,Transient_Shock
8.017598520382307e-05,0.0001710050528345164,0.0006616082391701639,0.008954104377536767,0.013076890029151288,0.02572174642535308,0.04150390625,0.068603515625,0.12060546875,15.0,31.0,8.0,6.3891955606427056,9.595579199174011,7.309631048654672,Transient_Shock
7.524783359258436e-05,0.00014775407908018678,0.0004378888952487614,0.008674550915902468,0.01215541357092332,0.020925794972921852,0.0498046875,0.05859375,0.117919921875,15.0,31.0,8.0,7.68627528261908,9.440150234812167,7.353375187558079,Transient_Shock
7.726356489001773e-05,0.00013936169852968305,0.0005109191079100128,0.008789969561381753,0.011805155591083204,0.02260351981241003,0.045654296875,0.07275390625,0.120849609375,15.0,31.0,8.0,7.125100496028116,9.333790213622729,6.965511459591936,Transient_Shock
6.492422835435718e-05,0.00016867891827132553,0.0005875639617443085,0.008057557220048592,0.012987644831582266,0.024239718681212215,0.04150390625,0.066162109375,0.113037109375,31.0,31.0,8.0,5.279658285811701,9.426146023025431,6.706910215836282,Transient_Shock
0.00018105149138136767,0.0001734371435304638,0.0005867261461389717,0.01345553757310973,0.013169553657222548,0.024222430640606068,0.10986328125,0.07275390625,0.127197265625,21.0,31.0,8.0,4.59987553216868,8.866977966331225,6.635614257580358,Transient_Shock
8.038058513193391e-05,0.000148687217006227,0.0005982329566904809,0.008965522022277003,0.012193736794200005,0.024458801211230303,0.0419921875,0.062744140625,0.1240234375,31.0,31.0,8.0,4.9266352517066085,9.874180238471268,6.851569782596691,Transient_Shock
6.74491748213768e-05,0.00014015263514011167,0.0005675591783074196,0.008212744658235564,0.011838607821028267,0.023823500546884785,0.039306640625,0.06103515625,0.11376953125,31.0,31.0,31.0,5.164773047779638,10.82299745945668,7.977726622894176,Transient_Shock
7.146509233280085e-05,0.00014134749289951287,0.000548004489246523,0.008453702877011993,0.01188896517361847,0.023409495706796485,0.043212890625,0.060791015625,0.112060546875,14.0,31.0,8.0,6.554573516600333,11.334724506501237,8.265878411729775,Transient_Shock
5.41760673513636e-05,0.00016176336430362426,0.0005681661277776584,0.007360439344995895,0.012718622736115112,0.02383623560417329,0.0361328125,0.064697265625,0.117431640625,31.0,31.0,31.0,7.661474944442363,11.513243900468765,7.382252503147443,Transient_Shock
4.812736005987972e-05,0.00013563047104980797,0.0005103383700770792,0.0069373885619791915,0.011646049589874155,0.02259066997849066,0.03271484375,0.070068359375,0.119140625,31.0,31.0,8.0,6.052917094159652,10.497766334278765,7.617169095525428,Transient_Shock
8.294708095490932e-05,0.00018050468861474656,0.0006430153116525616,0.009107528806153144,0.013435203333583997,0.02535774658073074,0.0458984375,0.074951171875,0.130859375,14.0,31.0,8.0,7.5173572034301515,9.654435523821931,7.09770932600829,Transient_Shock
0.00013171598766348325,0.00013203161870478652,0.0004936454351991415,0.011476758586965365,0.011490501238187416,0.022218133026857625,0.0458984375,0.05712890625,0.104736328125,14.0,31.0,31.0,12.349994246346478,10.291375161565723,7.230380140791898,Transient_Shock
0.0001653378967603203,0.00012895071631646715,0.0004880474298261106,0.012858378465433357,0.01135564689114923,0.022091795531964137,0.054931640625,0.052734375,0.1015625,14.0,31.0,31.0,13.554884275822571,11.195790872457927,7.242120616661875,Transient_Shock
0.00016871571642695926,0.0001534138536953833,0.0005686901859007776,0.012989061414396317,0.01238603462353401,0.023847225958185947,0.053466796875,0.06982421875,0.114013671875,14.0,31.0,8.0,13.497774124298314,9.441468804891889,6.839521013033266,Transient_Shock
0.00019800104200839996,0.00017722489064908586,0.0005671731050824746,0.014071284305577796,0.013312583920827912,0.023815396387263318,0.079833984375,0.06201171875,0.11181640625,14.0,31.0,8.0,9.608599656126913,11.181951505618244,7.857263561111551,Transient_Shock
0.0001952657476067543,0.00017111608394770883,0.000484712185425451,0.013973752094793807,0.013081134658266798,0.02201618008250866,0.0595703125,0.059326171875,0.109619140625,14.0,31.0,8.0,14.691361944302136,11.38680336523106,7.898390067331727,Transient_Shock
0.00018657556211110204,0.0001296200462093111,0.0005222395375312772,0.013659266529030835,0.011385079982560997,0.02285256085280766,0.057861328125,0.056396484375,0.100830078125,14.0,31.0,8.0,16.294808905925557,11.887646721442957,8.174325539932811,Transient_Shock
0.0001791295944713056,0.0001405361072102096,0.0004299124084354844,0.013383930456756924,0.011854792584023121,0.02073432922559793,0.058837890625,0.0615234375,0.095458984375,14.0,31.0,8.0,16.992660350972322,11.475563978970037,8.374262939376699,Transient_Shock
0.00015706160047557205,0.0001410075019521173,0.0004514403954090085,0.012532421971653046,0.011874657972005648,0.021247126756552485,0.05517578125,0.052978515625,0.101806640625,14.0,31.0,8.0,10.612662664511515,9.54721755933057,8.095218460760693,Transient_Shock
6.7942568421131e-05,0.00016636574582662433,0.0005278282187646255,0.008242728214682988,0.012898284607909082,0.022974512372727858,0.04150390625,0.055908203125,0.098388671875,31.0,31.0,8.0,5.198566504988322,10.311020937944354,7.69026393065593,Transient_Shock
5.6591899920022115e-05,0.00014332489809021354,0.000423625111579895,0.007522758797144975,0.011971837707311837,0.020582155173350894,0.041748046875,0.053955078125,0.0947265625,31.0,31.0,8.0,5.3229155027366115,10.366638251731569,7.8532343830672335,Transient_Shock
6.777570524718612e-05,0.00014590493810828775,0.0004314756370149553,0.008232600151057146,0.012079111644002953,0.020771991647768284,0.048828125,0.058349609375,0.095703125,14.0,31.0,8.0,5.28839165827872,11.338341702937123,8.373001455124102,Transient_Shock
0.00011336151510477066,0.0001791723152564373,0.0005412240861915052,0.010647136474412764,0.013385526334680951,0.023264223309440297,0.053955078125,0.07177734375,0.10107421875,14.0,31.0,8.0,8.754365792352978,9.298172077900583,8.106578047179612,Transient_Shock
6.456766277551651e-05,0.0001678700755292084,0.000502794049680233,0.008035400598322183,0.012956468482160114,0.022423069586482422,0.036376953125,0.071044921875,0.091552734375,14.0,31.0,8.0,5.295014788991938,8.980191058917214,9.607267207239609,Transient_Shock
7.810984607203864e-05,0.00029792448913212866,0.000744374468922615,0.008837977487640408,0.017260489249500684,0.027283226878846555,0.05224609375,0.08447265625,0.158447265625,8.0,31.0,8.0,5.4318659188503915,6.160829455745567,6.820006064550652,Transient_Shock
9.370132102048956e-05,0.00021291022130753845,0.0009837047982728109,0.00967994426742683,0.014591443427829148,0.03136406858608766,0.052978515625,0.06787109375,0.15771484375,6.0,31.0,3.0,4.261805921469958,5.7655900495206085,6.467769550687609,Transient_Shock
0.0003025104488187935,0.00016394535487052053,0.0005861330864718184,0.01739282751075263,0.012804114763251715,0.024210185593502135,0.20947265625,0.05810546875,0.1240234375,12.0,31.0,8.0,3.0360152632274846,8.380519206761996,8.264880224612073,Transient_Shock
8.832980165607296e-05,0.00014425479093915783,0.00044865888412459753,0.009398393567843015,0.0120106115972151,0.021181569444321105,0.0654296875,0.056640625,0.104248046875,31.0,31.0,8.0,3.6274842651861894,7.936296640117333,8.964191272636008,Transient_Shock
4.656301098293625e-05,0.00015440686547663063,0.0004374696727609262,0.0068237094738079415,0.012426055909926955,0.02091577569111235,0.03271484375,0.05712890625,0.096435546875,31.0,31.0,8.0,5.308056118162967,9.80160741718429,8.865188445567439,Transient_Shock
4.80580456496682e-05,0.00014992928117862903,0.0004584209527820349,0.006932391048524903,0.012244561289757547,0.021410767216100288,0.037353515625,0.05615234375,0.103759765625,31.0,31.0,8.0,7.134093833853651,10.727311468143338,9.121138245231114,Transient_Shock
7.38274393370375e-05,0.00015750684178783558,0.0005072506464784965,0.008592289528236203,0.01255017297840295,0.022522225611126812,0.042236328125,0.05908203125,0.101806640625,31.0,31.0,8.0,4.9948092702527465,8.796563039545095,8.4337499409245,Transient_Shock
7.733679376542568e-05,0.0001397028099745512,0.00047384737990796566,0.008794134054324262,0.011819594323603124,0.021768035738393247,0.046142578125,0.056396484375,0.1015625,14.0,31.0,8.0,7.6945783592354395,9.336016818444405,9.537481255844298,Transient_Shock
5.90947711316403e-05,0.00016827706349431537,0.000570575924939476,0.007687312347735085,0.012972164950166004,0.023886731148055316,0.037353515625,0.060302734375,0.106201171875,31.0,31.0,8.0,5.274232388418077,10.960161277499466,8.469912135039111,Transient_Shock
4.570098462863825e-05,0.00012940441956743598,0.0004950932780047879,0.006760250337719621,0.011375606338452292,0.022250691629807553,0.03369140625,0.051513671875,0.10546875,31.0,31.0,8.0,6.161122303497961,9.605924336363273,7.412753208831814,Transient_Shock
6.452476009144448e-05,0.0001435561825928744,0.0005950850900262594,0.008032730550158176,0.011981493337346326,0.024394365948436934,0.0419921875,0.057861328125,0.12646484375,31.0,31.0,8.0,5.947178109320656,10.234358883807097,7.766691329222778,Transient_Shock
7.418449968099594e-05,0.00011774379527196288,0.0005453812445921358,0.008613042417229579,0.010850981304562407,0.02335339899441055,0.04248046875,0.05615234375,0.09765625,15.0,31.0,8.0,6.7994313289643635,9.828270541348257,8.01657821086641,Transient_Shock
7.003018617979251e-05,0.00012431645518518053,0.00048773729940876365,0.00836840404018547,0.011149728928775826,0.022084775285448652,0.04345703125,0.0546875,0.111328125,31.0,31.0,8.0,6.14511215057085,10.965317143413252,8.81938174747687,Transient_Shock
0.00021271773948683403,0.00015162698400672525,0.0005003166406822857,0.014584846227740422,0.012313690917297107,0.02236775895529737,0.142578125,0.07421875,0.111083984375,15.0,31.0,8.0,4.347302454955437,10.723238833059337,7.902505545984297,Transient_Shock
8.875669664121233e-05,0.00015003105727373622,0.0005241565486358013,0.00942107725481605,0.012248716556184008,0.022894465458616876,0.046875,0.06494140625,0.111328125,15.0,31.0,8.0,7.445442659520059,11.316302697842913,7.633977671481337,Transient_Shock
8.103850632323883e-05,0.00014069582903175615,0.00048159336438402534,0.009002138985998763,0.011861527263879477,0.021945235573673512,0.042236328125,0.060546875,0.10205078125,15.0,31.0,31.0,7.334339978581275,12.727726107596819,8.45680518120486,Transient_Shock
0.00018348602679907344,0.00018637672474142164,0.0005304349724610802,0.013545701414067617,0.013651986109772514,0.023031173927116268,0.1279296875,0.072509765625,0.1103515625,15.0,31.0,8.0,4.943862920367076,12.69981081215941,8.383441312974439,Transient_Shock
6.979901445447467e-05,0.00014194167670211755,0.000538917080120882,0.008354580447543412,0.01191392784526235,0.023214587657782813,0.041748046875,0.056884765625,0.10791015625,15.0,31.0,8.0,7.2042038570136775,12.276116604247758,8.73333301778271,Transient_Shock
6.533419582410716e-05,0.00013294942618813366,0.0004751464439323172,0.008082957121258727,0.011530369733366474,0.02179785411301574,0.036376953125,0.060791015625,0.111083984375,15.0,31.0,8.0,6.696825514650715,10.837916838077065,7.098747514990163,Transient_Shock
8.463287667836994e-05,0.00016471161507070065,0.0004950964212184772,0.00919961285480916,0.012834002301336113,0.022250762261515383,0.04541015625,0.0615234375,0.1005859375,15.0,31.0,8.0,6.614085205259664,11.461638076226722,7.307288749047797,Transient_Shock
7.470427954103798e-05,0.0001608310267329216,0.0005219942977419123,0.008643163746050285,0.012681917312966584,0.022847194526722802,0.042724609375,0.063232421875,0.10498046875,15.0,31.0,8.0,5.830504844401728,13.181615950550585,7.633800112709293,Transient_Shock
6.543914787471294e-05,0.0001391383666486945,0.00048236373913823627,0.008089446697686619,0.011795692715932138,0.021962780769707563,0.04150390625,0.05810546875,0.106689453125,15.0,31.0,8.0,6.805480971429025,10.92360591461836,8.852185263636851,Transient_Shock
5.250865069683641e-05,0.00012641987632378004,0.0004397000557219144,0.007246285303301024,0.011243659383127009,0.020969026103324743,0.038330078125,0.055419921875,0.095458984375,31.0,31.0,8.0,6.353424180634606,12.015863181328715,8.523205743206514,Transient_Shock
6.06877583777532e-05,0.0001751344789227005,0.0004942137165926397,0.007790234808897175,0.013233838404737323,0.022230918033060165,0.032958984375,0.06201171875,0.10205078125,31.0,31.0,8.0,7.343300190784021,11.3584070845805,8.394364087171468,Transient_Shock
6.644060704275034e-05,0.00015229429118335247,0.0005566258332692087,0.008151110785822405,0.012340757318064093,0.02359291913412176,0.045654296875,0.057373046875,0.109619140625,15.0,31.0,8.0,7.837202216000448,10.998392787200528,8.42954254316367,Transient_Shock
5.694763603969477e-05,0.00014917520093149506,0.0005185345908103045,0.007546365750458612,0.01221373001713625,0.022771354610789066,0.038818359375,0.061279296875,0.10791015625,31.0,31.0,8.0,8.034476479149546,11.477622857861478,7.506992502539236,Transient_Shock
7.119853034964763e-05,0.00015907431952655315,0.0005197053214942571,0.008437922158306962,0.012612466829552145,0.022797046332677772,0.05126953125,0.061767578125,0.112060546875,31.0,31.0,31.0,6.639906044342454,11.342379779059744,8.449569668275476,Transient_Shock
6.033480167388916e-05,0.00014904607087373734,0.0005570127941609826,0.007767547983365739,0.012208442606398955,0.02360111849385496,0.0380859375,0.060791015625,0.124755859375,15.0,31.0,31.0,6.808046201431329,12.528520177456208,8.07654054614734,Transient_Shock
5.389976649894379e-05,0.00015626655658707023,0.0005475018369907048,0.007341646034708006,0.012500662245940021,0.02339875716765112,0.033203125,0.0654296875,0.1064453125,31.0,31.0,31.0,6.803944543665254,10.846501831651914,7.544954027123363,Transient_Shock
4.711746805696748e-05,0.00011233700206503272,0.0004484115488594398,0.006864216492577101,0.010598915136231289,0.021175730184799763,0.03955078125,0.0537109375,0.09326171875,31.0,31.0,8.0,6.613207596810642,12.41094930449026,8.479647767730995,Transient_Shock
6.125675281509757e-05,0.00013328512068255804,0.00041101028909906745,0.007826669330890221,0.01154491752601802,0.02027338869303964,0.037109375,0.060546875,0.098388671875,15.0,31.0,8.0,6.209638169051137,10.727002516056428,7.941190863148748,Transient_Shock
7.345963604166172e-05,0.00014059809836908244,0.0004666778513637837,0.008570859702600535,0.01185740689902655,0.021602727868576775,0.046142578125,0.0546875,0.1064453125,15.0,31.0,8.0,7.689494963089855,12.95640994175418,7.447406797164958,Transient_Shock
6.792180647607893e-05,0.00015654819071642123,0.0005515430202649441,0.008241468708675592,0.012511921943347522,0.023484953060735378,0.040283203125,0.068359375,0.11181640625,31.0,31.0,31.0,6.174256010989664,11.80107581126755,7.784731818736097,Transient_Shock
5.93267468502745e-05,0.000130755241116276,0.0004757130518555641,0.007702385789498894,0.011434825801745999,0.021810847114579573,0.039794921875,0.06005859375,0.106689453125,31.0,31.0,8.0,6.411920443696289,11.082107094774743,8.253719811950141,Transient_Shock
3.833317896351218e-05,0.00012831159619963728,0.00042332051089033484,0.006191379407168663,0.011327470865097703,0.020574754212148803,0.03515625,0.05419921875,0.10009765625,31.0,31.0,8.0,6.270124746028492,11.29825134648736,8.22739544065446,Transient_Shock
4.526282646111213e-05,0.00012909062206745148,0.000519287623319542,0.006727765339331636,0.011361805405280073,0.02278788325666827,0.03662109375,0.06005859375,0.10595703125,31.0,31.0,8.0,6.888481711884158,10.831117362366633,8.61142902161118,Transient_Shock
4.7911060391925275e-05,0.0001578293740749359,0.0004665841697715223,0.00692178159088578,0.012563016121733503,0.021600559478206167,0.035400390625,0.063720703125,0.095458984375,31.0,31.0,8.0,6.976509939550889,12.522755220650277,8.140971148809259,Transient_Shock
5.4956821259111166e-05,0.00014984767403802834,0.0005228152112977114,0.007413286805399557,0.012241228452979232,0.02286515277223643,0.0341796875,0.0556640625,0.10302734375,31.0,31.0,31.0,8.222486160856754,12.213696422084391,7.968513464871915,Transient_Shock
4.201904812362045e-05,0.00014728877795278095,0.0005174863617867231,0.0064822101264630765,0.01213625881203845,0.02274832657112877,0.03173828125,0.052490234375,0.106201171875,31.0,31.0,31.0,6.128772830943527,12.326234690640925,8.05840989216516,Transient_Shock
4.787015132023953e-05,0.0001481158979004249,0.0005197835234866943,0.006918825862835365,0.012170287502784184,0.02279876144633068,0.0322265625,0.069580078125,0.109619140625,31.0,31.0,8.0,7.812261232535841,11.601477903447162,8.19158945426393,Transient_Shock
4.094180985703133e-05,0.00011291075497865677,0.0004573856385832187,0.00639857873726903,0.01062594725088812,0.021386576130442637,0.034912109375,0.056640625,0.099365234375,31.0,31.0,8.0,5.751964076685688,11.153282181191562,8.455219669692905,Transient_Shock
3.4505370422266424e-05,0.00011836998965009116,0.00040941679617390037,0.005874127205148559,0.010879797316590561,0.02023405041443508,0.03662109375,0.068115234375,0.10498046875,31.0,31.0,8.0,6.7310621702154325,10.181732183227119,7.902717036713523,Transient_Shock
3.666526390588842e-05,0.00011285464279353619,0.0005112039762025233,0.006055184877928041,0.01062330658474734,0.022609820348744997,0.02880859375,0.056884765625,0.10693359375,31.0,31.0,31.0,6.717467874995394,10.996778327575566,7.112787346815773,Transient_Shock
6.20052705926355e-05,0.00012917537242174149,0.000540408247616142,0.007874342549866338,0.01136553440986131,0.023246682507750263,0.041748046875,0.068359375,0.10498046875,31.0,31.0,8.0,5.154896152927032,11.335033206904832,8.013945914359153,Transient_Shock
4.102893581148237e-05,9.545288048684597e-05,0.00044887413969263434,0.0064053833461770555,0.009769999001373847,0.021186650034694828,0.028564453125,0.055419921875,0.09814453125,31.0,31.0,8.0,6.4518354388694235,10.272968077199787,8.754954297828958,Transient_Shock
4.163043558946811e-05,0.00010658701648935676,0.0005135748069733381,0.006452165186157908,0.010324098822142141,0.022662188927227177,0.030029296875,0.06201171875,0.111572265625,31.0,31.0,31.0,6.85711540775352,9.95794586615527,7.339840846045823,Transient_Shock
7.517909398302436e-05,0.00011555053060874343,0.0005170591175556183,0.008670587868364195,0.010749443269711386,0.022738933958205216,0.040283203125,0.060791015625,0.0986328125,25.0,31.0,8.0,7.967142617517031,11.5410055743475,7.9805355257141635,Transient_Shock
6.490517625934444e-05,0.00010154998381040059,0.0004493060987442732,0.008056374883242737,0.010077201189338268,0.021196841716262193,0.038330078125,0.0498046875,0.0986328125,25.0,31.0,8.0,6.2393499111205015,11.33936902387,8.51544734609745,Transient_Shock
5.598826101049781e-05,9.962613694369793e-05,0.0005137430125614628,0.007482530388210783,0.00998128934275016,0.02266589977392168,0.036376953125,0.052001953125,0.107421875,31.0,31.0,31.0,5.368623442645712,9.50490928971664,7.850915720020145,Transient_Shock
4.724674727185629e-05,0.00013940221106167883,0.0004973746254108846,0.006873626937203989,0.01180687134941678,0.022301897350021246,0.034912109375,0.074462890625,0.11376953125,31.0,31.0,8.0,5.569412408208452,8.766497245608067,6.6508064849125255,Transient_Shock
4.554771294351667e-05,0.00011964008081122302,0.00047077302224352024,0.0067489045735968645,0.010938010825155688,0.021697304492575113,0.03271484375,0.058349609375,0.09228515625,31.0,31.0,31.0,6.636852761247236,10.48306613568376,8.08455734741294,Transient_Shock
5.6483258958905935e-05,0.00010655991718522273,0.0005717215208278503,0.007515534509195333,0.010322786309191076,0.023910698877863238,0.03564453125,0.0419921875,0.105712890625,31.0,31.0,31.0,7.273057235744158,10.907718251413952,8.965351304207935,Transient_Shock
4.647945752367377e-05,0.000132676384964725,0.0004642908133973833,0.006817584434656733,0.011518523558370014,0.021547408507692597,0.03662109375,0.059814453125,0.10009765625,31.0,31.0,8.0,5.907312146343864,11.854925937272837,8.478856747709948,Transient_Shock
4.6640270738862455e-05,0.00011831381925730966,0.0004776082932949066,0.006829368253276613,0.010877215602226042,0.02185425114925942,0.0322265625,0.06005859375,0.109130859375,31.0,31.0,8.0,6.562650476850922,10.905602677099566,8.48599273601561,Transient_Shock
4.9933791160583496e-05,0.00012682027590926737,0.0005633214859699365,0.007066384589065578,0.011261450879405699,0.023734394577699606,0.032958984375,0.060546875,0.103515625,31.0,31.0,31.0,6.08736069710252,11.074158532011166,8.297989031825825,Transient_Shock
4.8801939556142315e-05,0.00011838272621389478,0.0006110867107054219,0.006985838500576886,0.010880382631777928,0.024720168096220987,0.029541015625,0.05859375,0.118896484375,31.0,31.0,31.0,7.591123900602135,10.435440251528993,7.957952860357409,Transient_Shock
4.0986211388371885e-05,0.00012161704580648802,0.0005217186371737625,0.00640204743721662,0.011028011870073772,0.022841161029460884,0.03125,0.064697265625,0.111328125,31.0,31.0,31.0,6.848056808231027,9.923233695521622,7.468054377014109,Transient_Shock
4.5900174882262945e-05,0.00014054808707442135,0.0004973682662239298,0.006774966780897376,0.01185529784840606,0.02230175477902871,0.0322265625,0.06640625,0.104736328125,31.0,31.0,8.0,6.042972846284546,10.674932113029328,7.987896995432588,Transient_Shock
4.5561217120848596e-05,0.00010238726099487394,0.0005713674327125773,0.006749904971245788,0.010118659051221853,0.023903293344486598,0.029541015625,0.052734375,0.10498046875,31.0,31.0,8.0,5.339320679319378,9.57332140203654,7.648931313052386,Transient_Shock
5.15230349265039e-05,0.00013738473353441805,0.0006715135968988761,0.0071779547871593545,0.011721123390461259,0.025913579391872443,0.037353515625,0.0595703125,0.119384765625,31.0,31.0,31.0,7.67522995227079,11.043765795361594,8.200500944444716,Transient_Shock
5.1416773203527555e-05,0.00012471381342038512,0.0005652955696859863,0.007170549016883404,0.011167533900570221,0.023775945190170386,0.0341796875,0.053955078125,0.114990234375,31.0,31.0,31.0,6.5042752393487815,11.59054342614046,7.911967853869965,Transient_Shock
6.703320832457393e-05,0.00013618817320093513,0.0005368352540244814,0.008187381041857887,0.011669968860324141,0.023169705523041966,0.044189453125,0.056396484375,0.111083984375,31.0,31.0,31.0,6.732347748540448,11.854814056649099,8.063310135386219,Transient_Shock
5.544998202822171e-05,0.0001267697662115097,0.0005106873832119163,0.007446474469722011,0.011259208063248042,0.022598393376784914,0.03369140625,0.058837890625,0.1044921875,31.0,31.0,31.0,6.620740931362348,11.946639094098458,9.052180289103296,Transient_Shock
4.498124690144323e-05,0.00010907480827881955,0.000547861880477285,0.006706806013404833,0.010443888561202649,0.0234064495487309,0.037841796875,0.056884765625,0.10888671875,31.0,31.0,8.0,7.643625557882972,10.693160140508745,7.762843865561792,Transient_Shock
4.425126826390624e-05,0.00012259205323061906,0.0004864055517828092,0.006652162675694743,0.011072129570711275,0.022054603868190633,0.02978515625,0.057861328125,0.10009765625,31.0,31.0,8.0,6.351534427070192,10.406683467357515,7.6354587973555486,Transient_Shock
5.2920480811735615e-05,0.00011831314986920916,0.0005421995847427752,0.007274646438950529,0.01087718483198705,0.023285179508493705,0.035400390625,0.05859375,0.119873046875,31.0,31.0,31.0,5.269122149265026,10.56913087923188,7.71985313681387,Transient_Shock
5.266614243737422e-05,0.00012843613149016164,0.0005135443607287016,0.0072571442342959,0.011332966579416072,0.02266151717623296,0.03271484375,0.060302734375,0.101318359375,31.0,31.0,8.0,7.533143104091561,10.06587557697547,7.645902409038499,Transient_Shock
4.3521635234355927e-05,0.00010356759594287723,0.00044008693657815456,0.006597092938132366,0.010176816591787298,0.02097824913042446,0.0361328125,0.0537109375,0.09716796875,31.0,31.0,31.0,5.972782906109465,10.29344910733587,8.011202954046372,Transient_Shock
4.920301944366656e-05,0.00012901559239253402,0.000525737865245901,0.007014486399136188,0.011358503087666703,0.022928974360967413,0.0322265625,0.0634765625,0.09130859375,31.0,31.0,31.0,7.4293053861577025,12.751733541805127,8.308736291810185,Transient_Shock
0.17401375729878055,0.029491514429537347,0.03383152848982718,0.4171495622660781,0.17173093614587137,0.18393348931020467,3.99993896484375,2.216552734375,1.962890625,18.0,19.0,46.0,1.7543685109031735,2.4544034745301615,1.6960469693354836,Transient_Shock
0.08880610801497824,0.011912221347301966,0.03244217281098827,0.29800353691689335,0.10914312322497449,0.18011710860156585,2.51220703125,1.10791015625,1.517822265625,43.0,32.0,3.0,2.964883569998907,3.600640555247619,4.94671109250326,Transient_Shock
0.0013648990679939743,0.0004377653240226209,0.004630995856132358,0.0369445404355498,0.020922842159291383,0.06805142067681143,0.22412109375,0.10595703125,0.263671875,18.0,2.0,2.0,4.252034224481792,6.965821037350198,13.031628235496147,Transient_Shock
0.00021601590196951292,0.00015164276919676922,0.0006860763496661093,0.014697479442731427,0.01231433186156558,0.026193059188764287,0.074462890625,0.06787109375,0.129638671875,18.0,31.0,8.0,3.67409493474449,6.6836588310480485,5.632862203516679,Transient_Shock
0.3434590353344902,0.12446743343025446,0.062296418924233876,0.5860537819470925,0.35279942379524154,0.24959250574533257,3.99993896484375,3.131591796875,3.15576171875,15.0,26.0,45.0,3.2854581568101633,4.033859069250919,2.124148970223306,Transient_Shock
0.024457830786559498,0.005198992086661747,0.004791794330230914,0.15638999580075286,0.07210403654901539,0.0692227876514007,1.33447265625,0.72607421875,0.304931640625,18.0,37.0,2.0,2.695145067136544,2.9193571653224364,7.798132835791602,Transient_Shock
0.0015873884403845295,0.00037043256452307105,0.0020164826419204473,0.03984204362710991,0.019246624756644244,0.044905262964606354,0.18994140625,0.10888671875,0.20263671875,6.0,6.0,3.0,6.082010417905096,5.978056379301679,7.917050350362764,Transient_Shock
0.0002674920833669603,0.00012284385957173072,0.00039147486677393317,0.016355185213471606,0.01108349491684508,0.01978572381223222,0.077392578125,0.05078125,0.09375,14.0,30.0,30.0,4.277394734909095,8.18185345651687,6.677883457702111,Transient_Shock
0.41870897183162015,0.19003819903809926,0.08413516356085893,0.6470772533721303,0.43593370945374166,0.29006062049312886,3.99993896484375,3.951904296875,3.546875,21.0,25.0,21.0,2.6843920654897335,4.604331720957254,2.211283966393654,Transient_Shock
0.0021485088946064934,0.00041115650310530327,0.002327950147446245,0.04635201068569187,0.02027699442977936,0.048248835710784206,0.29736328125,0.10009765625,0.252197265625,14.0,2.0,2.0,4.8981298554653385,5.166581042718715,10.98532526400468,Transient_Shock
0.00043505284702405334,0.0001470413408242166,0.0005998034284857567,0.020857920486569443,0.012126060399990451,0.024490884599902812,0.111083984375,0.072509765625,0.12646484375,6.0,29.0,7.0,4.7107061525058285,4.71374074406774,5.407079033690284,Transient_Shock
0.00014903557894285768,0.00010577254215604626,0.00039179069790407084,0.012208012899028968,0.010284577879332056,0.019793703491364896,0.07177734375,0.051025390625,0.0888671875,14.0,29.0,7.0,5.04345323613769,5.8333620656579654,7.254002221192902,Transient_Shock
0.00011075843576691113,8.382409578189254e-05,0.00035690379081643187,0.010524183377674067,0.009155549998874591,0.01889189749115826,0.06005859375,0.0517578125,0.09228515625,14.0,29.0,29.0,5.876385144275133,6.883591311314457,7.0570671096484,Transient_Shock
5.761439388152212e-05,0.00011491098848637193,0.00040316533704753965,0.007590414605377108,0.010719654308156207,0.02007897749008997,0.03759765625,0.057861328125,0.103759765625,29.0,29.0,29.0,5.018458757820652,9.037329692642018,7.469901990779436,Transient_Shock
5.274266004562378e-05,9.336390940006822e-05,0.0004010127995570656,0.00726241420229002,0.009662500163004822,0.02002530398163947,0.035400390625,0.048583984375,0.09521484375,29.0,29.0,7.0,5.1489133758018415,8.524105774137288,7.808586025998209,Transient_Shock
9.398653855896555e-05,7.813403135514818e-05,0.0003734821075340733,0.00969466546916218,0.008839345640665274,0.019325685176315825,0.048583984375,0.044189453125,0.0888671875,14.0,29.0,7.0,9.444918531138065,8.42991681073127,7.135465241252429,Transient_Shock
0.00013949732237961143,9.075653724721633e-05,0.00041396633241674863,0.011810898457763975,0.009526622551944437,0.02034616259683257,0.0634765625,0.052734375,0.0966796875,14.0,29.0,29.0,10.484955960814585,7.98912244374396,7.021627108475629,Transient_Shock
0.00014801317229284905,8.581237852922641e-05,0.0005023343801440205,0.012166066426452267,0.009263497100405787,0.02241281731831187,0.069091796875,0.050537109375,0.113037109375,14.0,29.0,29.0,9.124982703889723,7.1630017667654275,6.763024613942794,Transient_Shock
0.0001569020350871142,0.00010960310100927018,0.0008251846265920904,0.01252605425052575,0.010469149965936593,0.028726026989336524,0.057861328125,0.0537109375,0.137939453125,14.0,29.0,3.0,10.102111712865728,7.664576298598855,7.0118657788351815,Transient_Shock
0.00013262579159345478,7.275264579220675e-05,0.0005507211753865704,0.011516327174644474,0.008529516152291802,0.023467449273122342,0.050537109375,0.04345703125,0.119140625,14.0,29.0,7.0,12.270419893560547,7.758235765710406,6.932372136473423,Transient_Shock
0.00014219421063899063,7.19160852895584e-05,0.000383367165341042,0.011924521400835785,0.008480335210919341,0.019579764179913965,0.050048828125,0.05322265625,0.098388671875,14.0,29.0,7.0,14.481622064577108,7.720596545778718,8.01546883121965,Transient_Shock
0.00011257201185799204,7.13673907739576e-05,0.0004046761750942096,0.01060999584627591,0.00844792227556324,0.02011656469415714,0.052490234375,0.044677734375,0.1025390625,14.0,29.0,7.0,12.69860209994022,7.838390949365617,7.769294949592374,Transient_Shock
0.00015808838361408561,8.947726746555418e-05,0.0004154620546614751,0.012573320309849964,0.009459242436133783,0.02038288631821988,0.07080078125,0.05908203125,0.105712890625,14.0,29.0,29.0,10.91345121921705,7.442158824138288,7.801794127254673,Transient_Shock
6.742629921063781e-05,0.00010987446512444876,0.00043563730650930665,0.008211351850373836,0.010482102132895327,0.02087192627692295,0.0419921875,0.056396484375,0.112548828125,14.0,29.0,29.0,6.94181471912478,8.922755044551062,6.65255372300134,Transient_Shock
4.39557152276393e-05,9.909786967909895e-05,0.00044531455205287784,0.006629910650049464,0.00995479129259368,0.021102477391360425,0.03369140625,0.056884765625,0.106201171875,29.0,29.0,29.0,4.55238941538016,9.526694264205027,7.4174092018491065,Transient_Shock
5.9843980125151575e-05,9.527837028144859e-05,0.0003551701083779335,0.0077358890972629366,0.009761063993307726,0.018845957348405877,0.044921875,0.04833984375,0.083740234375,15.0,29.0,7.0,3.6789247715220745,6.968449345327079,6.4150424856060715,Transient_Shock
6.869790013297461e-05,8.816329864202999e-05,0.00031908508390188217,0.00828841964025559,0.009389531332395137,0.017862952832661295,0.0458984375,0.053466796875,0.08154296875,14.0,29.0,7.0,5.877295832127319,8.046362675340115,7.406031366690944,Transient_Shock
5.711345875170082e-05,9.614635200705379e-05,0.00039398297667503357,0.007557344689221262,0.009805424621455911,0.01984900442528626,0.036865234375,0.058837890625,0.09619140625,14.0,29.0,7.0,6.106097515659483,7.683506149064049,6.922261958135226,Transient_Shock
4.4787124352296814e-05,9.915255577652715e-05,0.0003582949248084333,0.00669231830924806,0.009957537636209423,0.018928679954197367,0.0341796875,0.052001953125,0.08251953125,29.0,29.0,7.0,4.51838967090881,7.342786042804875,7.087563970983399,Transient_Shock
3.1607094570063055e-05,8.115279706544243e-05,0.00033209359025931917,0.005622018727295655,0.009008484726381149,0.018223435193709205,0.028564453125,0.05078125,0.08837890625,7.0,29.0,7.0,3.4587221268213284,7.307865295156062,7.243358984894137,Transient_Shock
4.717228875961155e-05,9.477754065301269e-05,0.00043347684186301194,0.006868208555337523,0.009735375732503224,0.020820106672709723,0.03466796875,0.048583984375,0.093505859375,29.0,29.0,7.0,3.49536397316353,6.301419228451009,6.466311049452943,Transient_Shock
4.8052505007945e-05,9.3076829216443e-05,0.00042869430035352707,0.006931991417186334,0.009647633347948242,0.02070493420307167,0.037109375,0.05078125,0.103271484375,7.0,29.0,7.0,4.3147128241569375,6.885375246220827,6.290165140266481,Transient_Shock
3.8454363675555214e-05,8.291727863252163e-05,0.00039517680124845356,0.006201158252742403,0.009105892522565903,0.019879054334863457,0.03125,0.054931640625,0.081787109375,29.0,29.0,7.0,5.150338332844531,7.472735458906251,6.404824475228127,Transient_Shock
4.3374355300329626e-05,0.00011484449714771472,0.000475892851682147,0.006585920991048225,0.010716552484251393,0.02181496852351951,0.0322265625,0.052490234375,0.10498046875,29.0,29.0,7.0,4.608909503640856,6.4141373746341594,6.237446776424159,Transient_Shock
5.342658550944179e-05,0.00010532367741689086,0.0003918910188076552,0.00730934918508083,0.010262732453732333,0.01979623749119148,0.044677734375,0.05859375,0.107421875,30.0,30.0,7.0,3.9631868124371064,5.862551377035021,5.289796459896234,Transient_Shock
7.53684107621666e-05,0.00013709303675568663,0.00041787451118580066,0.008681498186497915,0.011708673569439308,0.020441979140626298,0.039794921875,0.06494140625,0.09912109375,30.0,30.0,7.0,4.9045665508558,7.703802682813655,6.192491963331449,Transient_Shock
6.924903937033378e-05,0.00013579694496002048,0.0005022250115871429,0.008321600769703733,0.011653194624652094,0.022410377319160492,0.041015625,0.060302734375,0.10888671875,14.0,30.0,30.0,6.150200122908122,9.159055035285425,6.369507796122362,Transient_Shock
5.076439992990345e-05,0.00012649116979446262,0.0005094515508972108,0.007124914029650003,0.011246829321833893,0.022571033447700416,0.03759765625,0.054931640625,0.10888671875,30.0,30.0,30.0,7.044851894876538,8.58861800865063,6.814526237164369,Transient_Shock
5.256384611129761e-05,9.438229244551621e-05,0.00041585019789636135,0.0072500928346675405,0.009715054937853733,0.020392405397509174,0.03759765625,0.0517578125,0.0908203125,30.0,30.0,30.0,4.797577051607897,8.259886276015177,6.4113637524134575,Transient_Shock
7.738725980743766e-05,0.00010190332250203937,0.00039498775367974304,0.008797002887770224,0.010094717554346896,0.01987429882234196,0.04541015625,0.0615234375,0.0888671875,15.0,30.0,7.0,6.011183608318919,8.013609006084353,5.769405079085253,Transient_Shock
8.788282502791844e-05,0.00011241068932577036,0.00047336250645457767,0.009374583992258987,0.010602390736327839,0.02175689560701567,0.05615234375,0.05078125,0.10107421875,15.0,30.0,7.0,6.273969478135557,5.883919078423785,5.5881882133455605,Transient_Shock
0.00011217317296541296,0.0001684267153905239,0.0006405651765817311,0.01059118373768546,0.012977931861068,0.025309389099338827,0.056884765625,0.074462890625,0.133544921875,15.0,30.0,7.0,6.23342173604252,6.378955461122732,4.456861322520363,Transient_Shock
7.864866347517818e-05,8.974410593509674e-05,0.00036642990016844124,0.008868408170307577,0.009473336578792962,0.019142358793221938,0.040771484375,0.05419921875,0.10009765625,15.0,30.0,7.0,7.1447916994352285,6.213445878015928,6.127615441287633,Transient_Shock
6.450386354117654e-05,0.00010373550685471855,0.00038324633715092205,0.00803142973206991,0.01018506292836321,0.019576678399333275,0.038330078125,0.05322265625,0.0966796875,15.0,30.0,7.0,6.8419860463742666,6.025699126704126,6.376229319785142,Transient_Shock
4.75996894238051e-05,9.552104165777564e-05,0.0003768907299672719,0.006899252816342151,0.009773486668419599,0.019413673788525238,0.033447265625,0.046875,0.09814453125,15.0,30.0,7.0,5.178993284762994,6.010612228039488,6.430895087292472,Transient_Shock
4.121791789657436e-05,9.71436056715902e-05,0.00038702134042978287,0.006420118215155727,0.009856145578855367,0.019672857962934182,0.034423828125,0.0537109375,0.085205078125,30.0,29.0,7.0,4.148983241946228,6.3774735570016805,6.0701132674076215,Transient_Shock
3.6579425795935094e-05,0.00011267534864600748,0.00038961090831435286,0.00604809274035502,0.010614864513784784,0.01973856398815154,0.02880859375,0.057373046875,0.090576171875,7.0,30.0,7.0,4.875667925872003,5.889271625266785,6.382727489242601,Transient_Shock
5.855579729541205e-05,0.00011133587395306677,0.00037622032323270105,0.007652175984346678,0.010551581585386466,0.019396399749249886,0.037109375,0.05224609375,0.093994140625,25.0,29.0,7.0,7.11581246036409,7.24443839713661,6.433665474731148,Transient_Shock
4.017332321382128e-05,8.642399552627467e-05,0.0003220093058189377,0.006338242912181678,0.0092964506950919,0.017944617739560177,0.031982421875,0.0478515625,0.084228515625,25.0,29.0,7.0,4.899863843226369,6.074477638492757,6.937100693215006,Transient_Shock
4.828066084883176e-05,9.475596016272902e-05,0.0003271533496445045,0.006948428660411773,0.009734267315146478,0.018087380950389264,0.037109375,0.0537109375,0.09130859375,30.0,29.0,7.0,3.8920987979414634,6.210233209023861,6.975721993860072,Transient_Shock
7.138543514884077e-05,0.00010269129415974021,0.0003537200936989393,0.00844899018515472,0.010133671307070316,0.01880744782523507,0.049560546875,0.052001953125,0.090087890625,15.0,29.0,7.0,5.507346914951014,6.5992205502897825,6.932685299165261,Transient_Shock
7.573678158223629e-05,0.00010821045361808501,0.00040424009421258233,0.008702688181374551,0.010402425371906545,0.020105722921909132,0.048828125,0.05224609375,0.09423828125,15.0,30.0,7.0,6.953171076487155,6.3814546169124045,6.802979288485818,Transient_Shock
7.76029446569737e-05,0.00012704957043752074,0.0003942917646782007,0.00880925335411428,0.011271626787536959,0.019856781327249405,0.045166015625,0.056884765625,0.090087890625,15.0,30.0,7.0,8.367490505928393,6.690607211723236,6.742774233204378,Transient_Shock
8.364210589206778e-05,9.961844989447854e-05,0.00035787826345767826,0.009145605824223335,0.009980904262364134,0.018917670666804574,0.041748046875,0.052978515625,0.0908203125,15.0,29.0,7.0,8.357362953672027,5.624440619573622,6.251621070158719,Transient_Shock
8.292027268907987e-05,0.00011360127246007323,0.0004129847511649132,0.00910605692322862,0.010658389768631715,0.02032202625637791,0.040771484375,0.053466796875,0.094482421875,15.0,30.0,7.0,9.247775956530363,6.6265225258740745,6.226743783651418,Transient_Shock
8.170446017174982e-05,9.443890303373337e-05,0.00039989128345041536,0.009039051950937654,0.009717968050664366,0.019997281901558906,0.0419921875,0.054443359375,0.100830078125,15.0,29.0,7.0,8.053645392291594,6.276709100981113,6.193708124787955,Transient_Shock
6.301741450442933e-05,8.308409815072082e-05,0.000362343605956994,0.007938350868060023,0.00911504789623844,0.019035325212798285,0.0390625,0.052978515625,0.08935546875,15.0,30.0,7.0,6.788701136321883,6.301641926171095,6.9696036898161315,Transient_Shock
3.8902959204278886e-05,9.068002691492438e-05,0.0004347425274318084,0.006237223677589164,0.009522606098906138,0.02085048026861272,0.029541015625,0.057861328125,0.095703125,29.0,30.0,7.0,4.205537067963366,5.49273153833116,6.017637711490635,Transient_Shock
3.899954026564956e-05,0.00010549550643190742,0.00043980212649330497,0.006244961190083534,0.010271100546285555,0.020971459808351564,0.033203125,0.052490234375,0.11279296875,29.0,29.0,7.0,5.8091489737723965,5.96750847641075,6.3722715360724145,Transient_Shock
8.007604628801346e-05,9.599042459740303e-05,0.0003951431717723608,0.008948522016959753,0.009797470316229748,0.019878208464858216,0.041259765625,0.04833984375,0.092529296875,15.0,30.0,7.0,5.124748418834163,5.562168333177019,7.172819652906564,Transient_Shock
7.418844325002283e-05,0.00010447398744872771,0.0004139931406825781,0.008613271344270005,0.010221251755471426,0.02034682139014785,0.04736328125,0.059814453125,0.101318359375,14.0,29.0,7.0,5.656371783686098,6.919271464647696,5.839362996238829,Transient_Shock
4.028849070891738e-05,6.561583359143697e-05,0.0003394968807697296,0.006347321538170048,0.00810036009023284,0.0184254411282262,0.02880859375,0.04296875,0.078369140625,14.0,30.0,7.0,5.049061823742945,5.467282837847192,6.683239777156252,Transient_Shock
3.9163496694527566e-05,0.00010362077955505811,0.0003945189200749155,0.006258074519732692,0.010179429235230141,0.01986250034801549,0.030029296875,0.055908203125,0.09130859375,29.0,29.0,7.0,4.6524880047371235,7.395324993236147,5.9715330389861085,Transient_Shock
6.16822944721207e-05,7.561128586530685e-05,0.0003722463588928804,0.007853807641655141,0.008695475022407162,0.019293687021740568,0.0419921875,0.05029296875,0.093017578125,14.0,29.0,7.0,8.95453949253729,6.410616538542792,6.939792231312743,Transient_Shock
0.00012469829744077288,9.682442760095e-05,0.00040469619852956384,0.011166839187557636,0.009839940426697207,0.020117062373258273,0.05419921875,0.0615234375,0.09228515625,14.0,29.0,7.0,13.865053343327258,6.5828346451247715,7.000365250467574,Transient_Shock
0.000144195684697479,8.788727791397832e-05,0.0003469313960522413,0.012008150760940629,0.009374821487045944,0.01862609449273361,0.05224609375,0.048828125,0.093505859375,14.0,29.0,7.0,14.985851078377317,7.484614040195795,7.3862727613520756,Transient_Shock
0.00014805563478148542,8.652136602904648e-05,0.00034191066151834093,0.012167811421183573,0.009301686192784967,0.01849082641523469,0.0478515625,0.05859375,0.089599609375,14.0,29.0,7.0,14.18662586429726,6.872223145314045,6.8676097987459475,Transient_Shock
0.00014221399032976478,7.348960207309574e-05,0.00035665923496708274,0.011925350742421155,0.00857260765888045,0.01888542387575886,0.052490234375,0.053955078125,0.08203125,14.0,29.0,7.0,15.92404326850663,5.592130682725831,7.322877442374778,Transient_Shock
0.000157712052896386,9.430093632545322e-05,0.00035476358243613504,0.012558345945879418,0.009710866919356543,0.01883516876579913,0.0556640625,0.05322265625,0.092041015625,14.0,29.0,7.0,15.15471724800596,5.097954535692145,6.885530927905984,Transient_Shock
0.0001435220146959182,6.12830299360212e-05,0.0003545525105437264,0.011980067391125903,0.007828347842043122,0.018829564799636937,0.05517578125,0.0439453125,0.0927734375,14.0,29.0,7.0,14.31851126265452,5.897299957457675,6.709856644781881,Transient_Shock
0.0001463061198592186,9.31141221371945e-05,0.0004431856759765651,0.012095706670518205,0.009649565904080582,0.021051975583696772,0.054931640625,0.059326171875,0.098876953125,14.0,29.0,29.0,13.537601554282462,7.1384483313184,6.419473767159581,Transient_Shock
0.00012185543528175913,0.00010251719504594803,0.0003931567625841126,0.011038814940099282,0.010125077532836379,0.01982818102056042,0.049072265625,0.054443359375,0.1005859375,14.0,29.0,7.0,9.854258700685332,6.542384415444628,6.461820914158776,Transient_Shock
9.89841646514833e-05,6.700720041408204e-05,0.00035899411886930466,0.009949078583038898,0.008185792595349704,0.018947140123757585,0.051513671875,0.046875,0.099853515625,14.0,29.0,7.0,10.56673280519479,6.184158921942368,6.198087240177075,Transient_Shock
6.120599209680222e-05,8.726201122044586e-05,0.00040364031156059355,0.007823425854240725,0.009341413769898315,0.02009080166545361,0.036376953125,0.05615234375,0.09765625,14.0,29.0,7.0,5.300253976284413,6.788110783628865,7.074324356209238,Transient_Shock
7.28004342818167e-05,8.719424658920616e-05,0.0004136199095228221,0.008532317052349655,0.009337785957560078,0.0203376475906832,0.041015625,0.05419921875,0.104248046875,14.0,29.0,29.0,6.0795037572388475,7.336814566107077,6.7834462325551845,Transient_Shock
0.00010761473095044494,9.414084706804715e-05,0.0004579439373628702,0.01037375201893919,0.009702620628884093,0.021399624701449092,0.046142578125,0.055908203125,0.097900390625,14.0,29.0,7.0,8.525667196073558,7.553453006439518,6.826521595756871,Transient_Shock
6.258126450120471e-05,0.00012396549209370278,0.0005030820284446236,0.007910832099166605,0.011133979167112841,0.022429490151241144,0.039306640625,0.0546875,0.100830078125,29.0,29.0,29.0,4.873863728034876,8.26323381182359,7.338133006243914,Transient_Shock
5.170841177459806e-05,0.00010357048813602887,0.0003748943236132618,0.007190856122507115,0.010176958687939578,0.019362187986208115,0.036376953125,0.0556640625,0.08935546875,29.0,29.0,7.0,4.86240055974896,8.041248545587244,6.788044722229834,Transient_Shock
5.162949673831463e-05,0.00010705087333917618,0.00042321992441429757,0.00718536684785924,0.010346539196232534,0.020572309651915546,0.03955078125,0.053955078125,0.096923828125,12.0,29.0,7.0,3.9129036349237643,7.0101646047481445,6.793972299747533,Transient_Shock
4.45671466877684e-05,0.00010071763244923204,0.000427843213401502,0.00667586299198601,0.010035817477875533,0.020684371235343415,0.03173828125,0.05615234375,0.095458984375,29.0,29.0,29.0,5.021144234523328,7.781383305604347,6.478497049145463,Transient_Shock
4.558713044389151e-05,0.00010354412006563507,0.00041124323252006434,0.0067518242308202536,0.010175663126579764,0.02027913293314249,0.033447265625,0.055908203125,0.091796875,29.0,29.0,7.0,4.2215289126582505,6.318499675830721,6.591385248204074,Transient_Shock
4.136614370509051e-05,0.0001111704004870262,0.00040177959817810915,0.006431651708938421,0.010543737500859275,0.02004444058032324,0.03125,0.05419921875,0.091796875,29.0,29.0,7.0,5.254228621123448,7.762110944302029,7.0549317201929735,Transient_Shock
3.412830119486898e-05,0.00011070246910094284,0.00042227037192787975,0.00584194327213719,0.01052152408641176,0.020549218280213964,0.0283203125,0.05419921875,0.093017578125,29.0,29.0,7.0,4.561686791216916,6.088102783292365,6.984253969252708,Transient_Shock
4.9697686336003244e-05,9.462049638386816e-05,0.0003600174095481634,0.0070496585971239235,0.009727306738448632,0.018974124737340677,0.038330078125,0.05908203125,0.08837890625,7.0,29.0,7.0,3.550265969118335,5.6844325658393595,6.673629434076417,Transient_Shock
8.632124809082597e-05,8.697621524333954e-05,0.00039002402627374977,0.00929092288692711,0.009326103969147006,0.019749025957594712,0.047607421875,0.053955078125,0.09326171875,14.0,30.0,7.0,7.714422951959867,5.701168028544794,6.136757063982787,Transient_Shock
5.267933011054993e-05,8.854714906192385e-05,0.00048236978182103485,0.007258052776781795,0.009409949471805035,0.021962918335709278,0.035400390625,0.056640625,0.10302734375,29.0,29.0,7.0,3.9951160514294597,5.97676752167566,6.110563299757239,Transient_Shock
3.778878817684017e-05,8.612646706751548e-05,0.0004155401220486965,0.006147258590366943,0.009280434637855895,0.020384801251145338,0.031494140625,0.051513671875,0.09814453125,29.0,29.0,7.0,5.027230353842989,6.6649047668081645,6.841291267680131,Transient_Shock
5.801030420116149e-05,9.538173617329448e-05,0.0004032186698168516,0.007616449579768876,0.009766357364611152,0.020080305521003698,0.037109375,0.053955078125,0.08935546875,14.0,29.0,7.0,3.978457405915431,6.3259298764001155,5.986564477815508,Transient_Shock
7.830149479559623e-05,6.28530360700097e-05,0.00031535641392110847,0.00884881318571006,0.0079279906704038,0.01775827733540358,0.0458984375,0.039306640625,0.09130859375,15.0,29.0,7.0,6.907361118020226,5.742883664476825,6.7014087097546335,Transient_Shock
8.818128480925225e-05,0.00010622000263538212,0.0004009848598798271,0.009390489061239156,0.010306308875411318,0.020024606360171657,0.03857421875,0.054443359375,0.097900390625,15.0,29.0,7.0,7.1449265060648965,6.357506630682022,6.414014370891908,Transient_Shock
8.994816744234413e-05,0.00011204718612134457,0.0004659108817577362,0.009484100771414448,0.010585234344186461,0.02158496888479889,0.0458984375,0.06005859375,0.0986328125,15.0,30.0,7.0,7.094219521067517,6.620330753443505,6.315087037178821,Transient_Shock
8.384114698856138e-05,0.00011689378879964352,0.0004153728332312312,0.009156481146628401,0.010811743097190366,0.02038069756488308,0.046142578125,0.060791015625,0.088623046875,15.0,30.0,7.0,6.2939797011324545,5.450227028283739,6.315682085280839,Transient_Shock
6.490942541859113e-05,8.316569437738508e-05,0.00036114215617999434,0.008056638593023217,0.009119522705568811,0.019003740583895434,0.03955078125,0.055419921875,0.087158203125,15.0,29.0,7.0,7.0585221671990785,6.3514484979085,6.4256635661288595,Transient_Shock
5.3521649533649907e-05,8.665065979585052e-05,0.00038149474130477756,0.007315849201128322,0.009308633615942273,0.01953189036690452,0.037353515625,0.0537109375,0.085693359375,15.0,29.0,7.0,4.556985147276604,6.745738172424506,6.865343166032817,Transient_Shock
4.121800520806573e-05,9.004459934658371e-05,0.000328035148413619,0.006420125014987304,0.009489183281325307,0.01811174062351874,0.03564453125,0.04833984375,0.09423828125,29.0,29.0,7.0,4.162533263693528,6.929915966680233,7.502848861315956,Transient_Shock
3.918724542018026e-05,7.75296903157141e-05,0.00033352128230035305,0.006259971678864071,0.008805094565972253,0.01826256505259743,0.031982421875,0.046630859375,0.0859375,7.0,29.0,7.0,4.019610505792103,7.408753022379839,6.7390344139450855,Transient_Shock
5.750449781771749e-05,0.00011291828923276626,0.0003708580043166876,0.0075831720155695725,0.010626301766502129,0.01925767390721651,0.03857421875,0.05712890625,0.092041015625,25.0,29.0,7.0,8.674141334570296,6.704322178742739,6.906570792495752,Transient_Shock
3.438349813222885e-05,9.118858724832535e-05,0.00039950473001226783,0.00586374437814515,0.009549271555900237,0.019987614415238948,0.02880859375,0.052734375,0.0966796875,29.0,29.0,7.0,4.5500419008228645,7.229401724706588,7.426261902095611,Transient_Shock
3.56313212250825e-05,7.098581409081817e-05,0.0003621256291808095,0.005969197703635096,0.00842530795228389,0.019029598765628493,0.0283203125,0.04248046875,0.0888671875,29.0,29.0,7.0,4.318241603263142,6.713626045738526,6.921791847029337,Transient_Shock
3.71421774616465e-05,0.0001079465109796729,0.0004282891604816541,0.00609443824003874,0.010389731035001478,0.02069514823531482,0.028564453125,0.05615234375,0.104248046875,29.0,29.0,7.0,4.2508326143025466,5.928641456666403,6.1329812358795275,Transient_Shock
3.6877576349070296e-05,9.715085616335273e-05,0.0003975148683821317,0.006072691030265766,0.00985651338777322,0.01993777491050924,0.029296875,0.05029296875,0.102783203125,29.0,29.0,7.0,4.974367900520211,7.489399696785292,6.952090086779839,Transient_Shock
3.515485150273889e-05,8.95301200216636e-05,0.00033942344816750847,0.005929152679998963,0.009462035722912042,0.018423448324553917,0.030029296875,0.048828125,0.0869140625,7.0,29.0,7.0,4.011038034532082,6.626050614549192,6.331670073033467,Transient_Shock
3.697979263961315e-05,8.58134008012712e-05,0.0003440023720031604,0.006081101268653002,0.009263552277677889,0.018547300935800887,0.032958984375,0.049072265625,0.083984375,32.0,29.0,7.0,3.9878726475106774,6.1390495337775075,7.110041671681397,Transient_Shock
3.073521293117665e-05,0.00010350251977797598,0.00037706152943428606,0.005543934787781747,0.010173618814265453,0.019418072237848073,0.02734375,0.052734375,0.093505859375,30.0,30.0,7.0,3.5844095367092423,5.804727743897987,6.965437078212623,Transient_Shock
2.5469602405792102e-05,7.130368612706661e-05,0.00034816929837688804,0.005046741761353765,0.00844415100096313,0.018659295227228923,0.02294921875,0.04638671875,0.1044921875,29.0,29.0,7.0,4.914666147301159,5.665035922335984,6.628143252190738,Transient_Shock
3.7928457459202036e-05,0.00011766363968490623,0.00037990970304235816,0.006158608402813255,0.01084728720394672,0.019491272483918493,0.02978515625,0.04833984375,0.098388671875,29.0,29.0,7.0,4.833452845272556,6.726502565290847,6.02089392307298,Transient_Shock
3.8697151467204094e-05,0.00011511669436004013,0.00035783988641924225,0.006220703454369457,0.010729244817788442,0.018916656322385365,0.03369140625,0.058837890625,0.089599609375,29.0,29.0,7.0,4.98419072874863,7.7987827762044715,6.484619007550022,Transient_Shock
3.4159307688241825e-05,9.030100409290753e-05,0.0003705637063831091,0.00584459645212925,0.00950268404677897,0.01925003133460071,0.03271484375,0.04443359375,0.087646484375,30.0,29.0,7.0,4.747997060022476,7.429851170417083,7.217580424823943,Transient_Shock
3.589130938053131e-05,0.00010012229540734552,0.000351273800333729,0.005990935601434162,0.01000611290198874,0.018742299761067983,0.0283203125,0.0595703125,0.0859375,7.0,29.0,7.0,3.909072784123207,6.962973958712845,6.955190432492293,Transient_Shock
3.300135722383857e-05,9.404378943145275e-05,0.00035653006852953695,0.0057446807764956415,0.009697617719391333,0.018882003827177266,0.02685546875,0.051025390625,0.086669921875,7.0,29.0,7.0,4.220263495597942,6.3779465101927775,7.358570015599587,Transient_Shock
3.665728945634328e-05,0.00010672594362404197,0.0003705871640704572,0.006054526361024723,0.010330824924663178,0.019250640614547277,0.029541015625,0.052490234375,0.087646484375,7.0,29.0,7.0,3.9244151420940554,5.706149973683769,6.400407203675744,Transient_Shock
7.951786028570496e-05,4.9869759095599875e-05,0.00011613672540988773,0.008917278748906807,0.007061852384155298,0.01077667506283305,0.041748046875,0.05615234375,0.095947265625,14.0,32.0,3.0,8.501441142676617,4.2148043096407175,4.611998074301926,Transient_Shock
2.991099245264195e-05,5.609984145849012e-05,6.72797868901398e-05,0.00546909429911772,0.007489982740867306,0.008202425671113381,0.0302734375,0.035400390625,0.037841796875,15.0,35.0,3.0,5.493615675269998,6.538003054239742,11.075259907761195,Transient_Shock
2.5507062673568726e-05,3.1911473342916e-05,7.612499393871985e-05,0.005050451729654361,0.005649024105358022,0.008724963835954844,0.021484375,0.0263671875,0.042236328125,3.0,40.0,3.0,4.4601527988986245,5.390017537347964,9.555508737613449,Transient_Shock
4.164254278293811e-05,3.207102417945862e-05,8.174692266038619e-05,0.006453103345130783,0.005663128479865049,0.009041400481141524,0.029541015625,0.02783203125,0.04150390625,15.0,29.0,4.0,5.113033394364268,4.16763267848514,7.478954349661579,Transient_Shock
7.100471702869982e-05,4.612185512087308e-05,5.2475686970865354e-05,0.008426429672684619,0.006791307320455546,0.007244010420400108,0.03466796875,0.03759765625,0.03515625,14.0,32.0,4.0,12.770203907658459,9.734820019748865,8.157441375453539,Transient_Shock
3.512092735036276e-05,7.095466935425065e-05,5.302741192281246e-05,0.005926291196892266,0.00842345946474788,0.007281992304501047,0.02783203125,0.03466796875,0.035888671875,14.0,34.0,4.0,8.027373356081265,11.071685524223476,6.631045007660362,Transient_Shock
2.1122770704096183e-05,8.934930883697234e-05,6.830912025179714e-05,0.004595951555890922,0.009452476333584356,0.008264933166807651,0.026123046875,0.038330078125,0.0400390625,25.0,36.0,5.0,4.314614022827289,13.167004243940937,4.985616086990702,Transient_Shock
2.501616472727619e-05,7.009267574176192e-05,6.433803355321288e-05,0.005001616211513653,0.008372136868312768,0.008021099273367267,0.021728515625,0.03564453125,0.03955078125,12.0,38.0,5.0,4.2791162992116725,12.869957906990953,5.4163092125388435,Transient_Shock
1.56987807713449e-05,4.6960951294749975e-05,7.598608499392867e-05,0.003962168695467786,0.00685280608909591,0.008716999770215018,0.02099609375,0.028076171875,0.038818359375,5.0,40.0,5.0,3.657944497121157,8.90650694489758,8.842078333429555,Transient_Shock
1.5594763681292534e-05,3.0417562811635435e-05,9.416519606020302e-05,0.003949020597729586,0.005515211946211626,0.009703875311451761,0.019287109375,0.027587890625,0.04248046875,5.0,41.0,5.0,4.37617443849965,5.9126518630577385,7.990697923360866,Transient_Shock
1.600930409040302e-05,3.362022107467055e-05,9.140430120169185e-05,0.004001162842275108,0.005798294669527459,0.009560559669898612,0.02685546875,0.02685546875,0.053466796875,5.0,43.0,5.0,3.6989412312062044,7.2384519367777145,7.016295439575524,Transient_Shock
1.578693263581954e-05,2.6547684683464468e-05,9.816273450269364e-05,0.003973277316752449,0.005152444534729556,0.009907710860874656,0.02490234375,0.028076171875,0.047607421875,5.0,44.0,6.0,3.8421660464346545,7.460789030361897,4.9355409090329205,Transient_Shock
4.248137338436209e-05,2.991336805280298e-05,0.0001197119963762816,0.006517773652433942,0.005469311478861209,0.010941297746441305,0.03369140625,0.026123046875,0.052490234375,15.0,45.0,6.0,3.962535097539055,4.776563078577554,5.771736767589768,Transient_Shock
5.49068208783865e-05,3.237252531107515e-05,0.00012543326010927558,0.007409913688997093,0.0056896858710367435,0.011199699107979445,0.039794921875,0.0263671875,0.052978515625,14.0,35.0,6.0,8.470840539393839,4.879111232066849,8.049509496094846,Transient_Shock
3.6234614526620135e-05,3.377172106411308e-05,0.00017964500875677913,0.006019519459775849,0.005811344170165202,0.013403171593200586,0.029541015625,0.027099609375,0.07666015625,14.0,47.0,6.0,6.521944722729872,4.419741746062931,7.3226548110761085,Transient_Shock
2.595016485429369e-05,3.371800994500518e-05,0.00016216571384575218,0.0050941304316137895,0.0058067211010177835,0.012734430252105989,0.026611328125,0.02783203125,0.052001953125,6.0,33.0,6.0,4.504274476335494,4.362135513430513,8.419832713701537,Transient_Shock
5.031608452554792e-05,4.166434518992901e-05,0.00017460150411352515,0.007093383150905351,0.006454792420359388,0.013213686242435347,0.03662109375,0.037841796875,0.071533203125,15.0,37.0,6.0,5.129363289264061,4.8985508805346285,7.422196179944527,Transient_Shock
7.013831054791808e-05,4.737352719530463e-05,0.00017421050870325416,0.008374861822616424,0.006882842958785608,0.013198882858153344,0.03564453125,0.03857421875,0.06640625,15.0,37.0,6.0,8.746947318370106,3.9100161900590225,7.305443712478023,Transient_Shock
7.215327059384435e-05,4.192205597064458e-05,0.00017235049745067954,0.00849430812920301,0.006474724393412014,0.01312823283807381,0.03955078125,0.036376953125,0.07763671875,15.0,38.0,6.0,9.104530212704818,4.77020856471216,7.148627895597281,Transient_Shock
7.781792373862118e-05,3.782832936849445e-05,0.00018565623031463474,0.008821446805293402,0.006150473914138198,0.013625572660062209,0.0390625,0.032958984375,0.0654296875,15.0,33.0,6.0,9.28182511268267,5.000024376594836,6.263600616726973,Transient_Shock
7.023682337603532e-05,3.993336213170551e-05,0.00018158269813284278,0.008380741218772676,0.006319284938322176,0.013475262451352952,0.04150390625,0.043212890625,0.062744140625,15.0,39.0,6.0,7.797018993122464,4.3142888433479225,6.46251364517292,Transient_Shock
7.310158980544657e-05,6.564921568497084e-05,0.0002125390419678297,0.008549946772082652,0.008102420359680855,0.014578718804059212,0.043212890625,0.046630859375,0.0712890625,15.0,39.0,7.0,8.489773076164184,5.174946590231253,5.194254303565455,Transient_Shock
6.984871288295835e-05,4.167566294199787e-05,0.00019735231762751937,0.00835755424050352,0.006455669054559556,0.014048214036934353,0.036865234375,0.0341796875,0.070556640625,15.0,26.0,7.0,8.531293146007178,3.585662861547319,5.826987204179323,Transient_Shock
6.693577961414121e-05,7.65050899644848e-05,0.0002732225948420819,0.008181428946959156,0.008746718811330613,0.016529446295689455,0.035400390625,0.064697265625,0.096923828125,15.0,33.0,7.0,9.476078946418381,5.951937866012798,5.454238435845259,Transient_Shock
6.313249468803406e-05,4.662746505346149e-05,0.00022570788496523164,0.007945595930327318,0.006828430643527215,0.015023577635344773,0.037109375,0.043212890625,0.07666015625,15.0,27.0,7.0,8.91594469287213,5.524033107543437,6.88339847509952,Transient_Shock
7.922123404568993e-05,4.936171171721071e-05,0.0002517841894587036,0.0089006311037864,0.0070257890458802355,0.01586770901733151,0.04638671875,0.039306640625,0.0888671875,15.0,27.0,7.0,7.100876555775951,5.429810375133196,6.923267054667863,Transient_Shock
7.655840818188153e-05,3.931272294721566e-05,0.00029860369613743387,0.008749766178697665,0.00626998588094229,0.017280153244037907,0.041259765625,0.034423828125,0.102294921875,15.0,34.0,27.0,9.290741674895074,5.96273002953662,7.448793203012672,Transient_Shock
7.749917858745903e-05,6.825464879511856e-05,0.00030772060563322157,0.008803361777608543,0.008261637174018148,0.017541966983015946,0.036865234375,0.051025390625,0.097900390625,15.0,27.0,27.0,7.112686984544751,7.350824080878567,7.226839918328891,Transient_Shock
0.00010592059334157966,4.450854248716496e-05,0.00022708438336849213,0.010291773090268734,0.006671472287821104,0.015069319273560174,0.042724609375,0.03564453125,0.078857421875,15.0,27.0,7.0,8.94724021776939,5.134341772968504,7.761676695531506,Transient_Shock
8.72876844368875e-05,5.26155017723795e-05,0.0002511162165319547,0.009342787830026298,0.007253654373650532,0.015846646854522715,0.0419921875,0.045166015625,0.0859375,15.0,27.0,7.0,8.947605191103381,5.0167446968890435,7.570530747947987,Transient_Shock
6.801396011724137e-05,5.146403782418929e-05,0.00028523927539936267,0.008247057664236461,0.0071738440061231675,0.016889028255034765,0.036376953125,0.044189453125,0.085693359375,15.0,34.0,7.0,11.107913090825793,4.508241346625053,7.84207440038703,Transient_Shock
8.3876759163104e-05,3.269105218350887e-05,0.00033570709274499677,0.009158425583205008,0.005717608956855031,0.018322311337410375,0.04296875,0.03466796875,0.09033203125,15.0,27.0,7.0,10.058872440387947,3.998351913360695,7.22426202238287,Transient_Shock
7.978634675964713e-05,5.188547947909683e-05,0.00032637497861287557,0.00893232034578066,0.0072031576047659005,0.01806585117321837,0.04541015625,0.05224609375,0.096435546875,15.0,27.0,7.0,8.942130203040454,4.441665188486978,6.8771401362029,Transient_Shock
6.501603638753295e-05,5.2676794439321384e-05,0.0003177853322995361,0.008063252221500512,0.007257878094823678,0.01782653450055664,0.0400390625,0.045654296875,0.090576171875,15.0,34.0,7.0,8.811188455083569,5.361712954827484,7.660964396075216,Transient_Shock
4.1061488445848227e-05,4.851756602874957e-05,0.00026762200286611915,0.006407923879529799,0.00696545519178392,0.016359156545070384,0.03466796875,0.04541015625,0.0771484375,15.0,27.0,7.0,4.829042038220861,3.931305094674544,7.823673500645552,Transient_Shock
3.019761061295867e-05,5.5307464208453894e-05,0.0002637229481479153,0.005495235264568631,0.007436898830053686,0.016239548889914256,0.0283203125,0.0537109375,0.08349609375,7.0,27.0,7.0,3.6400548060372584,4.202628126062249,8.33508999140312,Transient_Shock
6.52568087389227e-05,4.844082286581397e-05,0.0002611058844195213,0.008078168650066839,0.006959944171170769,0.016158771129622492,0.040771484375,0.041015625,0.092529296875,15.0,27.0,7.0,4.580208685556422,4.772354033427535,7.1248664584212404,Transient_Shock
0.00011664512567222118,6.706068234052509e-05,0.0003002511184604373,0.01080023729703293,0.008189058696854302,0.017327755724860543,0.06201171875,0.046630859375,0.10205078125,21.0,27.0,7.0,4.939542661454108,4.175112205125723,7.044977060486897,Transient_Shock
5.155554026714526e-05,6.38989731669426e-05,0.00027796403446700424,0.007180218678225982,0.007993683329163259,0.016672253430985395,0.034423828125,0.046875,0.084228515625,14.0,27.0,7.0,4.351486526018181,4.127183935433239,8.053296451830422,Transient_Shock
3.705682684085332e-05,6.0184825997566804e-05,0.0002518199871701654,0.006087431875664262,0.007757887985629001,0.015868836982279623,0.0322265625,0.05419921875,0.08984375,7.0,28.0,7.0,4.1316631148468534,4.399252989709829,8.12703383482785,Transient_Shock
8.431798778474331e-05,0.0001080781476048287,0.00031406827838509344,0.009182482659103871,0.010396064043897993,0.01772197162804109,0.05126953125,0.06982421875,0.094970703125,21.0,28.0,7.0,5.98706449351076,5.124464756904935,7.50438570038315,Transient_Shock
0.0001035644527291879,9.97455463220831e-05,0.0003353067695570644,0.010176662160511565,0.009987269212456582,0.018311383605753673,0.044677734375,0.060302734375,0.0859375,14.0,28.0,7.0,10.424109588217645,6.376177745782608,8.366569216246125,Transient_Shock
0.00015726658966741525,8.659602826810442e-05,0.000325654251355445,0.012540597659897046,0.009305698698545124,0.018045892922087425,0.0498046875,0.060302734375,0.1005859375,14.0,28.0,7.0,14.684925647183508,6.872780605658221,8.751852039361992,Transient_Shock
0.0001623078678676393,9.702924580778927e-05,0.00033935526153072715,0.012740010512854347,0.009850342420839453,0.018421597692131027,0.054931640625,0.06640625,0.088134765625,14.0,28.0,7.0,12.599251828598748,6.421441648457231,8.672272705335986,Transient_Shock
0.00013713619773625396,7.656541129108518e-05,0.00030200439505279064,0.011710516544382403,0.008750166357909156,0.017378273649957025,0.045166015625,0.052734375,0.090087890625,14.0,28.0,7.0,16.098325301392563,6.175595957473611,7.6779240267670845,Transient_Shock
0.0001589609164511785,7.412873310386203e-05,0.0002752867148956284,0.01260797035415211,0.008609804475356106,0.016591766479059075,0.05029296875,0.05810546875,0.0908203125,14.0,28.0,7.0,17.196742394325536,8.358471727020953,9.384862043778108,Transient_Shock
0.00015388312749564648,6.213992310222238e-05,0.0002564898313721642,0.012404963824842316,0.007882887992495034,0.01601529991514877,0.049072265625,0.049072265625,0.0869140625,14.0,28.0,7.0,17.129245396966436,8.337848680382768,10.193097350727603,Transient_Shock
0.00020552948990371078,8.107662142720073e-05,0.0002931336020992603,0.014336299728441464,0.009004255739771096,0.01712114488284181,0.065185546875,0.05322265625,0.0810546875,14.0,28.0,7.0,8.264144155710143,6.6028720191743355,9.519169451552473,Transient_Shock
0.0002589911309769377,0.00010898260734393261,0.00029771565459668636,0.016093201389932883,0.010439473518522504,0.017254438692599836,0.086669921875,0.05810546875,0.08544921875,14.0,28.0,7.0,6.4618925988808344,5.664162458747358,8.456723816299561,Transient_Shock
0.00013016967204748653,9.867964763543569e-05,0.0003868270396196749,0.011409192436254484,0.009933763014861775,0.019667919046499935,0.05029296875,0.0478515625,0.1171875,14.0,28.0,7.0,6.455613276907833,7.138380332632862,8.151357676316328,Transient_Shock
4.304829053580761e-05,7.8137731179595e-05,0.0003481813728285488,0.006561119609929971,0.00883955491976802,0.018659618775005795,0.030517578125,0.05517578125,0.08642578125,14.0,28.0,7.0,5.848233066857821,7.197199474582745,8.720029252606743,Transient_Shock
4.3494681449374184e-05,7.283232116606086e-05,0.00028393970569595695,0.006595049768528982,0.008534185442446213,0.016850510547041505,0.033935546875,0.05078125,0.0869140625,14.0,28.0,7.0,5.365297525723521,8.215800522071726,9.84687269799552,Transient_Shock
9.100936222239397e-05,7.274652307387441e-05,0.00029267608988448046,0.009539882715337436,0.008529157231161495,0.017107778636762883,0.044189453125,0.0458984375,0.092041015625,14.0,28.0,7.0,8.194602214239525,8.319308919197905,10.051393879939262,Transient_Shock
7.438973625539802e-05,7.288005144800991e-05,0.00033153261756524444,0.008624948478419915,0.008536981401409394,0.018208037169482175,0.04248046875,0.052978515625,0.09619140625,14.0,28.0,7.0,8.645700322939401,7.412160223218602,8.233733263801065,Transient_Shock
5.7217650464735925e-05,9.620707351132296e-05,0.0003499137092148885,0.007564234955680311,0.009808520454753764,0.01870598057346603,0.0390625,0.05615234375,0.0966796875,12.0,28.0,7.0,4.834586833023241,8.233702142658325,9.041521526776345,Transient_Shock
5.3694962844019756e-05,6.367462628986686e-05,0.00029745022766292095,0.007327684685084352,0.007979638230513139,0.01724674542233754,0.038818359375,0.052734375,0.0869140625,28.0,28.0,28.0,4.37032358489259,7.10554559926009,8.581525075223114,Transient_Shock
4.6600467612734064e-05,6.256805500015616e-05,0.00030575640266761184,0.006826453516485267,0.007909997155508728,0.017485891531964042,0.03515625,0.0576171875,0.08740234375,12.0,28.0,7.0,5.178224585167485,7.67569536275239,9.406548762952237,Transient_Shock
4.095792246516794e-05,5.5863463785499334e-05,0.000277063107205322,0.006399837690533092,0.0074741864965693315,0.01664521274136567,0.03076171875,0.04931640625,0.093994140625,12.0,28.0,7.0,6.564558625313452,6.636810990397789,9.160962416593556,Transient_Shock
3.578528048819862e-05,7.06263781466987e-05,0.00031307170502259396,0.005982079946657235,0.008403950151369218,0.01769383240065854,0.02880859375,0.04931640625,0.0908203125,7.0,28.0,7.0,4.711314882910207,7.750912531930687,10.011536589643557,Transient_Shock
3.083125557168387e-05,6.260816007852554e-05,0.00027200494878343306,0.005552589987715991,0.007912531837441512,0.016492572533823614,0.029052734375,0.047119140625,0.084716796875,28.0,28.0,7.0,4.546774170926519,6.715252868113715,9.503483036870366,Transient_Shock
3.699655644595623e-05,5.467602386488579e-05,0.00028791929071303457,0.006082479465313157,0.007394323759809669,0.016968184661684777,0.029541015625,0.0498046875,0.078369140625,42.0,28.0,7.0,3.5160393054801373,4.344800527201581,8.436898790021434,Transient_Shock
7.111672312021255e-05,7.877355892560445e-05,0.0003179395534971263,0.00843307317175729,0.008875446970468836,0.01783085958379815,0.04833984375,0.04833984375,0.09375,15.0,28.0,7.0,4.632198866611074,6.678747221422536,7.353255230065555,Transient_Shock
6.216495239641517e-05,5.6406890507787466e-05,0.00023257253633346409,0.00788447540400851,0.007510452084115008,0.015250329056563471,0.037109375,0.045166015625,0.0751953125,14.0,28.0,7.0,7.684432816131574,7.102828301735669,11.143434235341662,Transient_Shock
3.31123846990522e-05,6.288749864324927e-05,0.00023521366529166698,0.005754336164932685,0.007930163847188107,0.015336677126798587,0.0283203125,0.05419921875,0.077392578125,7.0,28.0,7.0,4.655492656046788,7.703529387885244,10.437757759676552,Transient_Shock
2.2414082195609808e-05,5.783088272437453e-05,0.0002662191654962953,0.00473435129617668,0.007604661907302292,0.016316223996265047,0.026123046875,0.0458984375,0.080322265625,7.0,28.0,7.0,5.702765023690256,8.05386523977409,10.547326842946177,Transient_Shock
2.7007798053091392e-05,6.925389971002005e-05,0.00024076060799416155,0.005196902736543315,0.008321892796114358,0.01551646248325183,0.032470703125,0.049072265625,0.075927734375,28.0,28.0,7.0,5.883789969183354,7.6795116690897,10.622655114871854,Transient_Shock
2.3665314074605703e-05,5.893018897040747e-05,0.0002526991556806024,0.004864700820667773,0.0076766000918640715,0.015896513947422638,0.02587890625,0.042236328125,0.078369140625,7.0,28.0,7.0,6.281063184029435,9.366866973928788,10.524291864428593,Transient_Shock
2.5809684302657843e-05,6.151845445856452e-05,0.00026816315948963165,0.005080323247851247,0.007843370095728271,0.016375688061563448,0.0244140625,0.049072265625,0.088134765625,7.0,28.0,7.0,4.99989923349494,7.4556640488517925,10.40309679633089,Transient_Shock
2.689892062335275e-05,7.216852100100368e-05,0.00029799737603752874,0.005186416934970881,0.008495205765665932,0.017262600500432393,0.0234375,0.050048828125,0.097412109375,28.0,28.0,7.0,6.384890795723072,8.813284443381416,10.81619825965244,Transient_Shock
2.7067362680099905e-05,7.28641425666865e-05,0.00029596630702144466,0.005202630361663214,0.008536049587876496,0.017203671323919343,0.02490234375,0.056640625,0.09521484375,7.0,28.0,7.0,4.250620652389295,8.311238919262513,10.919728149709995,Transient_Shock
2.428703010082245e-05,7.669348269701004e-05,0.0003189647104591131,0.004928187303747946,0.008757481527072154,0.017859583154685138,0.021240234375,0.05908203125,0.09375,28.0,28.0,7.0,5.71382327064069,8.965836691963716,10.404748056601491,Transient_Shock
2.7652698918245733e-05,8.031824472709559e-05,0.0002911214505729731,0.005258583356593839,0.008962044673348575,0.017062281517223103,0.0244140625,0.054443359375,0.081298828125,28.0,28.0,7.0,6.934769315822959,8.3790415425279,10.373130276830413,Transient_Shock
2.491171471774578e-05,5.554727977141738e-05,0.00023175007663667202,0.0049911636636906405,0.007453004747846158,0.015223339864716679,0.025634765625,0.048095703125,0.063720703125,7.0,28.0,7.0,7.116253954142418,8.69114282456546,10.72456967670263,Transient_Shock
2.4099597794702277e-05,7.898091280367225e-05,0.00028259213650017045,0.004909134118630523,0.008887120613768684,0.01681047698609919,0.02880859375,0.051513671875,0.0810546875,28.0,28.0,7.0,6.1218991834263745,7.676062164560559,10.034415769713299,Transient_Shock
2.7450674679130316e-05,8.556473767384887e-05,0.00029184366576373577,0.005239339145267303,0.009250120954552372,0.01708343249361017,0.027587890625,0.053466796875,0.07763671875,28.0,28.0,7.0,7.455665995945663,9.764885574811286,11.660628173111547,Transient_Shock
2.6512712793191895e-05,6.72209971526172e-05,0.0002865990245481953,0.005149049698069722,0.008198841207915739,0.016929235793389945,0.024658203125,0.051025390625,0.077880859375,28.0,28.0,7.0,6.8731912792942405,8.02765489380846,10.535119214455776,Transient_Shock
2.748645783867687e-05,6.153801223263144e-05,0.00036130897569819354,0.005242752887432028,0.007844616767735148,0.01900812920037618,0.026123046875,0.048583984375,0.105224609375,28.0,28.0,7.0,5.66625280049614,7.383376367590327,11.0202671146409,Transient_Shock
8.41442815726623e-05,6.994929572101682e-05,0.00033295739194727503,0.009173019217938132,0.008363569556177364,0.018247120100094563,0.04296875,0.051513671875,0.096923828125,15.0,28.0,7.0,8.0429362825968,7.754178254331641,9.25992527538872,Transient_Shock
0.00011496228034957312,8.12178332125768e-05,0.00036408076994121075,0.010722046462759482,0.009012093719695595,0.01908090065854363,0.04296875,0.052490234375,0.093017578125,15.0,28.0,7.0,11.813829561953789,8.649113319607846,8.867338561580688,Transient_Shock
0.00011299005927867256,7.433874634443782e-05,0.0003175292476953473,0.010629678230251025,0.008621992017187085,0.017819350372427926,0.04443359375,0.05517578125,0.085693359375,15.0,28.0,7.0,12.105103651882429,6.436297068513413,9.017205326070581,Transient_Shock
9.545625289320014e-05,6.563936767634004e-05,0.00031096223028725944,0.009770171589752154,0.008101812616713623,0.01763412119407314,0.0419921875,0.051513671875,0.0810546875,15.0,28.0,7.0,10.089512228024137,7.031512197148786,9.167468666724023,Transient_Shock
8.623260873719119e-05,7.119400834199041e-05,0.00029444415122270584,0.00928615144918449,0.008437654196634892,0.017159375024245662,0.04345703125,0.0498046875,0.0947265625,15.0,28.0,7.0,11.529510056845082,7.5012139259067,10.374482187862307,Transient_Shock
6.60542536934372e-05,6.31803268333897e-05,0.00030567653811885975,0.008127376802722831,0.007948605338887426,0.017483607697465067,0.03466796875,0.046142578125,0.088134765625,15.0,28.0,7.0,9.291248985961287,5.902390465029095,9.52852164284545,Transient_Shock
3.684042894747108e-05,8.448456355836242e-05,0.00030943634919822216,0.006069631697843872,0.009191548485340347,0.017590802971957312,0.036376953125,0.06103515625,0.085205078125,15.0,28.0,7.0,5.080620881214455,5.84326187905568,8.391328534635388,Transient_Shock
2.9020884539932013e-05,6.018840576871298e-05,0.00029293354600667953,0.005387103539002384,0.007758118700349524,0.017115301516674473,0.029541015625,0.04296875,0.0849609375,7.0,28.0,7.0,6.6302222620413644,6.433981936101057,8.881373537598073,Transient_Shock
3.653670137282461e-05,7.419288158416748e-05,0.00034341655191383325,0.006044559650861641,0.008613528985506897,0.01853150160979496,0.026611328125,0.05078125,0.08447265625,7.0,28.0,7.0,5.668023903370521,7.456709217257799,9.261202003334637,Transient_Shock
2.384144681855105e-05,9.195762686431408e-05,0.0003577881980163511,0.004882770404038167,0.009589453939840061,0.018915290059006527,0.0224609375,0.052490234375,0.08056640625,7.0,28.0,7.0,5.35611254818671,7.342046282373577,10.131469283464277,Transient_Shock
2.978482734761201e-05,5.171468001208268e-05,0.0002584203284641262,0.0054575477412123485,0.007191291957088287,0.016075457332969605,0.027099609375,0.035400390625,0.08154296875,7.0,28.0,7.0,5.270167556768573,5.736307648482204,8.929300654318183,Transient_Shock
3.642379306256771e-05,8.103897198452614e-05,0.0003400554669497069,0.006035212760339748,0.009002164849886174,0.01844059291209767,0.03369140625,0.063720703125,0.09619140625,28.0,28.0,7.0,5.108277956011957,6.175277184823399,8.030646147692321,Transient_Shock
3.929337253794074e-05,6.548588498844765e-05,0.0003725362475961447,0.006268442592697227,0.008092334952808592,0.019301198087065596,0.03369140625,0.04833984375,0.089111328125,7.0,28.0,7.0,5.070676210253133,5.207999242660132,8.244323050671817,Transient_Shock
3.159511834383011e-05,5.09328929183539e-05,0.0003257434545957949,0.005620953508420979,0.007136728446448968,0.018048364319123072,0.0283203125,0.0400390625,0.09423828125,7.0,28.0,7.0,5.742430286710415,5.5493657618902414,8.21858970566017,Transient_Shock
3.971262776758522e-05,7.314268441405147e-05,0.00038583919740631245,0.00630179559868338,0.008552349642878937,0.019642789959837998,0.029052734375,0.05224609375,0.0986328125,28.0,28.0,7.0,4.349322145732534,5.3454180623081085,7.788813863288629,Transient_Shock
4.1955583583330736e-05,7.13313784217462e-05,0.00034983990190085024,0.0064773129909964,0.008445790574111236,0.01870400764277138,0.0302734375,0.0498046875,0.08544921875,28.0,28.0,7.0,6.54366009490545,5.719144355688565,9.116528304478623,Transient_Shock
3.0692110158270225e-05,6.741000106558204e-05,0.00040545029332861304,0.005540046042973851,0.00821035937493494,0.020135796317221056,0.02783203125,0.0537109375,0.09033203125,7.0,28.0,7.0,4.111635884454169,5.22449806729162,7.3325817329986505,Transient_Shock
3.2073818147182465e-05,8.232140680775046e-05,0.00039732540244585834,0.005663375155080446,0.009073114504278586,0.01993302291289152,0.02978515625,0.048583984375,0.104736328125,7.0,28.0,7.0,5.229090873585282,6.572593949507441,7.061779014943114,Transient_Shock
3.3386750146746635e-05,7.03201767464634e-05,0.00034852301178034395,0.005778126871811196,0.00838571265584884,0.018668771030261846,0.029052734375,0.039794921875,0.087158203125,7.0,28.0,7.0,5.338360840520612,7.361428156559127,8.133240055076245,Transient_Shock
3.557279706001282e-05,8.247786900028586e-05,0.00039295047463383526,0.005964293508875365,0.009081732709141239,0.019822978450117813,0.029296875,0.0556640625,0.09619140625,28.0,28.0,7.0,4.870047240968659,7.285938675485798,8.213611766235601,Transient_Shock
3.121989720966667e-05,7.428228855133057e-05,0.00031316926470026374,0.0055874768196088895,0.008618717337941334,0.017696589069655873,0.025634765625,0.049560546875,0.082763671875,7.0,28.0,7.0,5.91277996806267,7.001264685964254,8.962608557411087,Transient_Shock
2.908473470597528e-05,5.711873745894991e-05,0.0003064777556573972,0.005393026488528985,0.0075576939246670945,0.017506506095089254,0.02587890625,0.045166015625,0.0927734375,28.0,28.0,7.0,5.697395560324206,6.734334791391278,8.499309424253848,Transient_Shock
2.7357044018572196e-05,7.457169704139233e-05,0.0003253471186326351,0.005230396162679477,0.00863549055013045,0.018037381146736215,0.024658203125,0.053466796875,0.089599609375,7.0,28.0,7.0,4.796667761137627,6.8952274732846375,8.811082307144009,Transient_Shock
3.175506935804151e-05,4.672415889217518e-05,0.00031965783273335546,0.005635163649623807,0.006835507215428507,0.017878977396186713,0.02685546875,0.036376953125,0.089599609375,7.0,28.0,7.0,4.120688208903206,5.600451360098314,9.004167689353434,Transient_Shock
5.4578864364884794e-05,7.989856749190949e-05,0.0003257456555729732,0.007387750967979686,0.008938599861941997,0.01804842529344245,0.03271484375,0.05322265625,0.08447265625,25.0,28.0,7.0,5.688063733198549,5.873627883817404,8.002655833183056,Transient_Shock
5.585129474638961e-05,4.780440576723777e-05,0.0002790800645016134,0.007473372381086708,0.006914073022989978,0.01670568958473769,0.034912109375,0.0380859375,0.090087890625,12.0,28.0,7.0,5.836689642192103,6.361946009096134,9.566766182094508,Transient_Shock
5.218470687395893e-05,4.9335238145431504e-05,0.0002985625724249985,0.007223898315588262,0.00702390476483213,0.017278963291384078,0.03955078125,0.035400390625,0.079345703125,13.0,28.0,7.0,5.483584732126984,6.71686850735146,9.716155195447836,Transient_Shock
6.454810500144958e-05,7.777733480907045e-05,0.0003766838781302795,0.00803418353048084,0.008819145922881107,0.019408345579422257,0.038330078125,0.041259765625,0.09716796875,25.0,29.0,7.0,6.240548403757343,6.037173266505967,7.450585891103347,Transient_Shock
3.695055784191936e-05,5.269130633678287e-05,0.00029563295174739324,0.006078697051335867,0.007258877760148801,0.017193980101983173,0.032958984375,0.03466796875,0.080810546875,7.0,28.0,7.0,5.055945632395769,6.738559884995079,8.349162199781237,Transient_Shock
2.86133581539616e-05,8.373182208742946e-05,0.0003345393888594117,0.005349145553633926,0.009150509389505563,0.018290417952015522,0.024169921875,0.0556640625,0.0859375,7.0,28.0,7.0,5.152239250020766,5.64276826961511,8.398398046652442,Transient_Shock
3.0381950637092814e-05,0.00013498487169272266,0.000348139539710246,0.005511982459795461,0.01161829900169223,0.018658497788145916,0.0244140625,0.05810546875,0.08740234375,14.0,28.0,7.0,5.580363548784862,6.691380644601157,9.912211475949182,Transient_Shock
3.265135092078708e-05,7.19650270184502e-05,0.00028924978323630057,0.005714136060752061,0.008483220321225319,0.01700734497904657,0.030517578125,0.040771484375,0.0791015625,7.0,28.0,7.0,5.050757828133737,5.831717154949466,9.562412170288285,Transient_Shock
3.157317405566573e-05,7.348950020968914e-05,0.00032133888453245163,0.005619001161742693,0.008572601717663613,0.017925927717483733,0.028076171875,0.045654296875,0.098388671875,7.0,28.0,7.0,6.23670994204045,7.119682718824074,9.6516712300455,Transient_Shock
7.009226828813553e-05,6.497272988781333e-05,0.00036118166462983936,0.008372112534368821,0.008060566350313936,0.019004780046868192,0.0390625,0.045166015625,0.094970703125,25.0,28.0,7.0,9.787433753817243,6.218564230846885,7.703057853275258,Transient_Shock
3.480453960946761e-05,9.167868120130152e-05,0.0003465106710791588,0.005899537236891348,0.009574898495613491,0.018614797100134042,0.0341796875,0.0537109375,0.086669921875,7.0,28.0,7.0,3.983844238962448,7.269331359438797,9.384025817831951,Transient_Shock
2.701474295463413e-05,6.607363684452139e-05,0.0002839053013303783,0.005197570870573496,0.008128569175723448,0.016849489645991603,0.02392578125,0.03955078125,0.079345703125,7.0,28.0,7.0,5.068660019254548,7.994847129512094,10.130336644894067,Transient_Shock
7.021263809292577e-05,9.147755554295145e-05,0.0003251935377193149,0.008379298186180379,0.00956438997233757,0.0180331233489741,0.041748046875,0.053466796875,0.0791015625,20.0,28.0,7.0,7.914432465046582,8.125987088872451,8.864346212747714,Transient_Shock
5.027162842452526e-05,7.700615969952196e-05,0.00031523400684818625,0.00709024882670032,0.008775315361827286,0.01775483052152811,0.033447265625,0.039794921875,0.08837890625,20.0,28.0,7.0,8.264088535727806,6.577454977371275,8.452646958029833,Transient_Shock
5.9588459407677874e-05,6.216797919478267e-05,0.0003284075646661222,0.00771935615240532,0.007884667348390969,0.018122018780095176,0.04150390625,0.045166015625,0.0888671875,20.0,28.0,7.0,7.946025752799166,5.9960335492012256,8.626359804854797,Transient_Shock
6.098128142184578e-05,6.291872341535054e-05,0.00031554406450595707,0.007809051249789937,0.007932132337231303,0.017763560017799277,0.0361328125,0.04296875,0.09033203125,25.0,28.0,7.0,7.060676675005131,6.83421363708403,8.20691852153093,Transient_Shock
4.7625766455894336e-05,7.081041985657066e-05,0.00029449442808981985,0.006901142402232716,0.008414892741834008,0.017160839958749684,0.029541015625,0.04931640625,0.1005859375,7.0,28.0,7.0,4.671952107239151,6.753522210995653,9.221410236765928,Transient_Shock
4.3415799154900014e-05,7.118857683963142e-05,0.0002959746307169553,0.006589066637612645,0.00843733232957144,0.017203913238474415,0.033203125,0.0556640625,0.0859375,20.0,28.0,7.0,6.060873841386208,8.472550286575334,10.655414702828804,Transient_Shock
3.5951321478933096e-05,5.974690429866314e-05,0.00033548634019098245,0.005995942084354475,0.007729612170003301,0.01831628620083729,0.029296875,0.0458984375,0.095947265625,7.0,28.0,7.0,4.152853563518942,6.3868259285787,9.437390116017962,Transient_Shock
3.008285057148896e-05,6.680491787847131e-05,0.00029874290339648724,0.005484783548280549,0.008173427547759344,0.01728418072679429,0.027099609375,0.043701171875,0.077880859375,28.0,28.0,7.0,5.301992136076115,6.970514797004664,9.11876941361415,Transient_Shock
3.051605017390102e-05,6.484425102826208e-05,0.0002799816429615021,0.005524133431942156,0.00805259281401103,0.01673265200025095,0.025634765625,0.041748046875,0.091552734375,7.0,28.0,7.0,5.321419617504838,7.886272813547647,9.791571599799887,Transient_Shock
5.0850761908805e-05,6.91654822730925e-05,0.0002782109659165144,0.0071309720171099395,0.00831657876010878,0.016679657248172528,0.0390625,0.05078125,0.07470703125,25.0,28.0,7.0,8.43136493999656,5.71988289220029,9.894418529885133,Transient_Shock
4.39550458395388e-05,9.060088996193372e-05,0.0003106900112470612,0.006629860167419732,0.009518449976857246,0.017626400972605302,0.03125,0.060302734375,0.09375,25.0,28.0,7.0,6.736238053599853,7.722083868811874,8.722086662022932,Transient_Shock
2.7129335649078712e-05,6.411946378648281e-05,0.00034656748175621033,0.00520858288299982,0.008007463005626865,0.018616322992369098,0.02734375,0.048095703125,0.09130859375,7.0,28.0,7.0,5.898339835569869,6.493090754362278,8.14224918588534,Transient_Shock
3.763544373214245e-05,6.164863225421868e-05,0.00031835626577958465,0.006134773323615343,0.007851664298364945,0.01784254090031979,0.0283203125,0.05078125,0.08984375,7.0,28.0,7.0,5.140788792972977,6.731339033832426,9.05122292468168,Transient_Shock
6.065767593099736e-05,6.938795559108257e-05,0.00030406168662011623,0.007788303790363943,0.008329943312597185,0.017437364669585717,0.03564453125,0.04736328125,0.085205078125,15.0,28.0,7.0,9.997953716618847,7.813534017512165,9.489028706352025,Transient_Shock
6.315589052974246e-05,4.9484369810670614e-05,0.000289961837552255,0.00794706804612509,0.007034512762847944,0.017028265841014318,0.03515625,0.043701171875,0.087158203125,15.0,28.0,7.0,8.79530180482507,7.324945007835261,10.141665301071884,Transient_Shock
6.373138967319392e-05,6.488639337476343e-05,0.0002829506411217153,0.007983194202397554,0.00805520908324318,0.016821136736906793,0.03857421875,0.0498046875,0.08056640625,15.0,28.0,7.0,8.926252188715706,5.354406753512986,9.661210181878658,Transient_Shock
0.2232134162948114,0.014276951304054819,0.010785919697809732,0.47245467115355244,0.11948619712776376,0.10385528247426672,3.99993896484375,1.05859375,1.20263671875,20.0,23.0,20.0,3.1169643646066434,3.1187438208999003,2.644636993802947,Transient_Shock
0.00093645281958743,0.00028434861451387405,0.0006354713950713631,0.030601516622341285,0.016862639606949857,0.02520855797286634,0.15625,0.08349609375,0.14111328125,6.0,6.0,7.0,6.31523088820669,7.36723713845143,6.111929131418815,Transient_Shock
0.000214257826883113,8.9368419139646e-05,0.00040558906039223075,0.014637548527096776,0.009453487141771865,0.020139241802814494,0.074951171875,0.058837890625,0.09619140625,6.0,28.0,7.0,7.665724652717877,4.197615345577365,8.487374590953605,Transient_Shock
0.31811127941818995,0.043207735197938746,0.023680622016399866,0.5640135454208436,0.20786470406959126,0.15388509354840016,3.99993896484375,2.330078125,1.665771484375,17.0,29.0,41.0,3.1231422530199864,3.2332399041917026,3.1290746121183877,Transient_Shock
0.002265695482492447,0.0003700509223563131,0.0005660483002429828,0.04759932229026425,0.019236707679754172,0.02379176959040632,0.219482421875,0.08203125,0.133544921875,6.0,6.0,7.0,5.564742126829689,7.276950353043045,7.089929422449608,Transient_Shock
0.00043202271626796573,0.00010039843255071901,0.00043872474634554237,0.02078515615211889,0.010019901823407203,0.020945757239726196,0.144287109375,0.050537109375,0.120849609375,5.0,28.0,7.0,6.658581744119625,5.484961408698919,8.62066608688601,Transient_Shock
0.267317183562227,0.023953451160195982,0.028002728475257754,0.5170272561115391,0.1547690251962452,0.16734015798742916,3.99993896484375,1.50439453125,1.864013671875,17.0,29.0,42.0,2.5658169311054118,2.585899365253783,3.3606041221977936,Transient_Shock
0.002265418934257468,0.0003942714538425207,0.0008222796022891998,0.0475964172418205,0.019856269887431544,0.028675418083947787,0.221923828125,0.10302734375,0.13037109375,5.0,6.0,3.0,5.573795398009363,9.158301361021282,7.546394937203843,Transient_Shock
0.15445973232181132,0.01576498930444359,0.011372802997357212,0.393013654116255,0.12555870859659074,0.10664334483387705,3.99993896484375,1.7099609375,1.471923828125,21.0,21.0,7.0,1.6239373526628686,1.8474079227244085,1.8452392910003061,Transient_Shock
0.10341122350655496,0.015053826758958166,0.026491195978451287,0.32157615506525816,0.122694037177681,0.1627611623774274,2.9609375,1.312255859375,1.6650390625,17.0,28.0,41.0,3.2665311279799725,3.3965926164541465,2.872419366819245,Transient_Shock
0.002648815217980882,0.00037805805914103985,0.0006676843295281287,0.051466641798167505,0.019443715157886874,0.02583958841638405,0.18798828125,0.092041015625,0.126708984375,5.0,6.0,3.0,7.739566534828402,8.003341282015107,6.890987953838662,Transient_Shock
0.00027075138859800063,8.231587707996368e-05,0.0002514937623345759,0.0164545248669781,0.009072809767649914,0.015858554862741306,0.092041015625,0.049072265625,0.08984375,5.0,28.0,7.0,6.967654963549342,4.216415038354314,8.366955636124302,Transient_Shock
0.00011342129073454998,6.537674926221371e-05,0.0002742457982094493,0.010649943226822854,0.008085588986722842,0.01656036829932986,0.051025390625,0.04931640625,0.08154296875,5.0,6.0,7.0,7.392448587904978,3.660659111366055,8.135750257363721,Transient_Shock
6.653438322246075e-05,5.843717372044921e-05,0.00025565301984897815,0.008156861113348735,0.0076444210847159124,0.015989153193617794,0.041015625,0.04150390625,0.08154296875,5.0,27.0,7.0,6.061966667791064,4.456270754666963,10.252956449316512,Transient_Shock
3.3026502933353186e-05,5.739894913858734e-05,0.0002430709428153932,0.005746868967825279,0.007576209417550926,0.015590732593928779,0.028564453125,0.04150390625,0.073974609375,7.0,28.0,7.0,4.259952031026258,5.242356400552909,9.354370517066881,Transient_Shock
3.1599625799572095e-05,6.360804763971828e-05,0.00030315801268443465,0.0056213544452891505,0.00797546535568416,0.01741143338971363,0.02880859375,0.0439453125,0.087890625,7.0,27.0,7.0,5.479500754107676,4.186699337859246,8.592489228071857,Transient_Shock
3.0560764571418986e-05,5.291819979902357e-05,0.00025849570738500915,0.005528179137059415,0.007274489659008635,0.01607780169628327,0.025634765625,0.04541015625,0.084716796875,7.0,28.0,7.0,4.67449891512708,5.564158282645578,8.714655697300916,Transient_Shock
3.005271719302982e-05,5.1456503570079803e-05,0.00026671323212212883,0.005482035862070753,0.007173318867168795,0.016331357326386832,0.031982421875,0.04052734375,0.076171875,28.0,28.0,7.0,5.0191148758425275,5.86995317361166,9.380307618342448,Transient_Shock
2.30273581109941e-05,7.621175609529018e-05,0.0002911307346948888,0.0047986829558738404,0.008729934484020496,0.017062553580718474,0.02294921875,0.052001953125,0.0869140625,7.0,28.0,7.0,5.238629503060228,7.43539140448177,8.77438135731691,Transient_Shock
0.00018704266040003859,6.62412348901853e-05,0.00031560700153931975,0.013676354060934464,0.008138871843823645,0.017765331450308484,0.100830078125,0.046142578125,0.08544921875,20.0,28.0,7.0,4.42062730929033,6.006503977184835,9.098044959339102,Transient_Shock
0.0002042108535533771,6.118527016951703e-05,0.0003309156745672226,0.014290236301523396,0.007822101390899828,0.01819108777855856,0.08740234375,0.0458984375,0.091064453125,25.0,28.0,7.0,5.802700440891921,6.434657114910484,10.151208731124825,Transient_Shock
8.752400390221737e-05,5.297869211062789e-05,0.0002839995868271217,0.009355426441494657,0.007278646310312646,0.016852287287698418,0.037353515625,0.049560546875,0.077880859375,25.0,28.0,7.0,10.183987729982425,7.432695220964423,9.90316684603567,Transient_Shock
4.8260888434015214e-05,6.75329938530922e-05,0.0002912750787800178,0.006947005717142834,0.008217846059223316,0.017066782906570818,0.031982421875,0.052734375,0.080810546875,12.0,28.0,7.0,4.550021000745031,7.727583220161902,8.775370158221884,Transient_Shock
4.524818723439239e-05,5.903442797716707e-05,0.0003084115305682644,0.0067266772803808855,0.00768338649146111,0.01756164942618615,0.035400390625,0.05224609375,0.08935546875,28.0,28.0,7.0,4.167223314466318,7.559431663256266,9.265558373450318,Transient_Shock
4.45246696472168e-05,5.301693090586923e-05,0.0002928116555267479,0.0066726808440998285,0.0072812726158185586,0.017111740283406243,0.03466796875,0.050537109375,0.089599609375,12.0,28.0,7.0,4.425216022823825,6.462068449267934,9.863667905924839,Transient_Shock
4.2869229218922555e-05,6.360094994306564e-05,0.00030529999276041053,0.006547459753134994,0.007975020372579975,0.01747283585341574,0.031005859375,0.047607421875,0.090576171875,28.0,28.0,7.0,4.792740081102685,7.435706069367099,9.982375175173301,Transient_Shock
3.146636299788952e-05,5.1523325964808464e-05,0.00029093724151607603,0.0056094886574347864,0.0071779750601968844,0.01705688252630228,0.02685546875,0.050537109375,0.077392578125,28.0,28.0,7.0,5.4158424847231,6.348144504806911,8.989908681102309,Transient_Shock
5.94978773733601e-05,6.917252540006302e-05,0.000289962856186321,0.00771348671959446,0.008317002188292547,0.01702829575108211,0.036865234375,0.0556640625,0.080078125,20.0,28.0,7.0,7.143370354817799,9.05788794580811,10.748303015781605,Transient_Shock
9.295445852330886e-05,5.473600685945712e-05,0.0002625145389174577,0.009641289256282526,0.007398378664238343,0.016202300420540834,0.0458984375,0.042724609375,0.080322265625,21.0,28.0,7.0,7.472436356587482,8.447850513251929,10.92043164064189,Transient_Shock
7.885507875471376e-05,7.175245264079422e-05,0.00028466712319641374,0.008880038218088578,0.008470681946620014,0.016872081175611196,0.045166015625,0.0546875,0.083984375,21.0,28.0,7.0,5.751664082466448,9.20032032680892,9.97270392321473,Transient_Shock
7.664266740903258e-05,6.985189611441456e-05,0.0002793054409266915,0.008754579796257076,0.00835774467870457,0.016712433722432276,0.041015625,0.051513671875,0.07861328125,25.0,28.0,7.0,6.0951640820776145,7.189551057466983,9.847078475962494,Transient_Shock
0.00010434129217173904,8.044106652960181e-05,0.00035702530294656754,0.010214758546913335,0.008968894387247617,0.01889511320279843,0.05908203125,0.046875,0.11572265625,52.0,28.0,7.0,3.355316606645495,6.664621895091613,8.107429155761764,Transient_Shock
4.644918953999877e-05,7.512779848184437e-05,0.00031593948006047867,0.006815364226510478,0.008667629346127139,0.01777468649682685,0.03564453125,0.053466796875,0.09033203125,20.0,28.0,7.0,5.1050561813054705,6.458851663522334,8.365200256657285,Transient_Shock
5.30310753674712e-05,4.982942118658684e-05,0.0002940006052085664,0.007282243841527912,0.007058995763321214,0.01714644584771335,0.03466796875,0.038818359375,0.08740234375,20.0,28.0,7.0,7.39334585007676,7.097940261449497,8.900033078223352,Transient_Shock
4.871855708188377e-05,7.469030970241874e-05,0.0003081541508436203,0.006979867984559864,0.008642355564452248,0.017554320005161703,0.034423828125,0.0546875,0.079345703125,20.0,28.0,7.0,7.423329301362217,6.616204195454958,10.443498426248734,Transient_Shock
4.9657883209874853e-05,0.00010209926040261053,0.00036876181547995657,0.007046834978192327,0.010104417865597726,0.019203172016100792,0.032470703125,0.053955078125,0.090576171875,20.0,28.0,7.0,5.561841653191606,6.84072890126835,9.19458885235755,Transient_Shock
5.668256198987365e-05,6.470817243098281e-05,0.00030880295889801346,0.007528782238175949,0.00804413901116725,0.017572790299153217,0.0341796875,0.038330078125,0.079345703125,25.0,28.0,7.0,7.1623965551531645,6.363277443727407,8.368047781423009,Transient_Shock
4.0402403101325035e-05,5.673312989529222e-05,0.0003353109204908833,0.00635628846901437,0.007532139795256871,0.018311496948389645,0.030517578125,0.038330078125,0.085693359375,20.0,28.0,7.0,4.9007239844143164,6.633403131066314,8.74903061383777,Transient_Shock
4.274210368748754e-05,5.5798329412937164e-05,0.0003226369008189067,0.0065377445413145,0.007469827937304658,0.017962096225633207,0.0322265625,0.0400390625,0.080810546875,20.0,28.0,7.0,6.564626364744167,7.4127630456384175,9.183967464368322,Transient_Shock
3.3660147892078385e-05,5.141038855072111e-05,0.00029032950624241494,0.005801736627258978,0.007170103803343513,0.017039058255737462,0.028564453125,0.03125,0.07373046875,7.0,28.0,7.0,6.001180798921484,6.7947058846818305,9.593430817146677,Transient_Shock
3.72309259546455e-05,6.733542250003666e-05,0.00031850626328377984,0.006101715001099732,0.00820581638230083,0.017846743772570384,0.031494140625,0.04638671875,0.0966796875,7.0,28.0,7.0,5.795683736290635,6.515394352860281,8.358020370196234,Transient_Shock
4.464700759854168e-05,6.684811887680553e-05,0.00032666871265973896,0.006681841632255413,0.008176069891873817,0.018073978882906194,0.031982421875,0.04443359375,0.089111328125,28.0,28.0,7.0,4.009043830921524,8.128959002623366,9.71981141373109,Transient_Shock
5.063306525698863e-05,8.271156912087463e-05,0.00029583778450614773,0.007115691481296012,0.009094590101861361,0.01719993559598837,0.03076171875,0.05615234375,0.08203125,25.0,28.0,7.0,8.431737147145432,5.939140904204355,8.84675757455365,Transient_Shock
3.608077531680465e-05,9.43448394536972e-05,0.0003598889416025486,0.006006727504790328,0.009713127171704137,0.018970739089517536,0.027099609375,0.055908203125,0.105712890625,7.0,28.0,7.0,4.991361301230039,5.906348865810104,7.348635542136795,Transient_Shock
5.435963612399064e-05,7.242021092679352e-05,0.000361536363925552,0.007372898759917339,0.008510006517435432,0.019014109601176492,0.035888671875,0.052978515625,0.0869140625,15.0,29.0,7.0,5.2380010343110035,5.9403528900183264,8.425337796291645,Transient_Shock
5.558480916079134e-05,9.941901953425258e-05,0.000347230405168375,0.007455522058232498,0.009970908661413591,0.018634119382690856,0.041015625,0.04833984375,0.085205078125,15.0,28.0,7.0,7.055666911359952,5.764857016120544,8.01855484083784,Transient_Shock
5.845968553330749e-05,0.0001029307022690773,0.00030274674281827174,0.007645893377055914,0.010145476936501177,0.017399619042331695,0.033203125,0.0576171875,0.08154296875,15.0,29.0,7.0,6.690976088208375,5.76186949147956,9.180837346174789,Transient_Shock
4.054332021041773e-05,6.47613633191213e-05,0.00027931772274314426,0.006367363678196631,0.008047444521034073,0.01671280116387269,0.03076171875,0.044189453125,0.081787109375,15.0,29.0,7.0,6.668456632750044,6.6417772958819485,8.813066316035657,Transient_Shock
3.922031828551553e-05,7.288471897481941e-05,0.0003040496048924979,0.00626261273635178,0.008537254768063291,0.017437018233989948,0.037353515625,0.05078125,0.082275390625,15.0,29.0,7.0,6.507885733990096,7.422283101205894,9.339251706777706,Transient_Shock
4.144562626606785e-05,7.889651169534773e-05,0.0002941830171039328,0.0064378277598944695,0.008882370837526866,0.01715176425630707,0.02978515625,0.058837890625,0.084716796875,15.0,29.0,7.0,5.707912566357241,7.220942127736566,9.359175883627593,Transient_Shock
5.38479071110487e-05,0.0001230009220307693,0.00037104630609974265,0.007338113320946243,0.011090578074688861,0.019262562293208624,0.034912109375,0.060302734375,0.09765625,15.0,29.0,7.0,6.475402161513116,7.995507823532132,7.505089521072738,Transient_Shock
5.0625440053408965e-05,7.747694326099008e-05,0.0003128540556645021,0.007115155659113085,0.008802098798638316,0.01768768090125164,0.03271484375,0.0556640625,0.08544921875,15.0,29.0,7.0,5.527095158402326,7.859569002282844,9.697559627570735,Transient_Shock
3.535182622727007e-05,7.642272612429224e-05,0.00036517323678708635,0.005945740174887401,0.008742009272718272,0.019109506450640905,0.025390625,0.055908203125,0.091552734375,7.0,29.0,7.0,4.709101248439948,6.126496183463524,8.113708499574823,Transient_Shock
3.132571873720735e-05,6.504204066004604e-05,0.00034928597960970365,0.005596938336019735,0.008064864577911153,0.018689194193696624,0.029296875,0.050537109375,0.10498046875,7.0,29.0,7.0,5.25313947770961,7.15743780799358,7.581254281155987,Transient_Shock
2.92754230031278e-05,7.435635416186415e-05,0.00033863604403450154,0.005410676760177769,0.008623013055879258,0.018402066297959627,0.027587890625,0.044921875,0.092041015625,7.0,29.0,7.0,5.504032349847156,6.488016550395264,8.429594523636176,Transient_Shock
2.4739521904848516e-05,6.245658369152807e-05,0.0002766471552604344,0.004973883985865424,0.007902947784942532,0.016632713406429942,0.02685546875,0.045166015625,0.079833984375,7.0,29.0,7.0,4.892799541994107,7.5237418461946985,9.649619206601518,Transient_Shock
3.588903564377688e-05,8.558947592973709e-05,0.00035107673829770647,0.005990745833681886,0.009251458043451156,0.018737041876926742,0.03125,0.05712890625,0.08837890625,7.0,29.0,7.0,4.911907204307824,8.3016556063583,7.66990070700618,Transient_Shock
3.246252526878379e-05,8.634422192699276e-05,0.0003607494290918112,0.005697589426133107,0.009292159163886118,0.018993404884112042,0.035888671875,0.05517578125,0.107177734375,29.0,29.0,29.0,5.766258893031099,7.886680932400885,6.973347491417261,Transient_Shock
4.1714636608958244e-05,9.554804637446068e-05,0.0003652297309599817,0.006458686910584708,0.009774868100105529,0.01911098456281051,0.03271484375,0.049560546875,0.09130859375,29.0,29.0,29.0,6.458391020998778,9.778929266034181,8.834914488865897,Transient_Shock
2.9631333745783195e-05,7.56948720663786e-05,0.00035579023824539036,0.005443467070331481,0.008700279999309137,0.018862402769673603,0.02783203125,0.056640625,0.088623046875,29.0,29.0,7.0,5.99203316987653,8.81492989463665,9.703622546116742,Transient_Shock
3.1191968446364626e-05,8.60709697008133e-05,0.00034860089363064617,0.005584977031856499,0.009277444136227029,0.018670856799585984,0.02587890625,0.05712890625,0.093017578125,29.0,29.0,7.0,5.8086524025097095,9.3757959038976,8.438918724568182,Transient_Shock
3.5477041819831356e-05,9.954013148671947e-05,0.00038544367998838425,0.00595626072463516,0.009976980078496673,0.019632719627916663,0.03369140625,0.058837890625,0.09033203125,29.0,29.0,7.0,5.958976645113493,9.086775147502179,9.1599241647424,Transient_Shock
3.1787811167305335e-05,9.89725231193006e-05,0.0003113850216323044,0.00563806803500147,0.009948493510039628,0.01764610499890286,0.03271484375,0.053955078125,0.07958984375,7.0,29.0,7.0,5.891031585560001,7.557994184886399,8.766296193064555,Transient_Shock
3.331678090034984e-05,9.061861783266068e-05,0.00032459557041875087,0.005772069031149042,0.00951938116857712,0.018016536027182107,0.03173828125,0.05078125,0.086669921875,29.0,29.0,7.0,5.147672532097747,9.029125131176961,8.44944382575663,Transient_Shock
2.792511077132076e-05,8.122346116579138e-05,0.0002983239792229142,0.005284421517188117,0.009012405958776568,0.017272057758788158,0.026611328125,0.04931640625,0.0869140625,29.0,29.0,7.0,5.809982345949167,8.495152964083278,8.269833233279325,Transient_Shock
3.5013770684599876e-05,0.00010571773964329623,0.00038978122393018566,0.005917243503912939,0.010281913228737938,0.019742877802645328,0.02783203125,0.05810546875,0.09521484375,29.0,29.0,7.0,7.900767666778492,9.930154358255965,8.069589010065707,Transient_Shock
3.07987465930637e-05,8.309399345307611e-05,0.00039249061592272483,0.0055496618449292654,0.009115590680426371,0.019811375921998067,0.028564453125,0.057373046875,0.093505859375,29.0,29.0,7.0,7.079821860510929,9.38991354187245,8.98650530021955,Transient_Shock
2.8861453756690025e-05,8.761562276049517e-05,0.00036502965667750686,0.005372285710634722,0.009360321723129776,0.019105749309501232,0.030029296875,0.053466796875,0.09716796875,29.0,29.0,7.0,5.6426046801859275,8.645616549591686,7.196679924404697,Transient_Shock
3.316625952720642e-05,8.256631190306507e-05,0.0003622392541728914,0.005759015499823422,0.00908660067919049,0.01903258401197513,0.0322265625,0.046875,0.087646484375,29.0,29.0,7.0,6.6116961308394675,10.207998160397862,7.95094763568831,Transient_Shock
4.719197750091553e-05,8.447738582617603e-05,0.0003349729195178952,0.006869641730171634,0.009191158024219583,0.018302265420376114,0.031005859375,0.049072265625,0.08447265625,25.0,29.0,7.0,5.654529328826435,9.393197342617166,8.799855551442953,Transient_Shock
4.037912003695965e-05,8.055023135966621e-05,0.00036231608464731835,0.006354456706671283,0.0089749780701496,0.019034602298112727,0.03271484375,0.055908203125,0.090087890625,29.0,29.0,7.0,5.51305660776877,9.239456502671128,9.19311519421509,Transient_Shock
4.1851508285617456e-05,0.00011144429663545452,0.00038051255614846013,0.006469274169921805,0.01055671808070361,0.019506731047217014,0.033203125,0.057861328125,0.094482421875,29.0,29.0,29.0,6.189071511609699,9.910623238568391,8.464550911110694,Transient_Shock
3.6388049920788035e-05,9.673792737885378e-05,0.0003350333863636479,0.006032250817131863,0.009835544081485974,0.018303917240952764,0.029541015625,0.052490234375,0.0927734375,29.0,29.0,7.0,6.381572339903927,10.289240741836151,8.328735656804712,Transient_Shock
3.8142748962854967e-05,8.038558007683605e-05,0.00038126384606584907,0.006175981619374766,0.008965800582035943,0.019525978747961626,0.02880859375,0.0537109375,0.087646484375,29.0,29.0,29.0,5.772646642976451,9.451283819867616,8.380085549591284,Transient_Shock
3.509689122438431e-05,7.436668602167629e-05,0.0003284495323896408,0.005924262926675715,0.008623612121476493,0.018123176663864444,0.029296875,0.04931640625,0.0791015625,29.0,29.0,7.0,4.894034123661002,8.844447140238238,9.74289356257909,Transient_Shock
4.2677766032284126e-05,0.00010654643119778484,0.00042403782936162315,0.0065328222103685114,0.010322133074020351,0.02059217883958915,0.0322265625,0.06103515625,0.101318359375,29.0,29.0,29.0,6.075335997071497,8.797046012462813,7.722195881801075,Transient_Shock
3.7042071198811755e-05,9.697573477751575e-05,0.00036077055847272277,0.006086219779042797,0.00984762584471586,0.01899396110538091,0.030029296875,0.0615234375,0.089111328125,29.0,29.0,7.0,6.107279309168836,8.204528097355267,8.495533793362668,Transient_Shock
3.704904520418495e-05,7.875297160353512e-05,0.00032990911495289765,0.0060867926861512996,0.008874287103961372,0.018163400423733923,0.03271484375,0.057861328125,0.08935546875,7.0,29.0,7.0,5.563614574392197,7.632986074595155,8.528897189995108,Transient_Shock
2.7373069315217435e-05,8.867689393809997e-05,0.0003178127190039959,0.005231927877486217,0.009416840974451038,0.017827302628384247,0.029296875,0.054443359375,0.086181640625,29.0,29.0,7.0,5.328861601113742,9.858191643576204,8.251291445801938,Transient_Shock
3.591911809053272e-05,9.700980444904417e-05,0.0003613213157223072,0.005993256050806833,0.009849355534706023,0.019008453796200975,0.03173828125,0.059326171875,0.0927734375,29.0,29.0,7.0,5.324179500074972,9.030749592621728,7.491596007495948,Transient_Shock
3.79237717424985e-05,9.17352590477094e-05,0.00041254772804677486,0.00615822797097497,0.009577852527978775,0.020311270960892004,0.02880859375,0.051025390625,0.09033203125,29.0,29.0,29.0,6.7171924176518045,8.812124594117973,8.514585405212365,Transient_Shock
3.5450735595077276e-05,9.572028284310363e-05,0.0004167286097072065,0.005954052031606482,0.009783674301769435,0.020413931755230458,0.0283203125,0.0634765625,0.106689453125,29.0,29.0,29.0,6.880972251247496,8.930366830963997,8.134267582898296,Transient_Shock
3.691675010486506e-05,0.00010633282363414764,0.00038274341204669327,0.006075915577496535,0.010311780817790283,0.019563829176485192,0.029296875,0.058349609375,0.096435546875,29.0,29.0,7.0,6.442295586832772,9.791500867039337,7.681053480112587,Transient_Shock
3.9206803194247186e-05,9.347175000584684e-05,0.0003527234657667577,0.00626153361360036,0.009668078920129212,0.018780933570159863,0.03173828125,0.05908203125,0.099853515625,29.0,29.0,7.0,4.972526090441974,6.892286016477377,7.248217780301491,Transient_Shock
3.5753004340222105e-05,7.47263984521851e-05,0.0004226136807119474,0.005979381601823227,0.008644443212387082,0.020557569912612417,0.031494140625,0.0517578125,0.119873046875,29.0,29.0,7.0,5.024442273563154,7.6021809141801375,8.054724667878512,Transient_Shock
4.164134952588938e-05,0.00010136212222278118,0.0003941977884096559,0.006453010888406232,0.010067875755231645,0.019854414834229086,0.031005859375,0.06005859375,0.111328125,29.0,29.0,29.0,5.837618767063295,8.938241457668843,7.10316982855647,Transient_Shock
4.020774213131517e-05,0.00010107048728968948,0.0004018019499198999,0.006340957509029309,0.010053381883211712,0.020044998127211184,0.033935546875,0.062744140625,0.10498046875,29.0,29.0,7.0,6.72175016986479,7.161458044965633,7.563184254596252,Transient_Shock
4.1583491110941395e-05,8.940318366512656e-05,0.00043184774403925985,0.006448526274346829,0.009455325677369689,0.02078094665888106,0.029541015625,0.0517578125,0.09326171875,29.0,29.0,29.0,5.560503813542133,10.144485226427422,8.002562176302382,Transient_Shock
3.969819226767868e-05,8.313703801832162e-05,0.00039256654781638645,0.006300650146427643,0.0091179514156592,0.019813292200348394,0.030029296875,0.05517578125,0.0986328125,29.0,29.0,7.0,6.125989782660393,8.154051239644442,7.663936894440236,Transient_Shock
3.200210630893707e-05,0.00010178411321248859,0.0004193402091914322,0.005657040419595486,0.010088811288377268,0.020477797957579136,0.02685546875,0.059326171875,0.0908203125,29.0,29.0,29.0,7.984872997314006,10.359838441571119,7.823599191088444,Transient_Shock
3.0710096325492486e-05,7.165223360061646e-05,0.0003059223490708973,0.005541669092023854,0.008464764237745576,0.017490636039632673,0.026123046875,0.053466796875,0.083251953125,29.0,29.0,7.0,6.469725145982073,9.095706665365167,8.72019977902655,Transient_Shock
3.163228029734455e-05,9.292247341363691e-05,0.0004052602707815822,0.0056242581997401715,0.00963963035669091,0.020131077238478377,0.02978515625,0.05078125,0.10205078125,29.0,29.0,29.0,6.59231814686407,9.214980978106956,8.140965082629164,Transient_Shock
3.155641024932265e-05,9.405557284480892e-05,0.0004772698594024405,0.0056175092567189115,0.009698225242012526,0.021846506800915346,0.025634765625,0.05615234375,0.092529296875,29.0,29.0,29.0,7.569982437601952,9.460260186170654,7.80728467616739,Transient_Shock
4.4842352508567274e-05,0.00011525040827109478,0.00048547737242188305,0.006696443273004504,0.010735474291855706,0.022033551062456615,0.033203125,0.06005859375,0.107421875,29.0,29.0,29.0,5.5805865853228624,8.859884345232572,7.347862318920578,Transient_Shock
4.316022386774421e-05,0.0001061705406755209,0.0003987750351370778,0.006569644120326778,0.010303908999769015,0.019969352396536993,0.034423828125,0.049072265625,0.10107421875,29.0,29.0,29.0,5.207942532521838,9.744302085926128,7.476903209778034,Transient_Shock
3.459883373579942e-05,0.0001062146584445145,0.00042012755511677824,0.005882077331674535,0.010306049604213755,0.020497013321866632,0.026123046875,0.049072265625,0.091796875,29.0,29.0,7.0,4.145118663650593,8.231144412549817,6.474011539183996,Transient_Shock
4.428881220519543e-05,0.00011224599074921571,0.00036363476829137653,0.006654984012392173,0.010594620840276243,0.01906920995456751,0.0322265625,0.056640625,0.080322265625,7.0,29.0,7.0,4.073770982881901,6.325781912900028,6.416165432509599,Transient_Shock
4.6102082706056535e-05,0.00012128053640481085,0.00044244335731491446,0.006789851449483747,0.011012744272197136,0.021034337577278597,0.03662109375,0.05908203125,0.0927734375,29.0,29.0,29.0,5.544758105450884,8.793472572014322,6.214671679621092,Transient_Shock
4.8315603635273874e-05,9.967852383852005e-05,0.00045860878890380263,0.0069509426436472534,0.009983913252754155,0.021415153254268404,0.036376953125,0.05126953125,0.095947265625,29.0,29.0,29.0,5.585535363455024,9.436697229040998,7.897637218794792,Transient_Shock
3.458963692537509e-05,0.00012296432396396995,0.00045482994755730033,0.005881295514202215,0.011088927989845093,0.021326742544451095,0.0283203125,0.054443359375,0.108642578125,29.0,29.0,29.0,6.127697720892592,9.933022716409546,7.489781722107058,Transient_Shock
4.086032276973128e-05,8.687557419762015e-05,0.0003916349924111273,0.006392207972972351,0.009320706743462116,0.019789769892829157,0.028564453125,0.048828125,0.08984375,29.0,29.0,29.0,5.321700746212334,7.931728057120029,7.447385735982664,Transient_Shock
3.5510191082721576e-05,8.691981201991439e-05,0.00040684733176021837,0.005959042799202031,0.009323079535213372,0.02017045690509311,0.029052734375,0.053955078125,0.095458984375,29.0,29.0,7.0,4.16793706083648,7.774526640991594,7.2664368747107915,Transient_Shock
3.509489761199802e-05,9.107371079153381e-05,0.0003912055653927382,0.005924094666022651,0.009543254727373352,0.019778917194647895,0.030517578125,0.053466796875,0.10986328125,29.0,29.0,7.0,5.140973942444798,7.122957833586744,6.623597124987928,Transient_Shock
4.238169640302658e-05,0.00012134021017118357,0.0004772795218741521,0.006510122610444951,0.011015453244019674,0.02184672794434334,0.035400390625,0.064208984375,0.1298828125,29.0,29.0,7.0,5.177639695745821,8.018850271413518,5.984569318731388,Transient_Shock
3.5133547498844564e-05,0.00010111403753398918,0.00038597453385591507,0.005927355860655286,0.010055547599906688,0.019646234597395885,0.038330078125,0.056640625,0.104248046875,29.0,29.0,7.0,5.263922289757544,7.781796816780101,6.819669374214235,Transient_Shock
3.86442661692854e-05,0.00010387221118435264,0.0003642257615865674,0.006216451252063785,0.01019177173921947,0.019084699672422604,0.030029296875,0.05224609375,0.086181640625,29.0,29.0,29.0,5.878606713555358,9.345502813384332,7.369381370018701,Transient_Shock
3.40742408297956e-05,9.067075734492391e-05,0.00033093426827690564,0.005837314522089383,0.009522119372541174,0.01819159883784011,0.029052734375,0.0576171875,0.086181640625,29.0,29.0,7.0,6.5262364708572065,10.646437494304614,8.098112543104532,Transient_Shock
3.587011815398e-05,9.978166781365871e-05,0.0003969646313635167,0.005989166732858587,0.009989077425551307,0.019923971274911953,0.032470703125,0.04736328125,0.09033203125,29.0,29.0,7.0,5.213248903525334,8.439968030887231,7.811867664679547,Transient_Shock
3.980198744102381e-05,0.000104500912129879,0.0003893148241331801,0.0063088816315591,0.010222568763763783,0.019731062417750852,0.031494140625,0.044921875,0.08837890625,29.0,29.0,7.0,5.242862349911143,9.616714661180595,7.442597968864945,Transient_Shock
3.7471530959010124e-05,0.00010281649520038627,0.000336471766786417,0.006121399428154491,0.010139846902216339,0.01834316676003402,0.03125,0.056640625,0.096923828125,29.0,29.0,7.0,8.81052378237441,9.542119932862756,8.363936623506282,Transient_Shock
2.796831540763378e-05,9.227770715369843e-05,0.0003162551402056124,0.0052885078621132614,0.009606128624669691,0.017783563765612683,0.02783203125,0.045166015625,0.07666015625,29.0,29.0,7.0,5.534232883720324,9.947125443518445,9.34351055300595,Transient_Shock
3.930000457330607e-05,8.013640399440192e-05,0.00034067497108480893,0.006268971572220285,0.008951893877521221,0.018457382563213262,0.0322265625,0.04736328125,0.087646484375,29.0,29.0,7.0,5.788382401602798,9.418522869233664,8.526516525638995,Transient_Shock
4.099844954907894e-05,0.00011202538371435367,0.00034294271608814597,0.006403003166411753,0.010584204444092795,0.018518712592622253,0.0322265625,0.063720703125,0.088623046875,29.0,29.0,29.0,5.055877187294486,10.032268760054835,7.96156070453042,Transient_Shock
3.802048377110623e-05,0.00011189450378878973,0.0003695299237733707,0.0061660752323586055,0.010578019842522027,0.01922316112852854,0.0302734375,0.057373046875,0.089599609375,29.0,29.0,7.0,7.114744362175494,9.561906807008883,8.134432922702224,Transient_Shock
3.641807415988296e-05,0.00011063512283726595,0.00037379557034000754,0.006034738947119665,0.01051832319513267,0.01933379348032888,0.029296875,0.05615234375,0.09716796875,29.0,29.0,7.0,7.2291668274257175,9.541850944446919,8.081720413676694,Transient_Shock
3.958973320550285e-05,0.00012060730659868568,0.00038799257890786976,0.006292037285768644,0.010982135794037774,0.019697527228255574,0.034423828125,0.053955078125,0.087646484375,29.0,29.0,7.0,5.9913158292819455,9.70906871815047,8.144515353433343,Transient_Shock
3.8048772694310173e-05,0.00010820311945280991,0.0004263377013558056,0.006168368722304964,0.010402072844044591,0.020647946661975995,0.031494140625,0.05419921875,0.09814453125,29.0,29.0,29.0,6.856718270007866,10.529056206112822,8.750802287963321,Transient_Shock
4.4446191168390214e-05,0.00011320305929984897,0.0004244846641086042,0.006666797669675466,0.010639692631831475,0.020603025605687244,0.033203125,0.062255859375,0.100341796875,25.0,29.0,29.0,5.991763453307693,9.783953253968445,8.597388406624278,Transient_Shock
4.33214008808136e-05,0.00010438603567308746,0.0004140046512475237,0.006581899488811235,0.010216948452110712,0.020347104247227018,0.031005859375,0.058349609375,0.09423828125,29.0,29.0,29.0,6.1099256854964485,10.12562634781609,9.370370220602236,Transient_Shock
4.722174708149396e-05,8.088894173852168e-05,0.0003797652279899921,0.006871808137709751,0.008993827980260778,0.01948756598423703,0.037109375,0.046142578125,0.096923828125,29.0,29.0,7.0,6.1428939348812825,10.255951406001264,7.824583299202101,Transient_Shock
4.926850306219421e-05,8.837115819915198e-05,0.00035641352587845176,0.007019152588610267,0.00940059350249504,0.018878917497527545,0.032958984375,0.055419921875,0.08544921875,29.0,29.0,29.0,5.45083899834479,9.717078232385584,8.268753616953722,Transient_Shock
3.655621549114585e-05,6.708083310513757e-05,0.00033013338907039724,0.006046173623966306,0.008190288951260363,0.018169573166984337,0.032958984375,0.047119140625,0.0888671875,29.0,29.0,29.0,4.674161114804349,8.150289242728286,8.488333483856211,Transient_Shock
3.943784031434916e-05,7.804470078554004e-05,0.0003435247199377045,0.006279955438882442,0.008834291187499994,0.01853441987054638,0.03125,0.04638671875,0.086181640625,29.0,29.0,7.0,4.576553501210631,7.889520075264231,8.179484006641164,Transient_Shock
3.218924393877387e-05,7.121928138076328e-05,0.00031276873414753936,0.005673556551121516,0.008439151697935241,0.01768526884578064,0.03173828125,0.054931640625,0.087646484375,29.0,29.0,7.0,4.68446379834871,8.785011980360013,8.446949295005364,Transient_Shock
4.032927972730249e-05,9.491855962551199e-05,0.0003815348864009138,0.006350533814357852,0.009742615645991172,0.019532918020636697,0.0361328125,0.065673828125,0.095947265625,29.0,29.0,29.0,5.745201026843915,8.812954315873668,7.977297577994175,Transient_Shock
3.0744584364583716e-05,7.612943591084331e-05,0.0003033511893590912,0.0055447799203019515,0.008725218387573076,0.01741697991498788,0.02880859375,0.052001953125,0.07958984375,29.0,29.0,7.0,5.921541384109803,9.012801701141981,7.98685764884403,Transient_Shock
2.948453402495943e-05,8.258517118520103e-05,0.00035700422813533805,0.0054299663005362596,0.009087638372272581,0.018894555515685942,0.027099609375,0.054931640625,0.08837890625,29.0,29.0,29.0,5.247991634228917,8.915394210052048,8.411333183657009,Transient_Shock
3.207981353625655e-05,0.00010193692287430167,0.0003535445976012852,0.005663904442719399,0.010096381672376578,0.01880278164531209,0.026611328125,0.056396484375,0.0849609375,29.0,29.0,7.0,6.222060180673929,9.854949363706464,8.638471074782919,Transient_Shock
3.67180909961462e-05,0.00010877147724386305,0.00034712393244262785,0.0060595454446803355,0.010429356511494995,0.01863126223428321,0.02734375,0.06396484375,0.099609375,29.0,29.0,7.0,6.308754556446695,10.806026248522107,7.703429520005995,Transient_Shock
2.895585203077644e-05,9.770845281309448e-05,0.00035653956001624465,0.005381064209873028,0.009884758611776743,0.01888225516235401,0.028076171875,0.06298828125,0.0888671875,29.0,29.0,7.0,5.549638026270314,9.906486875406616,8.62674768237418,Transient_Shock
3.533658673404716e-05,9.851244976744056e-05,0.0003406995347177144,0.005944458489555391,0.009925343811044561,0.018458047966069282,0.03271484375,0.056640625,0.088134765625,29.0,29.0,7.0,6.461129880872979,11.120373048611345,8.782028227369652,Transient_Shock
3.7210629670880735e-05,7.833488052710891e-05,0.00034833629251806997,0.006100051612148928,0.008850699437169297,0.01866376951524182,0.031494140625,0.051513671875,0.092529296875,29.0,29.0,7.0,6.431714268878554,10.47137441851394,8.764473963215693,Transient_Shock
3.224942702217959e-05,9.796282029128633e-05,0.00030600510945077986,0.005678857897692069,0.00989761689960196,0.017493001727856197,0.026611328125,0.054931640625,0.080322265625,29.0,29.0,7.0,6.133962433844785,8.51073828118109,8.856714901344496,Transient_Shock
2.9831993742845953e-05,9.742889960762113e-05,0.00036114914109930396,0.005461867239584459,0.009870607864139935,0.019003924360492072,0.0244140625,0.065185546875,0.10205078125,29.0,29.0,7.0,5.18565721773049,9.323670240282565,8.510310534267024,Transient_Shock
3.494130214676261e-05,7.877171447034925e-05,0.00034538880208856426,0.0059111168273654185,0.008875343062121557,0.01858463887431134,0.029052734375,0.049072265625,0.08544921875,29.0,29.0,29.0,7.317735584641501,9.32002484366362,8.577585866572026,Transient_Shock
4.603637717082165e-05,0.00013432813284453005,0.00044604331196751446,0.006785011213757988,0.01159000141693391,0.021119737497599596,0.0380859375,0.06298828125,0.093017578125,29.0,29.0,7.0,6.977525628711181,9.650888366288077,8.219399579891958,Transient_Shock
4.4392189010977745e-05,0.00011263179112575017,0.0004467474645934999,0.006662746356494276,0.01061281259260476,0.02113640141068247,0.035400390625,0.0546875,0.1064453125,29.0,29.0,7.0,6.172184744015859,9.825494583203794,7.3940504353905885,Transient_Shock
3.9775328332325444e-05,0.00011775441453210078,0.0004613075543602463,0.0063067684539965035,0.010851470616100879,0.02147807147674684,0.031982421875,0.060546875,0.099365234375,7.0,29.0,29.0,5.708374544033151,9.920696938853325,8.23639650785269,Transient_Shock
3.296177601441741e-05,8.297896420117468e-05,0.00037078954846947454,0.005741234711664157,0.00910927901653993,0.01925589645977238,0.02587890625,0.05029296875,0.10107421875,29.0,29.0,7.0,7.037201584731418,9.834336815514558,8.175918266436183,Transient_Shock
3.1680883694207296e-05,9.397044777870178e-05,0.0004001536872237921,0.005628577413006531,0.009693835555583856,0.02000384181160689,0.0263671875,0.058349609375,0.093994140625,29.0,29.0,7.0,6.725437542391815,9.845526409137186,7.685251503853451,Transient_Shock
3.23789099638816e-05,7.687682227697223e-05,0.00041238340418203734,0.005690246915897552,0.00876794287600987,0.020307225418112574,0.026611328125,0.047119140625,0.110107421875,29.0,29.0,29.0,6.950189237359656,10.092500532451107,7.774545473969344,Transient_Shock
4.1438786865910515e-05,8.822793824947439e-05,0.000383493894332787,0.006437296549477158,0.009392972812133249,0.01958300013615858,0.039794921875,0.06201171875,0.09521484375,29.0,29.0,29.0,4.873467690850118,10.06998096249116,8.199037505070349,Transient_Shock
7.88154429756105e-05,0.00010072247823700309,0.0004203391399641987,0.008877806202863998,0.010036058899638,0.020502174030190036,0.046875,0.060791015625,0.10009765625,29.0,29.0,29.0,5.707118894618426,8.448144793302015,8.78785029606437,Transient_Shock
6.422515434678644e-05,8.912590783438645e-05,0.0004584802663885057,0.008014059791815034,0.009440651875500253,0.02141215230630741,0.037353515625,0.060546875,0.10791015625,14.0,29.0,29.0,6.520357806014808,8.817904889922014,7.699560190079039,Transient_Shock
3.461868254817091e-05,7.638567694812082e-05,0.00038970446621533483,0.00588376431786411,0.008739889984898027,0.01974093377262927,0.02685546875,0.052490234375,0.092529296875,29.0,29.0,7.0,5.146584257708616,9.078422314608156,8.127112709732334,Transient_Shock
3.678625216707587e-05,8.031440665945411e-05,0.000383194288588129,0.006065167117819251,0.00896183054177293,0.01957534900297129,0.03173828125,0.05029296875,0.0888671875,29.0,29.0,7.0,5.980802132288491,9.028585170493592,7.926786662076471,Transient_Shock
4.5812248572474346e-05,8.059068568400107e-05,0.0003764322027564049,0.006768474611939853,0.008977231515562081,0.019401860806541337,0.03369140625,0.04736328125,0.08935546875,15.0,29.0,7.0,5.365101480071524,8.429482675859598,7.790192050829601,Transient_Shock
5.25474279129412e-05,6.383636718965136e-05,0.0003345779223309364,0.007248960471194556,0.007989766403947699,0.018291471300333838,0.035400390625,0.05224609375,0.09619140625,15.0,29.0,7.0,7.3857333078194305,7.729239236882234,8.663753438508252,Transient_Shock
5.94593548157718e-05,9.99296571535524e-05,0.0003900988376699388,0.007710989224202807,0.009996482238945477,0.019750919919587006,0.037353515625,0.0576171875,0.109375,15.0,29.0,29.0,6.452645320045841,9.14789003208407,7.668549426123337,Transient_Shock
3.357382593094371e-05,7.531419396400452e-05,0.0003729652344190981,0.005794292530667028,0.008678375076245812,0.01931230784808222,0.0263671875,0.0537109375,0.0966796875,29.0,29.0,7.0,5.812012039589733,7.729217301951669,7.842320900394431,Transient_Shock
3.9582399040227756e-05,7.853417992009781e-05,0.0004149614687776193,0.006291454445533859,0.008861951247896696,0.020370603053852365,0.03271484375,0.0498046875,0.107666015625,29.0,29.0,29.0,5.1230126252604835,7.75276821949801,6.766371562888776,Transient_Shock
8.92187817953527e-05,9.232724187313579e-05,0.00041695424806675874,0.009445569426739327,0.009608706566085562,0.02041945758502803,0.044921875,0.065673828125,0.10302734375,15.0,29.0,29.0,5.038213653667271,8.254943691012746,7.768407529311047,Transient_Shock
5.5318258091574535e-05,8.702804552740417e-05,0.0003743001689144876,0.007437624492509321,0.0093288823300224,0.01934683873180545,0.037353515625,0.052734375,0.098876953125,15.0,29.0,7.0,6.583856577527951,8.610483234708829,8.430427501059793,Transient_Shock
5.0803642807295546e-05,9.376123489346355e-05,0.0004421297307999339,0.007127667416995237,0.009683038515541677,0.02102688114771028,0.035400390625,0.0537109375,0.094970703125,29.0,29.0,29.0,5.686666939795736,9.86958173976035,8.635255931945858,Transient_Shock
4.167504084762186e-05,8.09521552582737e-05,0.0003428105228522327,0.006455620872357813,0.008997341566166848,0.01851514306864067,0.033935546875,0.054931640625,0.0947265625,14.0,29.0,7.0,5.677089079754796,7.947847775932725,8.060206994145103,Transient_Shock
8.031859761103988e-05,0.00010830815517692827,0.0004196355257590767,0.008962064361018608,0.010407120407534847,0.020485007340957356,0.04736328125,0.05712890625,0.101318359375,14.0,29.0,7.0,8.844185915608309,9.603184484302776,7.404712927808374,Transient_Shock
0.0001071452716132626,8.39808453747537e-05,0.00043182261288166046,0.010351100019479214,0.009164106359856029,0.02078034198182649,0.04248046875,0.058349609375,0.092041015625,14.0,29.0,29.0,13.845666605200666,8.047568184222278,7.915921522382479,Transient_Shock
0.00014289747923612595,0.00011184261165908538,0.0004757738461194094,0.011953973366045532,0.010575566729924471,0.021812240740451436,0.050537109375,0.0625,0.1083984375,14.0,29.0,29.0,14.104860897376806,8.987139713523371,7.868921557126672,Transient_Shock
0.0001416711565980222,9.47662047110498e-05,0.00048421449901070446,0.01190256932758731,0.009734793511474693,0.022004874437512804,0.0498046875,0.064208984375,0.119384765625,14.0,29.0,29.0,13.099915734910661,8.645406797945194,8.163586762191391,Transient_Shock
0.00014195358016877435,8.330194032168947e-05,0.0003468459144642111,0.011914427395757396,0.009126989663722069,0.018623799678481594,0.04541015625,0.0595703125,0.092529296875,14.0,29.0,29.0,17.236805043771852,7.782943804991511,7.941477136297064,Transient_Shock
0.00015551637625321746,8.909567259252071e-05,0.00045983992458786815,0.01247062052398426,0.009439050407351405,0.021443878487528045,0.049072265625,0.054443359375,0.10888671875,14.0,29.0,29.0,14.331492353457842,7.630654924317582,7.762949851431659,Transient_Shock
0.0001677879481576383,8.856761269271374e-05,0.0003707788673636969,0.012953298736524156,0.009411036749089536,0.01925561911140997,0.05615234375,0.063720703125,0.10693359375,14.0,29.0,29.0,15.58026243370096,8.666499964341234,7.969701428634481,Transient_Shock
0.06954520381987095,0.007834290721802972,0.0020161881948297378,0.2637142465242842,0.08851152875079592,0.04490198430837704,2.593505859375,0.9638671875,0.449462890625,14.0,36.0,29.0,2.602782501746405,3.481995526673698,2.663416354257984,Transient_Shock
0.014086360446526669,0.0017038445184880402,0.002085537518723868,0.11868597409351565,0.04127765156217151,0.04566768571675017,1.15966796875,0.333251953125,0.35009765625,5.0,36.0,2.0,2.6906050366387047,3.419883776267741,4.64118164978053,Transient_Shock
0.00021696928888559341,0.00011061850455007516,0.0006846925243735313,0.014729877422626212,0.010517533197003714,0.026166629977387827,0.078125,0.05810546875,0.1455078125,14.0,29.0,2.0,4.9508692518826765,5.3460063444570975,6.908754571893388,Transient_Shock
8.954816439654678e-05,8.07704491307959e-05,0.00040907266884460114,0.009462989189286163,0.008987238125853565,0.020225544957914017,0.0419921875,0.05810546875,0.10302734375,14.0,29.0,7.0,6.255117243697857,7.011772800003733,7.582018465010114,Transient_Shock
5.040824180468917e-05,5.847462671226822e-05,0.0003540429752320051,0.00709987618234918,0.0076468703867836165,0.018816029741473228,0.032470703125,0.0478515625,0.08544921875,7.0,29.0,7.0,4.1906865890395215,3.9658389736641615,8.057671486429385,Transient_Shock
0.0009357266208098736,0.0001744867768138647,0.0003775834593398031,0.03058964891609372,0.013209344299164313,0.019431506872597478,0.37158203125,0.15673828125,0.086669921875,14.0,29.0,7.0,1.916347674092496,3.153250632332787,6.984474856624486,Transient_Shock
0.00250353837327566,0.00032796436789794825,0.00043782054854091257,0.05003537122152348,0.018109786522705017,0.02092416183604286,0.45947265625,0.144775390625,0.13720703125,14.0,36.0,7.0,2.5611027283528744,6.316938943800024,6.353831150611786,Transient_Shock
3.735325299203396e-05,8.824813630781136e-05,0.0003459780382399913,0.00611173076894213,0.00939404791917794,0.018600484892604043,0.025634765625,0.053466796875,0.090576171875,14.0,29.0,7.0,3.586013851183864,5.096480630595772,8.008374310259725,Transient_Shock
3.770366311073303e-05,5.470738688018173e-05,0.00028571110669872724,0.006140330863294993,0.0073964442051692465,0.016902991057760375,0.03271484375,0.044189453125,0.080810546875,7.0,29.0,7.0,3.929650605608467,6.313995636834945,8.520242099999875,Transient_Shock
0.12982929779900587,0.013866320819943212,0.009478512918576598,0.36031832842502737,0.11775534306324793,0.09735765464808917,2.52880859375,0.958984375,0.5869140625,18.0,27.0,3.0,4.444593530774608,3.6756533823575124,6.016295134282011,Transient_Shock
0.005172994595341152,0.0011232254873903003,0.022652929208561545,0.07192353297315943,0.03351455635079033,0.1505089007619202,0.382568359375,0.2158203125,0.453125,17.0,2.0,3.0,4.364569488483514,5.395509973041025,11.868999099829265,Transient_Shock
0.0007497749757021666,0.00025035043654497713,0.005790845592855476,0.02738201920425458,0.01582246619667671,0.0760976056972588,0.1279296875,0.078857421875,0.306640625,3.0,2.0,2.0,4.69566712725436,7.403364201803944,10.460588764217789,Transient_Shock
0.00022045315927243792,0.00013228781972429715,0.0006410637870430946,0.014847665111809261,0.011501644218297536,0.025319237489369515,0.078125,0.06201171875,0.12841796875,35.0,29.0,3.0,4.296134264213925,4.2843744451206955,5.796354496518098,Transient_Shock
7.008315515122376e-05,6.604980444535613e-05,0.00034424707700964063,0.008371568261157748,0.008127103078302634,0.018553896545190733,0.0439453125,0.045654296875,0.104248046875,7.0,29.0,7.0,3.6808143474318014,5.073540652413122,6.43882985535313,Transient_Shock
1.478718695580028e-05,7.755224942229688e-06,1.6303351003443822e-05,0.0038454111556243606,0.002784820450626878,0.004037740829157293,0.021728515625,0.01318359375,0.0205078125,25.0,2.0,2.0,4.380831430308939,4.852554158581545,4.487164533830058,Transient_Shock
9.727649739943445e-06,6.756101356586441e-06,2.24678915401455e-05,0.0031189180399528687,0.00259925015275299,0.004740030753080143,0.018798828125,0.013671875,0.02490234375,14.0,2.0,3.0,3.658114302055401,4.101762872196491,4.842051898128923,Transient_Shock
9.256822522729635e-06,9.59831231739372e-06,2.6523946871748194e-05,0.003042502674235412,0.0030981143163856494,0.005150140471069522,0.01806640625,0.017578125,0.0244140625,44.0,2.0,2.0,3.6475909317251634,4.441885913765807,9.252224990860938,Transient_Shock
1.3255277735879645e-05,1.6742003936087713e-05,5.183703251532279e-05,0.003640779825240692,0.004091699394638823,0.007199793921726009,0.019775390625,0.01953125,0.04248046875,42.0,32.0,3.0,4.920330431544012,3.5571894197599003,6.936754288766586,Transient_Shock
1.888363840407692e-05,2.1132491383468732e-05,1.715286634862423e-05,0.00434553085411632,0.004597008960559978,0.004141601906101578,0.024169921875,0.024658203125,0.026123046875,25.0,39.0,2.0,5.1904718659655655,4.05792284073285,6.129504153218917,Transient_Shock
3.6001147236675024e-05,3.0482595320791006e-05,3.7953126593492925e-05,0.006000095602294602,0.005521104538114724,0.0061606108945049375,0.028564453125,0.0224609375,0.02978515625,25.0,35.0,3.0,11.075870097469714,4.408101635467493,9.240349942143164,Transient_Shock
1.9489729311317205e-05,4.3429634388303384e-05,8.764733502175659e-05,0.004414717353502623,0.006590116416900644,0.009362015542700011,0.02197265625,0.0263671875,0.040771484375,3.0,38.0,3.0,6.648944808129646,8.001593467917266,15.345583915517734,Transient_Shock
3.0664014047943056e-05,2.3916680220281705e-05,5.013216286897659e-05,0.005537509733440029,0.004890468302758102,0.007080406970575674,0.030029296875,0.026611328125,0.031494140625,20.0,43.0,4.0,5.645995689199496,3.722361741999708,7.756711267420539,Transient_Shock
6.139371544122696e-05,2.0930994651280344e-05,3.3171494578709826e-05,0.00783541418440831,0.004575040398868664,0.005759469991128509,0.03369140625,0.023193359375,0.027099609375,20.0,32.0,4.0,11.453958138698704,5.998290422582922,7.662234232283683,Transient_Shock
2.165822297683917e-05,4.786380668519996e-05,3.3469623303972185e-05,0.004653839595091258,0.006918367342458765,0.0057852937093955895,0.023681640625,0.026123046875,0.031005859375,20.0,35.0,4.0,7.903967088869268,8.338700044463296,6.342272361417657,Transient_Shock
2.7386413421481848e-05,5.6762248277664185e-05,5.3552546887658536e-05,0.0052332029791975244,0.0075340724895413755,0.007317960568878363,0.027587890625,0.02978515625,0.037841796875,20.0,37.0,5.0,5.100929194354681,8.855970812035808,6.733386641566649,Transient_Shock
2.7006168238585815e-05,7.802038453519344e-05,4.3627627746900544e-05,0.005196745927846177,0.00883291483799054,0.006605121327190027,0.024169921875,0.038330078125,0.035400390625,25.0,39.0,5.0,7.298736650777857,6.7657022363149695,8.307021934852543,Transient_Shock
3.0473249353235587e-05,4.936927871312946e-05,5.319993942975998e-05,0.005520258087556739,0.007026327540979673,0.007293828859368718,0.0283203125,0.02734375,0.031494140625,20.0,41.0,5.0,7.035994855538754,7.255825893804059,8.485159423201996,Transient_Shock
2.7246540412306786e-05,3.107182783423923e-05,5.537248216569424e-05,0.0052198218755343355,0.005574210960686654,0.00744126885454989,0.02490234375,0.0234375,0.038818359375,20.0,43.0,5.0,6.60858543331045,4.925479604383028,6.829007410386997,Transient_Shock
5.620415322482586e-05,5.811825394630432e-05,6.490872692666017e-05,0.007496942925274665,0.007623532904520339,0.008056595244063101,0.069091796875,0.04541015625,0.044189453125,32.0,45.0,6.0,3.1199757789671105,4.996368304254343,6.7542488610835,Transient_Shock
2.622173269628547e-05,2.6019057258963585e-05,8.221368989325128e-05,0.005120716033552873,0.0051008878892761,0.009067176511640837,0.037109375,0.02392578125,0.045166015625,33.0,47.0,6.0,3.795537969114845,6.703478265361255,10.182249743797485,Transient_Shock
1.8224814994027838e-05,2.6394089218229055e-05,7.976701817824505e-05,0.004269053173014813,0.005137517807096054,0.008931238333973909,0.01953125,0.0244140625,0.040771484375,26.0,24.0,6.0,4.471849428918902,5.209557159461267,10.577409157763919,Transient_Shock
4.324746259953827e-05,3.479304723441601e-05,8.360853826161474e-05,0.006576280301168607,0.0058985631499896655,0.009143770461992948,0.02734375,0.02685546875,0.041748046875,25.0,37.0,6.0,9.397710587670685,4.582817462350019,9.3659301720707,Transient_Shock
2.287607276230119e-05,2.6153018552577123e-05,8.391873780055903e-05,0.0047828937644799506,0.0051140022049836,0.00916071710078196,0.024169921875,0.02392578125,0.039794921875,25.0,27.0,6.0,4.167279626752864,3.900016002144858,8.10648493201725,Transient_Shock
2.2491582058137283e-05,2.8357782866805792e-05,8.5176983702695e-05,0.00474252907825954,0.005325202612746842,0.009229137755104483,0.0224609375,0.02685546875,0.042236328125,6.0,26.0,6.0,4.3905010701259295,3.9437385819027146,5.847570395861839,Transient_Shock
5.149095886736177e-05,3.08274757117033e-05,0.0001034481538226828,0.007175720093994872,0.00555224960819516,0.010170946554902489,0.040771484375,0.033203125,0.046875,15.0,26.0,6.0,5.4522655327744145,4.580333278961338,6.3768300073584845,Transient_Shock
0.00016441469779238105,3.248001667088829e-05,0.00011159240966662765,0.012822429480889378,0.005699124202093536,0.01056373085924796,0.06787109375,0.0302734375,0.05419921875,21.0,27.0,7.0,6.603634672803234,4.756385443659906,6.839778793271644,Transient_Shock
0.00017937158918357454,3.269128137617372e-05,0.00012864917516708374,0.01339296790049071,0.005717628999521893,0.011342361974786545,0.065185546875,0.028076171875,0.052978515625,15.0,27.0,7.0,8.093037026345042,6.467744132903515,9.127791941829154,Transient_Shock
7.386771903838962e-05,4.722390076494776e-05,0.0001472442781960126,0.008594633153217747,0.0068719648402002,0.012134425334395222,0.038330078125,0.03271484375,0.06298828125,15.0,28.0,7.0,9.580127522163318,3.8564417561174182,9.394475865929742,Transient_Shock
6.470106018241495e-05,4.5149408833822235e-05,0.00013354768452700227,0.008043696922585717,0.006719330981118748,0.011556283335354939,0.037353515625,0.0322265625,0.05517578125,15.0,28.0,7.0,10.687548409876056,6.935577187860584,9.566693278284951,Transient_Shock
5.7995261158794165e-05,3.492124596959911e-05,0.0001579603376740124,0.007615461979341383,0.0059094201043418055,0.012568227308336384,0.034912109375,0.025634765625,0.0537109375,15.0,28.0,7.0,9.913347300750697,6.311127992189335,10.412459278901006,Transient_Shock
2.99673956760671e-05,4.004441143479198e-05,0.0001325593184446916,0.005474248411980141,0.006328065378517512,0.011513440773491285,0.025390625,0.0302734375,0.054931640625,15.0,28.0,7.0,9.141512479744417,5.618360651443103,10.721891651415287,Transient_Shock
1.7579903214937076e-05,5.3366875363281e-05,0.00014878689762554131,0.004192839516954718,0.007305263538249732,0.012197823479028598,0.018798828125,0.03466796875,0.055419921875,7.0,29.0,7.0,4.1530770491835245,7.274186123379905,8.847976092900081,Transient_Shock
1.503968087490648e-05,4.3210675357840955e-05,0.00015321882892749272,0.003878102741664599,0.006573482741883556,0.012378159351353201,0.020263671875,0.0263671875,0.061767578125,7.0,29.0,7.0,4.137865006687008,8.3009355731907,7.989222431414636,Transient_Shock
1.711874210741371e-05,4.787299258168787e-05,0.00014183297753334045,0.004137480163990362,0.006919031188084635,0.011909365118818906,0.0205078125,0.0322265625,0.055908203125,7.0,29.0,7.0,5.121269211244846,7.084216474425723,7.290862315035205,Transient_Shock
1.611813422641717e-05,4.5639750169357285e-05,0.00013622030382975936,0.00401473962124783,0.006755719811341889,0.011671345416435903,0.022216796875,0.033935546875,0.053955078125,7.0,29.0,7.0,5.3762294312765775,6.731886863269136,8.241598189744453,Transient_Shock
1.5832585631869733e-05,5.238264566287398e-05,0.00014363984519150108,0.003979018174357807,0.007237585623871678,0.011984984154828954,0.021240234375,0.03173828125,0.057861328125,7.0,29.0,7.0,4.3132237645183,4.803124546087904,7.536837498914683,Transient_Shock
2.7158515877090394e-05,4.639975668396801e-05,0.00015964512931532227,0.005211383297848125,0.006811736686335432,0.012635075358513785,0.027099609375,0.032958984375,0.055908203125,19.0,30.0,7.0,3.9267475134526006,5.711154719634903,8.021160399533166,Transient_Shock
2.108491025865078e-05,4.5053879148326814e-05,0.00014856268171570264,0.0045918308177295445,0.0067122186457479775,0.012188629197563713,0.023681640625,0.034423828125,0.055908203125,7.0,30.0,7.0,3.4857217652949677,4.953333472734139,6.702118737033233,Transient_Shock
2.325832610949874e-05,5.16427680850029e-05,0.00016738887643441558,0.00482268868054934,0.007186290286719769,0.012937885315398943,0.025146484375,0.033203125,0.059814453125,33.0,30.0,7.0,3.915972731482081,7.8463823845687495,7.291125082930428,Transient_Shock
2.531386780901812e-05,4.4581738620763645e-05,0.0001870235391834285,0.005031288881491314,0.006676955789936282,0.013675654981880338,0.0283203125,0.02880859375,0.069091796875,7.0,30.0,15.0,3.5638596827090105,5.161350892017711,5.353174119933127,Transient_Shock
1.776028875610791e-05,5.255546420812607e-05,0.00018741794337984174,0.004214295760397923,0.00724951475673552,0.013690067325613916,0.021728515625,0.033447265625,0.06298828125,30.0,30.0,7.0,3.6373274753221976,6.415409979769455,5.426018324774906,Transient_Shock
1.8088085198542103e-05,5.4546802857657894e-05,0.00016583756951149553,0.004253008958201488,0.007385580739363554,0.012877793658523012,0.02001953125,0.03955078125,0.05615234375,7.0,30.0,8.0,3.6544132151912887,7.9119872099366075,6.52408984703806,Transient_Shock
2.5229528546333313e-05,5.4071508202468976e-05,0.00017054291311069392,0.0050229004117475105,0.007353333135556214,0.013059207981753484,0.0224609375,0.0322265625,0.0595703125,23.0,30.0,15.0,4.013207494404526,6.719625789360476,5.324666542892196,Transient_Shock
1.7764963558875024e-05,5.359816350392066e-05,0.00017189775462611578,0.004214850360199638,0.007321076662890552,0.013110978400795106,0.02197265625,0.032958984375,0.05810546875,42.0,30.0,8.0,4.07723847684105,8.430306548255253,6.89685415621913,Transient_Shock
1.948713543242775e-05,6.192152795847505e-05,0.0002021182699536439,0.004414423567401269,0.00786902331668137,0.01421683051715972,0.023193359375,0.033447265625,0.064697265625,8.0,30.0,8.0,4.060338654611222,7.211677457857845,7.061924486981434,Transient_Shock
1.8241433281218633e-05,4.954676842316985e-05,0.0001894658780656755,0.004270999096372959,0.00703894654214463,0.013764660477675267,0.021484375,0.031982421875,0.06591796875,7.0,30.0,8.0,3.618833963707179,8.068637333366228,6.512526663564135,Transient_Shock
2.1545783965848386e-05,6.159190888865851e-05,0.00016155355478986166,0.004641743634222854,0.007848051279690934,0.012710371937510784,0.0205078125,0.034423828125,0.06005859375,8.0,30.0,8.0,4.851249332537481,10.962903643272373,7.133972888885379,Transient_Shock
2.150307409465313e-05,5.774456076323986e-05,0.00018204818115918897,0.0046371407240510965,0.007598984192853665,0.013492523157630264,0.02734375,0.037109375,0.06201171875,42.0,30.0,8.0,4.079229390302678,7.11269910073083,7.272169094090238,Transient_Shock
2.1431300410768017e-05,5.7442099205218256e-05,0.00017837910854723305,0.004629395253245073,0.007579056617100723,0.013355864200688515,0.023193359375,0.03173828125,0.058837890625,8.0,30.0,8.0,4.096442179942221,8.315263193688276,7.271317473024875,Transient_Shock
1.9589202565839514e-05,8.502023047185503e-05,0.00019861092732753605,0.004425969110357585,0.009220641543398975,0.014092938917327926,0.0263671875,0.041015625,0.0673828125,8.0,30.0,8.0,2.8358475584052187,5.821415978547757,6.516274791467596,Transient_Shock
1.844888538471423e-05,6.394040246959776e-05,0.00016669504111632705,0.004295216570175971,0.007996274286791177,0.012911043378299333,0.0224609375,0.035888671875,0.06103515625,30.0,30.0,8.0,3.975465181848415,6.609481778516472,7.514195817777969,Transient_Shock
1.93017149285879e-05,4.804691707249731e-05,0.00017206877237185836,0.004393371703895301,0.006931588351344683,0.013117498708666159,0.02978515625,0.034912109375,0.062744140625,7.0,30.0,8.0,3.6384569995601783,6.320692303398866,6.369836817625429,Transient_Shock
1.615812288946472e-05,5.2981336921220645e-05,0.00018963305046781898,0.0040197167673189016,0.007278827990907647,0.013770731660584306,0.021240234375,0.03369140625,0.064208984375,8.0,30.0,8.0,3.9006317025551316,7.524280787614885,7.014907724957632,Transient_Shock
0.00032462808303534985,7.406226359307766e-05,0.00020114847211516462,0.018017438303914068,0.0086059435039441,0.014182682119936434,0.101806640625,0.037841796875,0.070556640625,20.0,30.0,8.0,9.054480575271976,6.944449052976178,6.706826189305951,Transient_Shock
0.0004561773966997862,6.473465691669844e-05,0.00020559631229843944,0.02135830978096783,0.008045785040423243,0.014338630070492768,0.11865234375,0.0419921875,0.065185546875,20.0,30.0,8.0,8.835823131246412,5.724710403582526,6.254849359036131,Transient_Shock
2.5203858967870474e-05,6.163025682326406e-05,0.0002550363860791549,0.0050203445068909835,0.007850494049629238,0.01596985867436387,0.0263671875,0.03857421875,0.0703125,7.0,30.0,8.0,2.8728858344762305,5.756727698817549,5.782746354019701,Transient_Shock
1.942153539857827e-05,6.243105963221751e-05,0.00020985909213777632,0.00440698711123351,0.007901332775691548,0.014486514147225906,0.022705078125,0.033447265625,0.076171875,8.0,30.0,8.0,4.640846173979354,5.911766820153869,6.227158119820913,Transient_Shock
2.4291162844747305e-05,5.199244696996175e-05,0.00020071485414518975,0.004928606582468041,0.007210578823503821,0.014167386990732968,0.0244140625,0.03271484375,0.06982421875,8.0,30.0,8.0,3.9483205951991183,4.400990023054571,5.577792032224336,Transient_Shock
2.1878149709664285e-05,6.143111022538505e-05,0.00017513368220534176,0.00467740843947418,0.007837800088378439,0.013233808303180977,0.0205078125,0.0361328125,0.05859375,8.0,30.0,8.0,4.723451900289,6.8951082860756685,7.264140114759393,Transient_Shock
1.9456594600342214e-05,5.7713794376468286e-05,0.00017149201812571846,0.0044109630014705645,0.007596959548165851,0.013095496100786653,0.0224609375,0.035400390625,0.054443359375,42.0,30.0,8.0,4.780879405144426,7.4536360879817645,7.36396165081139,Transient_Shock
1.6069956473074853e-05,5.5779179092496634e-05,0.0001828409731388092,0.004008735021559151,0.007468545982485255,0.013521870179039925,0.017578125,0.034912109375,0.059814453125,8.0,30.0,8.0,3.7332936624547264,5.904662242934477,6.630131554738402,Transient_Shock
1.6858437447808683e-05,6.809079786762595e-05,0.00019572929886635393,0.004105902756740432,0.008251714844056715,0.01399032876191099,0.01904296875,0.0380859375,0.066650390625,8.0,30.0,8.0,5.09304423700519,5.695988511714443,6.556740701778462,Transient_Shock
1.9026421796297655e-05,5.589995635091327e-05,0.00017742428099154495,0.004361928678497352,0.0074766273379722,0.013320070607603585,0.021728515625,0.03955078125,0.063232421875,30.0,30.0,8.0,3.1844315695257506,5.599062568146804,5.92251207903226,Transient_Shock
1.5365658327937126e-05,6.916600614204071e-05,0.00022489618277177215,0.003919905397830045,0.008316610255509194,0.014996539026447807,0.017822265625,0.03515625,0.073486328125,8.0,30.0,8.0,4.0495036500835475,6.185094946982662,6.901893587394223,Transient_Shock
1.9955448806285858e-05,6.396240496542305e-05,0.00025002587062772363,0.004467152203169919,0.00799764996517246,0.015812206380759253,0.021484375,0.03759765625,0.071533203125,8.0,30.0,8.0,5.101327337613801,6.890874411461461,6.852575728572932,Transient_Shock
1.94378626474645e-05,7.089899372658692e-05,0.0002706515333557036,0.004408839149647501,0.008420154020360133,0.01645149030804515,0.021484375,0.041748046875,0.075927734375,30.0,30.0,8.0,4.916245601628129,6.839082174696105,7.283046051697522,Transient_Shock
1.846846134867519e-05,6.958137964829803e-05,0.00021288088464643806,0.004297494775875265,0.008341545399282918,0.014590438123868593,0.02099609375,0.03857421875,0.0703125,7.0,30.0,8.0,4.608027418000991,11.083574633426423,6.791043751565151,Transient_Shock
2.0665989723056555e-05,6.13693700870499e-05,0.00019621994215412997,0.00454598611118166,0.007833860484272738,0.014007852874517564,0.023681640625,0.03515625,0.06884765625,8.0,30.0,8.0,5.03426840781252,8.356313634707307,6.640608584756729,Transient_Shock
2.3225231416290626e-05,5.7869532611221075e-05,0.00019030360272154212,0.004819256313612156,0.007607202679777966,0.013795057184424505,0.01953125,0.033203125,0.05810546875,8.0,30.0,8.0,5.472686724745711,9.091350589374331,6.561906512543709,Transient_Shock
2.0722378394566476e-05,6.065890192985535e-05,0.00017943180500878952,0.004552183914844223,0.007788382497659918,0.013395215750736884,0.022705078125,0.032958984375,0.059814453125,7.0,30.0,8.0,4.836506071183616,12.178865501246992,7.2287597386877644,Transient_Shock
1.7268404917558655e-05,6.243027382879518e-05,0.0001838372554630041,0.004155527032466358,0.007901283049530321,0.013558659795975564,0.02099609375,0.032958984375,0.061279296875,7.0,30.0,7.0,4.8661678566355615,9.326925957207237,6.509049188028108,Transient_Shock
1.76477333297953e-05,6.109639070928097e-05,0.00021360254322644323,0.004200920533620613,0.007816418022936143,0.014615147731940422,0.018798828125,0.03466796875,0.069580078125,8.0,30.0,7.0,4.39868224129372,8.216803377335275,6.695986756409706,Transient_Shock
2.0589781343005598e-05,5.9578302170848474e-05,0.00023180368225439452,0.004537596427956722,0.007718698217371144,0.015225100402112116,0.02392578125,0.035400390625,0.0712890625,8.0,30.0,7.0,5.890664636943208,9.67455220219127,5.618930966333681,Transient_Shock
2.209107333328575e-05,7.211504271253943e-05,0.00025994330644607544,0.004700114183005105,0.008492057625366154,0.01612275740827466,0.02197265625,0.041259765625,0.080322265625,8.0,30.0,8.0,4.743993673721794,7.984661725954601,5.329589294405488,Transient_Shock
1.2638149200938642e-05,1.811318156796915e-05,0.0001382177467803558,0.00355501746844353,0.004255958360694939,0.011756604389888936,0.02001953125,0.031982421875,0.13250732421875,3.0,2.0,2.0,2.997209735500271,2.9990658148887053,3.456097502558327,Transient_Shock
7.815742719685659e-06,9.329989552497864e-06,1.8587103113532066e-05,0.0027956649870264604,0.0030545031596804517,0.004311276274322032,0.011474609375,0.016357421875,0.022216796875,42.0,2.0,2.0,4.100361517959789,7.535969613330941,7.068649841239155,Transient_Shock
1.6843983758008108e-05,1.0353160178055987e-05,2.473335189279169e-05,0.004104142268246571,0.0032176326978162043,0.004973263706339297,0.0341796875,0.01611328125,0.0234375,42.0,2.0,2.0,4.23728035551353,4.639898795447896,6.770937825927456,Transient_Shock
7.486665708711371e-06,1.0338055290048942e-05,2.5316661776741967e-05,0.002736177207110565,0.0032152846359302222,0.005031566533073171,0.01318359375,0.017822265625,0.02783203125,12.0,2.0,3.0,4.491937588453879,3.1425207362344785,5.675715679074553,Transient_Shock
1.023709774017334e-05,2.189130464103073e-05,1.9401366444071755e-05,0.0031995464897659072,0.004678814448236939,0.004404698223950394,0.013671875,0.023193359375,0.0234375,12.0,36.0,3.0,4.056692406762439,4.323947962297199,5.1833369226664985,Transient_Shock
1.2983244232600555e-05,2.6164576411247253e-05,2.130795837729238e-05,0.0036032269193877527,0.0051151321010553825,0.004616054416630331,0.016845703125,0.021484375,0.02392578125,12.0,39.0,3.0,4.167290515948776,4.1477352479631175,5.569976404678502,Transient_Shock
1.4387769624590874e-05,3.97566327592358e-05,3.5957840736955404e-05,0.00379312135642809,0.006305286096541203,0.005996485698886924,0.018798828125,0.02978515625,0.029296875,3.0,36.0,3.0,4.206096229143063,6.234597816764129,9.147177679888884,Transient_Shock
1.6543399397050962e-05,3.556394585757516e-05,7.101938535925001e-05,0.004067357790636442,0.005963551446711528,0.00842730000410867,0.0224609375,0.027099609375,0.032470703125,3.0,39.0,3.0,6.135284679544438,6.508857134957726,12.771748296381665,Transient_Shock
0.0006127814085630234,6.143188511487097e-05,8.546747267246246e-05,0.024754422000180562,0.007837849521065773,0.009244861960703494,0.2978515625,0.092041015625,0.0673828125,19.0,30.0,4.0,2.1067514285252598,3.1600976735431177,3.788913072887536,Transient_Shock
3.6098004784435034e-05,2.638994192238897e-05,3.611668944358826e-05,0.006008161514509662,0.005137114162872864,0.0060097162531677194,0.035400390625,0.024169921875,0.02783203125,14.0,32.0,4.0,4.665349892423886,7.4511047354304605,10.524300673180944,Transient_Shock
2.0288265659473836e-05,5.47992494830396e-05,6.060603482183069e-05,0.004504249733249016,0.0074026515170606,0.0077849877855929025,0.023681640625,0.041259765625,0.037353515625,34.0,34.0,3.0,4.389640542546979,9.309978208502415,5.105414385509489,Transient_Shock
2.416217466816306e-05,4.7150751925073564e-05,6.033636964275502e-05,0.004915503500981671,0.006866640512293735,0.0077676489134586284,0.0263671875,0.03076171875,0.0380859375,14.0,36.0,3.0,3.5020760645364746,10.865394866635237,7.669203382479807,Transient_Shock
2.1505020413314924e-05,6.731267785653472e-05,4.434844231582247e-05,0.004637350581238701,0.008204430379772549,0.006659462614642601,0.024658203125,0.032470703125,0.033447265625,28.0,38.0,5.0,3.7085761052870367,12.918815072159349,6.040255751502112,Transient_Shock
7.180588727351278e-05,5.477547165355645e-05,3.7706398870795965e-05,0.008473835452350535,0.00740104530816806,0.006140553629013916,0.0439453125,0.034912109375,0.029541015625,20.0,40.0,5.0,5.9688172164785565,8.274444899675402,8.44325029246325,Transient_Shock
0.00018788035959005356,5.46345800103154e-05,4.941015504300594e-05,0.013706945669625074,0.007391520818499763,0.007029235736764413,0.1123046875,0.03466796875,0.0380859375,41.0,41.0,5.0,3.710704606065985,9.439680033995023,7.143959459399718,Transient_Shock
3.583054058253765e-05,3.4596057957969606e-05,4.5987075282027945e-05,0.005985861724308176,0.005881841374771136,0.006781377093336423,0.03076171875,0.02587890625,0.032470703125,5.0,42.0,5.0,3.7065206537521496,6.34291544222986,6.351888919913474,Transient_Shock
9.338935706182383e-05,5.296873860061169e-05,0.00010680475679691881,0.00966381689922899,0.007277962530860659,0.010334638687294239,0.085205078125,0.041015625,0.0478515625,20.0,44.0,3.0,3.7997385209626136,4.23184753787531,6.3649925704958195,Transient_Shock
0.000548874926607823,8.658840306452475e-05,0.0001971569399756845,0.02342807987453993,0.009305288983396741,0.014041258489739604,0.144775390625,0.05322265625,0.0634765625,42.0,45.0,3.0,3.769019195128255,4.712322335612614,7.825883969169116,Transient_Shock
6.074222255847417e-05,3.863508754875511e-05,0.00021983994156471454,0.007793729694983921,0.006215712955788347,0.014827000423710608,0.042724609375,0.04248046875,0.076171875,20.0,46.0,3.0,4.290639755554031,3.657562879692108,7.235143481021118,Transient_Shock
4.055691169924103e-05,1.933402381837368e-05,0.00024854199364199303,0.006368430866331284,0.004397047170360318,0.015765214671611454,0.0341796875,0.019287109375,0.063232421875,3.0,47.0,3.0,5.591771092820718,5.230359211253248,11.604524909568601,Transient_Shock
3.9822174585424364e-05,2.1855605154996738e-05,8.084060391411185e-05,0.006310481327555321,0.004674997877539277,0.008991140301102627,0.034423828125,0.0234375,0.04541015625,25.0,24.0,6.0,4.222244617200604,6.952987970599156,8.93761276037275,Transient_Shock
4.1105260606855154e-05,2.5257930246880278e-05,6.239313734113239e-05,0.006411338441141222,0.005025726837670376,0.007898932671008937,0.033203125,0.027099609375,0.03271484375,15.0,25.0,6.0,5.326712031130033,4.7116207240649866,8.678885649808198,Transient_Shock
2.5033237761817873e-05,8.504907600581646e-05,5.9474226873135194e-05,0.005003322672166755,0.00922220559333918,0.00771195350563884,0.02783203125,0.045166015625,0.0341796875,25.0,1.0,6.0,3.4737219865108377,8.254813824964474,5.503135310074909,Transient_Shock
2.2491843992611393e-05,3.568123793229461e-05,8.743070065975189e-05,0.0047425566936633865,0.005973377430925875,0.009350438527670875,0.025390625,0.0302734375,0.0439453125,6.0,26.0,6.0,3.8660449861737023,6.839329664433125,6.948522733599224,Transient_Shock
2.1807438315590844e-05,2.4973182007670403e-05,7.789890150888823e-05,0.004669843500117626,0.004997317481176316,0.008826035435510568,0.02978515625,0.0234375,0.037841796875,12.0,26.0,7.0,3.6226973274400467,5.977522076705688,6.300276739123774,Transient_Shock
2.9980146791785955e-05,4.316898048273288e-05,0.00011238292427151464,0.00547541293344949,0.006570310531682112,0.010601081278412814,0.02978515625,0.038330078125,0.070068359375,42.0,2.0,7.0,5.596989642938821,4.025016143451856,5.274863026874696,Transient_Shock
2.105078601744026e-05,8.705714935786091e-05,0.00019154288747813553,0.004588113557600799,0.009330442077300567,0.013839902003920964,0.025146484375,0.044677734375,0.091064453125,27.0,2.0,7.0,2.028613151388314,6.122285002997797,3.853565874634692,Transient_Shock
2.910790135501884e-05,4.940939470543526e-05,0.0002696884184842929,0.0053951738947895685,0.007029181652613287,0.016422192864666185,0.031982421875,0.03759765625,0.129638671875,12.0,27.0,7.0,3.5048806318214747,6.530543967734043,4.356229611716581,Transient_Shock
2.1742423996329308e-05,4.387740045785904e-05,0.0001243585102201905,0.00466287722295251,0.006624001846154561,0.011151614691164258,0.019775390625,0.031494140625,0.060302734375,25.0,35.0,7.0,3.542698534523076,4.025536684109199,6.83077406900616,Transient_Shock
3.089777601417154e-05,6.408730041584931e-05,0.00019052883362746798,0.0055585767975419335,0.008005454416574322,0.013803218234436055,0.02685546875,0.040771484375,0.069091796875,25.0,35.0,7.0,4.335694120483015,4.837420887262944,6.431631812219964,Transient_Shock
1.6184345440706238e-05,4.410365363582969e-05,0.0002008106093853712,0.0040229771862025565,0.006641058171393297,0.014170766012653347,0.02099609375,0.037841796875,0.080078125,7.0,29.0,7.0,3.308474017593413,3.880342097175801,6.279718759450542,Transient_Shock
2.3868367861723527e-05,4.70572522317525e-05,0.00016111094373627566,0.004885526364858093,0.006859828877731025,0.012692948583220356,0.023193359375,0.03369140625,0.06201171875,7.0,29.0,7.0,3.8947930062741816,4.3530980123133975,7.948998262059507,Transient_Shock
3.229697176720947e-05,9.926873826771043e-05,0.00032966481740004383,0.005683042474520974,0.009963369824899126,0.018156674183342165,0.041259765625,0.0712890625,0.129638671875,29.0,29.0,7.0,3.891365603681488,6.238470611904057,4.795505499493103,Transient_Shock
2.977269105031155e-05,5.471774784382433e-05,0.0001811431720852852,0.005456435746007787,0.0073971445736732986,0.013458943943909016,0.031005859375,0.035888671875,0.0615234375,7.0,18.0,7.0,3.478135595062194,4.113151478335019,6.348678747491749,Transient_Shock
2.7461992431199178e-05,7.894239024608396e-05,0.0002889146562665701,0.005240419108353756,0.008884953024416277,0.016997489704852597,0.0263671875,0.050048828125,0.098388671875,7.0,22.0,7.0,3.59871635402653,3.7347707271699155,5.328592751398238,Transient_Shock
4.27342856710311e-05,4.771578824147582e-05,0.00024303063037223183,0.006537146600087159,0.006907661561011499,0.01558943970680896,0.033203125,0.0361328125,0.06982421875,21.0,29.0,7.0,4.242176344370637,4.486477580138726,6.562119142216242,Transient_Shock
4.495563916862011e-05,6.493221735581756e-05,0.00025298649779870175,0.00670489665607309,0.008058052950670996,0.015905549276862517,0.02978515625,0.042236328125,0.067626953125,14.0,30.0,7.0,4.999387931228685,5.126209630405222,5.7967177034410415,Transient_Shock
3.4700959076872095e-05,8.367598275071941e-05,0.00029939865635242313,0.005890751995872182,0.00914745772063033,0.017303140072033835,0.03466796875,0.03955078125,0.08544921875,7.0,30.0,7.0,3.5247663260469753,7.325195583740507,5.473844995474497,Transient_Shock
2.8929931431775913e-05,6.287975338636898e-05,0.0002519848021620419,0.005378655169443001,0.007929675490609245,0.015874029172268832,0.02783203125,0.042236328125,0.07666015625,30.0,30.0,7.0,4.109163045785339,8.110258949168275,5.625494626758854,Transient_Shock
2.662785118445754e-05,7.12950131855905e-05,0.0002771452855085954,0.005160218133418154,0.008443637438070781,0.016647681085021883,0.0244140625,0.040283203125,0.0751953125,8.0,30.0,8.0,4.077123483546619,10.610467353316706,6.0918473826262876,Transient_Shock
3.576744347810745e-05,9.500069063506089e-05,0.0003339722752571106,0.005980588890578206,0.009746829773575657,0.018274908351537923,0.027099609375,0.04736328125,0.086669921875,7.0,30.0,7.0,4.529971701045139,12.874319333177025,5.447719868269712,Transient_Shock
4.088236892130226e-05,0.00010989323709509335,0.00038899771971045993,0.006393932195550893,0.010482997524329258,0.019723025115596742,0.029296875,0.0498046875,0.094482421875,30.0,30.0,8.0,6.897772704704533,10.16262389028625,6.4850297390696,Transient_Shock
2.9486280254786834e-05,0.00010968875358230434,0.00037751573836430907,0.0054301270937968694,0.010473239879917978,0.01942976423851584,0.02587890625,0.0498046875,0.084716796875,8.0,30.0,8.0,4.204861757660641,9.383795741226955,6.206315748438643,Transient_Shock
3.409675264265388e-05,7.811889736331068e-05,0.0002944295665656682,0.0058392424716442355,0.008838489540827136,0.017158950042635714,0.027587890625,0.039794921875,0.07568359375,8.0,30.0,8.0,4.326679754103601,6.421898526918107,6.070287719452667,Transient_Shock
2.8184251277707517e-05,8.106086170300841e-05,0.00026013399474322796,0.005308884183866466,0.009003380570819407,0.016128669962003312,0.0302734375,0.036865234375,0.07568359375,8.0,30.0,8.0,4.8755964739964375,7.445525153147342,6.955088708622147,Transient_Shock
3.419141285121441e-05,0.0001012727152556181,0.00038040458093746565,0.005847342375063598,0.010063434565575418,0.01950396321103651,0.025390625,0.044677734375,0.091064453125,8.0,30.0,8.0,4.079275792320727,7.85756972717743,6.3636901298773365,Transient_Shock
4.07622974307742e-05,0.00011321503188810311,0.00041759790838113986,0.006384535803860308,0.010640255254837786,0.020435212462344008,0.031494140625,0.050537109375,0.092041015625,8.0,30.0,8.0,3.9428943233474594,6.5306211458310175,6.4281572740882895,Transient_Shock
4.9442340241512284e-05,0.00013554369797930121,0.000489738245960325,0.007031524745139726,0.011642323564448002,0.022130030410289204,0.037109375,0.05712890625,0.1181640625,30.0,30.0,8.0,4.126669676280432,6.543170461597757,5.806919941696755,Transient_Shock
5.780007631983608e-05,0.0001527442946098745,0.0005603933495876845,0.00760263614280179,0.012358976276774484,0.02367262870041442,0.0390625,0.0546875,0.140869140625,30.0,30.0,8.0,3.557446691802566,8.352230236994854,4.944892901662823,Transient_Shock
4.322596578276716e-05,0.0001337810499535408,0.00047049548811628483,0.006574645677355333,0.011566375834873289,0.02169090795970249,0.03662109375,0.052001953125,0.10693359375,8.0,30.0,8.0,3.9010910793703624,9.948894979078519,5.710366611051888,Transient_Shock
7.909443229436874e-05,0.00010049625052488409,0.0004258535336703062,0.008893505062368197,0.010024781819315775,0.0206362189770875,0.057861328125,0.0458984375,0.092529296875,30.0,30.0,30.0,6.132714532350546,10.022888504197741,6.238387478137284,Transient_Shock
4.953984171152115e-05,0.00016342530943802558,0.0006310775024758186,0.007038454497368094,0.012783790886823266,0.02512125598921795,0.036376953125,0.0556640625,0.11328125,14.0,30.0,30.0,3.7708457273866043,12.055551092581403,6.387085443507164,Transient_Shock
4.038115366711281e-05,0.00011998909394606017,0.0003885938203893602,0.006354616720708875,0.010953953347812842,0.019712783172077964,0.03515625,0.044189453125,0.095458984375,30.0,30.0,8.0,5.390048924168724,13.612871161236496,5.377987989937343,Transient_Shock
3.93312620872166e-05,0.00012083361798431724,0.000395732084143674,0.006271464110334731,0.010992434579487714,0.01989301596399284,0.028076171875,0.04638671875,0.088134765625,30.0,30.0,8.0,6.633157894412808,13.193225015242918,5.748029579294988,Transient_Shock
3.625088356784545e-05,8.201110176742077e-05,0.0003185880741511937,0.006020870665264738,0.009055998109950154,0.017849035664460805,0.029052734375,0.044921875,0.089111328125,30.0,30.0,8.0,6.5465921831588885,10.282289442777138,5.968664319169542,Transient_Shock
3.993697100668214e-05,9.979445894714445e-05,0.0003282874822616577,0.006319570476439213,0.00998971766103249,0.018118705314167944,0.031005859375,0.04345703125,0.08837890625,30.0,30.0,8.0,6.671087721284517,9.723944012706509,6.248666265619599,Transient_Shock
4.006922245025635e-05,9.160954505205154e-05,0.0003603468067012727,0.00633002546995321,0.009571287533662936,0.0189828029200451,0.0361328125,0.0419921875,0.0830078125,30.0,30.0,8.0,8.059093255902702,11.14112464529414,6.00631019820394,Transient_Shock
5.244078056421131e-05,0.00012048670032527298,0.0004439742442627903,0.0072416006907458875,0.010976643399749898,0.021070696340244437,0.03515625,0.043701171875,0.090576171875,30.0,30.0,8.0,8.100959266180864,12.278530767711095,5.963746582269778,Transient_Shock
4.248424374964088e-05,0.00012806697850464843,0.00044071743832319044,0.006517993843940088,0.011316668171535668,0.020993271263030695,0.0380859375,0.05078125,0.0947265625,30.0,30.0,8.0,5.873688105353821,11.321848338768557,6.224214012300935,Transient_Shock
3.2311476388713345e-05,0.00011113109940197319,0.0003744201640074607,0.005684318462992142,0.010541873619142529,0.01934993963834153,0.027587890625,0.0498046875,0.09619140625,30.0,30.0,8.0,4.217105913449392,11.333294313628976,5.712148171161024,Transient_Shock
2.9592014470836148e-05,0.00010894549996010028,0.0003524834719428327,0.005439854269264586,0.010437696104030825,0.018774543188659284,0.03271484375,0.0439453125,0.087646484375,8.0,30.0,8.0,4.474005949847334,12.108830820753115,6.596009723916617,Transient_Shock
4.649905895348638e-05,0.00012361850531306118,0.0003575468435883522,0.006819021847265661,0.011118385913119817,0.0189089091062481,0.0322265625,0.05126953125,0.090576171875,21.0,30.0,30.0,4.487282288587188,12.257562248510881,6.140053892026932,Transient_Shock
0.0005702375783585012,0.00019805520059890114,0.0004724143618659582,0.023879647785478353,0.014073208610650988,0.02173509516579024,0.31640625,0.075927734375,0.12939453125,21.0,30.0,30.0,2.918076253886241,8.95862657035031,6.157064297257187,Transient_Shock
4.05844439228531e-05,0.00014355260645970702,0.00048474102732143365,0.006370592117131114,0.011981344100713701,0.022016835088664165,0.02978515625,0.055908203125,0.125244140625,30.0,30.0,2.0,3.5184749399532333,10.125371712949267,5.420801664644192,Transient_Shock
6.570754339918494e-05,0.0001704756541585084,0.000514359213411808,0.00810601896119081,0.013056632573466575,0.022679488826069426,0.04296875,0.05712890625,0.10498046875,21.0,30.0,30.0,4.412913772011694,11.38048010054629,6.140836705394693,Transient_Shock
5.142390727996826e-05,0.00013910079360357486,0.00044582990449271165,0.007171046456408455,0.011794099948854718,0.021114684570050096,0.038330078125,0.05126953125,0.100830078125,30.0,30.0,8.0,4.351655858841488,10.982771999518429,6.222176143376306,Transient_Shock
5.469208917929791e-05,9.37094446271658e-05,0.0003616762696765363,0.0073954100075180355,0.009680363868531276,0.01901778824355073,0.036865234375,0.044677734375,0.084228515625,30.0,30.0,30.0,7.223292600209288,10.171430176307704,6.208604203094513,Transient_Shock
3.6605968489311635e-05,0.00013177768778405152,0.00038660083373542875,0.00605028664521869,0.011479446318705948,0.01966216757469605,0.0361328125,0.058349609375,0.1025390625,7.0,30.0,8.0,3.92491631256463,10.242322967268944,5.698912022569032,Transient_Shock
4.457723116502166e-05,0.00011105131125077605,0.0003737381448445376,0.006676618243169341,0.010538088595697801,0.019332308316508343,0.0361328125,0.048095703125,0.088134765625,30.0,30.0,8.0,8.499105745268713,10.439918653885439,6.532598671588513,Transient_Shock
0.006695891668641707,0.00033203838029294275,0.0006429182503779884,0.08182842824252283,0.018221920323965385,0.025355832669782082,0.86865234375,0.15673828125,0.143310546875,42.0,30.0,30.0,2.441108540466854,4.156710109858777,4.043100320490912,Transient_Shock
5.92471296840813e-05,0.00015142716802074574,0.0003971516707679257,0.007697215709857773,0.012305574672511062,0.019928664550539398,0.034912109375,0.050537109375,0.096435546875,30.0,30.0,8.0,4.920245298951233,11.862144419397959,5.739898882180587,Transient_Shock
7.841340266168118e-05,0.00012101715765311383,0.0004568179101624992,0.008855134254300224,0.011000779865678333,0.021373299000446776,0.044921875,0.04638671875,0.107421875,30.0,30.0,8.0,7.368403297790669,10.287573168753624,5.390548826250181,Transient_Shock
0.20204617931608482,0.019445369238383137,0.02024870857349015,0.44949547196393963,0.13944665373677181,0.14229795702500492,3.99993896484375,1.536376953125,1.454833984375,17.0,30.0,42.0,2.8566069890699834,3.6157688579650666,2.5397302923509066,Transient_Shock
0.002599875384476036,0.00041973430415964685,0.0014935505132598337,0.0509889731655388,0.02048741819165233,0.038646481253276264,0.36376953125,0.10107421875,0.16259765625,6.0,6.0,3.0,4.570602167528728,6.34177028775385,8.827844870522027,Transient_Shock
0.0006064703593438026,0.00019502975919749588,0.0007290423636732157,0.0246266189182316,0.013965305553316616,0.027000784501069887,0.128662109375,0.064208984375,0.131591796875,6.0,30.0,2.0,8.536182814542004,6.981982483162597,7.927324065529132,Transient_Shock
0.00011087115854024887,0.0001076189219020307,0.0004132455214858055,0.010529537432396966,0.01037395401484076,0.020328441196653654,0.0517578125,0.05517578125,0.08935546875,30.0,30.0,30.0,4.189556384432606,10.777947403475167,6.270587721191349,Transient_Shock
7.197445665951818e-05,0.00012094541671103798,0.0003876753580698278,0.008483776084946973,0.010997518661545339,0.019689473280660095,0.044189453125,0.048828125,0.08984375,5.0,30.0,30.0,4.904157665248756,12.778593266655355,7.345317127606012,Transient_Shock
6.205272802617401e-05,0.00011945603182539344,0.00040344003355130553,0.007877355395446749,0.010929594312022447,0.020085816726021014,0.047119140625,0.046630859375,0.0908203125,30.0,30.0,30.0,5.204020313136721,13.533653020110107,7.055318688225021,Transient_Shock
4.8691974370740354e-05,8.929763862397522e-05,0.00034059950849041343,0.00697796348304721,0.009449742780836694,0.018455338211217195,0.032958984375,0.04443359375,0.083984375,30.0,30.0,7.0,4.250953082873511,10.960712261414072,6.990638722437014,Transient_Shock
7.768555951770395e-05,0.00010683102300390601,0.00038360332473530434,0.008813941202305808,0.01033590939414167,0.019585793952130313,0.04296875,0.05224609375,0.087646484375,21.0,30.0,7.0,5.312304489707152,10.413574285892391,6.897848470766239,Transient_Shock
7.393437772407196e-05,0.0001125336711993441,0.0003807783214142546,0.0085985102037546,0.010608188874607394,0.019513542000730022,0.052978515625,0.055908203125,0.1015625,14.0,30.0,7.0,5.802524918471529,8.546011711482521,6.2661659877500275,Transient_Shock
6.874091923236847e-05,8.955421799328178e-05,0.00036317077683634125,0.008291014366913645,0.009463309040355904,0.019057040085919463,0.048583984375,0.0458984375,0.08984375,14.0,30.0,7.0,5.0615531152579845,7.494866471693219,5.601087401258995,Transient_Shock
3.9541570004075766e-05,0.00012317480286583304,0.00041220540515496396,0.006288208807289701,0.011098414430261336,0.02030284229252062,0.0380859375,0.054443359375,0.097412109375,30.0,30.0,7.0,3.876797524236817,8.50933500467485,6.303316770347778,Transient_Shock
5.108419281896204e-05,0.00010428166933706962,0.00039228795503731817,0.0071473206741381095,0.010211839664676958,0.019806260501097076,0.039306640625,0.05224609375,0.09521484375,14.0,30.0,7.0,4.891250315830204,7.293091203954829,6.0240905482476945,Transient_Shock
5.731929195462726e-05,0.00014442013343796134,0.000470880124339601,0.0075709505317778465,0.012017492809981678,0.021699772449028147,0.03515625,0.05859375,0.1005859375,30.0,30.0,7.0,3.73840648301956,7.053525758355454,6.543458019135947,Transient_Shock
7.214624201878905e-05,0.00011564929445739836,0.00037336625609896146,0.008493894396493817,0.010754036193792466,0.019322687600304506,0.053955078125,0.05615234375,0.088134765625,30.0,30.0,7.0,3.0136937197740457,7.876729175335574,6.12784239309751,Transient_Shock
4.5006032451055944e-05,0.00011419480142649263,0.0003618769369495567,0.006708653549785974,0.010686196770904634,0.019023063290373524,0.036376953125,0.0517578125,0.084228515625,32.0,30.0,7.0,4.143952503305139,7.517010616122833,5.885756943573968,Transient_Shock
6.51345144433435e-05,0.00011346406245138496,0.00037717608211096376,0.008070595668433867,0.010651951110072978,0.01942102165466492,0.038818359375,0.05908203125,0.10205078125,15.0,30.0,7.0,4.299087262016843,7.290005872227946,5.809705766420065,Transient_Shock
6.927604772499762e-05,8.611794328317046e-05,0.00033580720992176794,0.008323223397518393,0.009279975392379576,0.018325043244744824,0.05224609375,0.04638671875,0.095947265625,14.0,30.0,7.0,5.847201849620959,6.056188023699717,7.020413482907937,Transient_Shock
8.697598241269588e-05,0.00010237120659439825,0.0003957903209084179,0.009326091486399643,0.010117865713400146,0.019894479659152132,0.04541015625,0.053955078125,0.09619140625,14.0,29.0,7.0,8.66824503541605,5.679941567682936,6.629021068136486,Transient_Shock
6.961793042137288e-05,0.00010774330803542398,0.0003741312502825167,0.008343735999021834,0.010379947400417016,0.019342472703419197,0.0458984375,0.056640625,0.087646484375,14.0,29.0,7.0,6.456682190096864,5.900790462691425,5.908655966665771,Transient_Shock
7.135001578717493e-05,9.289310764870606e-05,0.0003548224922269583,0.008446893854380728,0.00963810705733787,0.01883673252522736,0.03759765625,0.051513671875,0.090576171875,14.0,30.0,7.0,7.274240964027905,6.205449270501023,7.187519292252704,Transient_Shock
0.0001274975365959108,0.00012902269008918665,0.00045215558202471584,0.011291480708742798,0.011358815523160266,0.021263950292095678,0.07568359375,0.0576171875,0.098876953125,14.0,29.0,7.0,6.7722618275218505,7.206153176300487,6.1374661283774055,Transient_Shock
5.742587018175982e-05,9.45947685977444e-05,0.0003742743283510208,0.007577985892158933,0.009725984196868943,0.01934617089635623,0.04443359375,0.0517578125,0.091796875,14.0,29.0,7.0,6.867921784912828,6.5850914069293625,6.5059507669686125,Transient_Shock
7.891302448115312e-05,0.0001085643561964389,0.0004012917634099722,0.008883300314700224,0.010419422066335489,0.020032268054565667,0.03857421875,0.062744140625,0.094970703125,14.0,29.0,7.0,5.711689867538048,7.8122667275844115,6.966131040019423,Transient_Shock
5.42823072464671e-05,0.00010734586976468563,0.0004449570224096533,0.007367652763700736,0.010360785190548331,0.021094004418546357,0.041259765625,0.051025390625,0.1025390625,15.0,29.0,7.0,4.19612274857325,7.526382956260362,6.550171766297797,Transient_Shock
4.987400825484656e-05,7.37486407160759e-05,0.00032529071540920995,0.007062153230767976,0.008587702877724398,0.018035817569747425,0.037353515625,0.045166015625,0.092529296875,7.0,29.0,7.0,4.183474314341069,6.554007295876671,7.173238344534101,Transient_Shock
3.704763003042899e-05,9.363418212160468e-05,0.00034564287852845155,0.00608667643549655,0.00967647570769465,0.018591473274822832,0.032958984375,0.047119140625,0.084716796875,7.0,29.0,7.0,4.522064409508211,6.438088106571285,7.2073728689538745,Transient_Shock
4.1689516365295276e-05,9.455991676077247e-05,0.0003233347051718738,0.006456741931136421,0.009724192344908263,0.017981510091532184,0.031494140625,0.051025390625,0.089111328125,7.0,29.0,7.0,5.340719647891215,7.281516804833565,6.483877936845987,Transient_Shock
5.480044274008833e-05,7.632060078321956e-05,0.00035307195139466785,0.007402732113219303,0.00873616625203639,0.0187902089236567,0.039306640625,0.047607421875,0.092529296875,7.0,29.0,7.0,4.372046510837489,6.395480738445676,6.542145923973528,Transient_Shock
5.902195334783755e-05,8.793963570496999e-05,0.00037631123268511146,0.007682574656183795,0.009377613539966871,0.019398743069722623,0.044921875,0.0517578125,0.083251953125,16.0,29.0,7.0,5.909299682642936,6.047002679144701,6.489451209906597,Transient_Shock
5.284280268824659e-05,0.00010358494182582945,0.0003840522840619087,0.0072693055162268835,0.010177668781495567,0.01959725195178928,0.040771484375,0.0498046875,0.095703125,15.0,29.0,7.0,3.1111442362225046,6.594899028257503,6.228220677068937,Transient_Shock
5.847343345521949e-05,9.486636554356664e-05,0.00040181643271353096,0.007646792363809775,0.00973993662934039,0.020045359381002152,0.038330078125,0.055908203125,0.093505859375,16.0,29.0,7.0,6.236633691985154,6.610790899539137,5.994369311502082,Transient_Shock
7.315378388739191e-05,0.00010830744577106088,0.0003957962617278099,0.00855299853194141,0.010407086324762609,0.01989462896682946,0.044921875,0.05029296875,0.10107421875,16.0,29.0,7.0,6.51155346987422,6.366861382580731,6.920992786100811,Transient_Shock
0.35633511136961715,0.05683084797055926,0.023606527931406163,0.5969381135173203,0.23839221457622994,0.15364416009535203,3.99993896484375,2.525390625,1.3681640625,15.0,28.0,20.0,2.994130665107816,4.8312098383986095,2.6290834907805825,Transient_Shock
0.0037989490629115608,0.0007105062504706439,0.0010211795888608322,0.06163561521483793,0.026655323116980666,0.03195590068924411,0.470458984375,0.14404296875,0.1669921875,14.0,6.0,3.0,7.179019679071487,7.879514556273713,7.925919543552434,Transient_Shock
0.001061060233041644,0.00017387338084517978,0.0003699045591929462,0.032573919522244234,0.013186105598135477,0.01923290303601997,0.16162109375,0.070068359375,0.09521484375,6.0,29.0,7.0,11.997537108165089,6.340954682926945,6.546064080308431,Transient_Shock
0.0001986317765840795,0.00013520638458430767,0.00033478933255537413,0.014093678603688943,0.011627828025229289,0.01829724931664249,0.080078125,0.052001953125,0.090576171875,7.0,29.0,7.0,4.546022719696526,8.141545958154287,7.884156710999795,Transient_Shock
0.0001233153416251298,9.843379666563123e-05,0.0003359718102728948,0.01110474410444157,0.009921380784227125,0.018329533825847694,0.05078125,0.052490234375,0.094482421875,13.0,29.0,7.0,4.666804708331281,8.835721509150392,8.121767408900967,Transient_Shock
9.13267103896942e-05,8.75560763233807e-05,0.00030221626730053686,0.009556500949076193,0.009357140392415874,0.017384368475746734,0.05029296875,0.051025390625,0.08154296875,18.0,29.0,7.0,3.6812772010493724,8.613096315712344,7.904061263488565,Transient_Shock
6.519419548567384e-05,8.076289304881357e-05,0.0003488615475362167,0.0080742922591193,0.00898681773759842,0.01867783572944726,0.0400390625,0.054931640625,0.09521484375,7.0,29.0,7.0,5.3533140574675055,8.918633046846205,8.626959989187538,Transient_Shock
4.718018681160174e-05,9.700277587398887e-05,0.0003683771356008947,0.006868783503037619,0.009848998724438382,0.019193153352195534,0.033447265625,0.060546875,0.09033203125,15.0,29.0,7.0,4.324386882045514,8.030424153568637,8.105268970161443,Transient_Shock
4.614051431417465e-05,6.789504550397396e-05,0.0003630157880252227,0.0067926809371686705,0.008239844992715212,0.019052973206962285,0.032958984375,0.05126953125,0.109619140625,14.0,29.0,7.0,5.526864988058413,3.8197429245423757,7.774135879933822,Transient_Shock
4.1776744183152914e-05,8.409592192037962e-05,0.00036594457560568117,0.006463493187368028,0.009170382866619017,0.01912967787511544,0.0263671875,0.05419921875,0.10595703125,14.0,29.0,7.0,4.653303853163014,4.522940546419681,7.446351255589584,Transient_Shock
0.314806799505277,0.04259100774288527,0.022535994237841805,0.5610764649361769,0.2063758894417787,0.1501199328465138,3.99993896484375,1.779052734375,1.402587890625,43.0,28.0,42.0,2.312176163187733,4.095775547507406,3.2359001677954002,Transient_Shock
0.0018328219557588454,0.0005868332809768617,0.002257001728139585,0.04281146990887892,0.024224642019581254,0.04750791226879566,0.1884765625,0.12353515625,0.1962890625,6.0,6.0,3.0,6.05405344650195,9.332581357575144,10.499925307035356,Transient_Shock
0.0007218272330646869,0.00011863722465932369,0.000576948015805101,0.02686684263296837,0.010892071642223241,0.02401974220938062,0.166015625,0.04931640625,0.132080078125,6.0,29.0,3.0,10.408862258921074,4.22248488907993,6.589450357862374,Transient_Shock
0.00010737304910435341,0.0001005268277367577,0.0002895077304856386,0.010362096752315789,0.010026306784492369,0.017014926696452107,0.05419921875,0.05126953125,0.078125,5.0,43.0,7.0,5.640916091768312,4.32826571130815,8.959481033936365,Transient_Shock
9.586172745912336e-05,7.699102570768446e-05,0.00036393600385054015,0.00979090023742063,0.008774453014728864,0.019077106799788593,0.049560546875,0.045654296875,0.093994140625,7.0,29.0,7.0,4.52986089754563,6.1497623523158405,8.92678152532423,Transient_Shock
5.366290861275047e-05,0.00010873301289393567,0.000368532826541923,0.007325497158060364,0.010427512306103295,0.019197208821647042,0.035400390625,0.05615234375,0.081787109375,7.0,29.0,7.0,5.036920907267353,6.2560135689425636,9.21723193124927,Transient_Shock
4.7661131247878075e-05,8.921697735786438e-05,0.0002915770710387733,0.006903704168624122,0.009445473908590525,0.017075627983730884,0.03662109375,0.052490234375,0.08154296875,14.0,29.0,7.0,4.917839377218275,7.357643123183209,9.700494985034458,Transient_Shock
3.262667087255977e-05,9.206123650074005e-05,0.0003732462901098188,0.005711976091735659,0.009594854688880914,0.019319583072877605,0.028564453125,0.05029296875,0.098876953125,29.0,29.0,7.0,4.941537723214931,7.083091899832356,7.2045427398989705,Transient_Shock
3.8291269447654486e-05,6.879470311105251e-05,0.00030639009492006153,0.0061879939760518905,0.008294257236850839,0.017504002254343478,0.031982421875,0.051025390625,0.0810546875,29.0,29.0,7.0,4.44480808680207,7.604261837675316,9.042089219095264,Transient_Shock
6.460095755755901e-05,7.910222848295234e-05,0.00034365596002317034,0.008037472087513525,0.008893943359553867,0.01853795997468897,0.0458984375,0.0517578125,0.092041015625,14.0,29.0,7.0,5.874365753590385,6.93668822195218,8.194768476426514,Transient_Shock
8.058534876909107e-05,8.248519952758215e-05,0.0003502736217342317,0.00897693426338252,0.009082136286556273,0.01871559835362556,0.043701171875,0.04833984375,0.091552734375,14.0,29.0,7.0,6.179038329782532,6.111305167674368,9.431263151013535,Transient_Shock
5.410611629486084e-05,7.029663538560271e-05,0.00034706812220974825,0.007355685983975991,0.00838430887942487,0.018629764416378116,0.045654296875,0.04296875,0.0908203125,7.0,29.0,7.0,4.29294067475171,6.681413523789061,8.29563374395537,Transient_Shock
4.004743823315948e-05,8.540133421774954e-05,0.0003104980423813686,0.006328304530690624,0.009241284229897354,0.017620954638763717,0.033447265625,0.0576171875,0.086669921875,7.0,29.0,7.0,4.694896196840674,7.395927000110996,9.065724598345131,Transient_Shock
4.4883166992804036e-05,6.629203198826872e-05,0.0003306795515527483,0.006699490054683568,0.008141991893159114,0.018184596546328664,0.037353515625,0.050048828125,0.090087890625,14.0,29.0,7.0,4.549612940089862,8.696218771380323,8.801474340325043,Transient_Shock
5.7665220083436e-05,8.922669803723693e-05,0.00032072377143776976,0.007593761919064621,0.009445988462688112,0.01790876242060768,0.04345703125,0.05078125,0.0830078125,14.0,29.0,7.0,4.602473377924491,7.968253137532907,8.319549827028657,Transient_Shock
6.330373798846267e-05,7.508693670388311e-05,0.00030571684692404233,0.00795636462138725,0.008665271877089785,0.01748476041940645,0.042724609375,0.054931640625,0.086669921875,14.0,29.0,7.0,4.978909820128434,7.818746225792425,10.39037858612657,Transient_Shock
6.620213025598787e-05,9.152699203696102e-05,0.0003787347195611801,0.00813646915166449,0.009566974027191723,0.019461107870858228,0.035888671875,0.053955078125,0.087158203125,14.0,29.0,7.0,7.928216516551126,8.721310230241704,8.896624006082273,Transient_Shock
6.949319140403531e-05,9.066295751836151e-05,0.00033912247454281896,0.008336257637815384,0.009521709800154671,0.01841527829121295,0.044921875,0.0595703125,0.09228515625,14.0,29.0,7.0,5.737533065508023,8.333063611943741,7.773411142336423,Transient_Shock
5.286698797135614e-05,0.00010319784269086085,0.0003512322437018156,0.00727096884681513,0.010158633898849828,0.018741191096134088,0.03271484375,0.0546875,0.091552734375,14.0,29.0,7.0,5.275771491568209,8.905273663726406,9.049429759967051,Transient_Shock
5.483306813403033e-05,0.00010399752864032052,0.00034724437500699423,0.007404935390267111,0.010197917858088509,0.018634494224609215,0.0390625,0.056640625,0.093994140625,14.0,29.0,7.0,5.584169486269695,9.759820904850756,8.855052223336038,Transient_Shock
4.385877400636673e-05,9.645857790019363e-05,0.00036667260792455636,0.006622595715153291,0.00982133279652989,0.019148697290535362,0.03076171875,0.054443359375,0.09228515625,29.0,29.0,7.0,5.164641723502518,9.016367637542366,8.51968671117503,Transient_Shock
5.086183955427259e-05,0.00010370457312092185,0.0003476685924397316,0.0071317487024062055,0.010183544231794834,0.01864587333539868,0.03564453125,0.049560546875,0.087646484375,29.0,29.0,7.0,4.8842581934447455,10.458531559744063,8.6301757945021,Transient_Shock
4.015201920992695e-05,0.00010670206029317342,0.0003297362673038151,0.00633656209706233,0.01032966893434506,0.018158641670119907,0.03076171875,0.05517578125,0.08251953125,29.0,29.0,7.0,5.224494412126414,9.453398793267176,9.203664671176075,Transient_Shock
4.7124394768616185e-05,9.557485100231133e-05,0.0003175155979988631,0.0068647210262774835,0.009776239103168013,0.01781896736623262,0.032470703125,0.056640625,0.085693359375,7.0,29.0,7.0,4.699231141191318,9.641649314332044,9.300111143020871,Transient_Shock
6.83814287185669e-05,7.069669663906097e-05,0.0003676766064018011,0.008269306423066381,0.008408132767687542,0.01917489521227694,0.043701171875,0.049560546875,0.09228515625,14.0,29.0,7.0,4.264692926685012,8.23514069312065,9.275607665452275,Transient_Shock
6.486568599939346e-05,7.530930088250898e-05,0.0002776894507405814,0.008053923640027478,0.008678093159358741,0.01666401664487231,0.0439453125,0.047119140625,0.083251953125,14.0,29.0,7.0,8.126254320578187,8.51736085812792,8.621776746406765,Transient_Shock
3.6229146644473076e-05,9.036235496751033e-05,0.00034622101520653814,0.006019065263350537,0.009505911580038514,0.018607015214873613,0.0302734375,0.0517578125,0.091796875,7.0,29.0,7.0,5.231963370898105,9.080840987305134,8.132330307596119,Transient_Shock
3.810760972555727e-05,6.0016391216777265e-05,0.000284879843093222,0.006173136133729538,0.007747024668656817,0.01687838390051672,0.030029296875,0.036376953125,0.07373046875,25.0,29.0,7.0,4.676009813297061,9.981409022500877,9.551111025899607,Transient_Shock
3.2371244742535055e-05,6.908188515808433e-05,0.0003293359186500311,0.005689573335719916,0.008311551308756045,0.018147614682101642,0.028564453125,0.048828125,0.089111328125,29.0,29.0,7.0,5.491932961657473,8.559997498571683,9.044715089224413,Transient_Shock
4.090222864761017e-05,9.438063352718018e-05,0.00036099072531214915,0.0063954850205133135,0.00971496955873667,0.018999755927699417,0.03515625,0.053955078125,0.09716796875,29.0,29.0,7.0,5.257757862455915,8.576636701679185,7.181385859250673,Transient_Shock
3.777141682803631e-05,9.621239951229654e-05,0.0003656612789200153,0.006145845493342336,0.009808791949689652,0.019122271803319168,0.03515625,0.052001953125,0.0908203125,29.0,29.0,7.0,5.212582214844853,9.75005204959889,6.944835880580241,Transient_Shock
3.932765685021877e-05,8.043610432650894e-05,0.0003188612427038606,0.006271176671902872,0.008968617748934834,0.017856686218440998,0.031982421875,0.05224609375,0.08935546875,29.0,29.0,7.0,4.564459035837573,8.632765600196933,8.39612533582445,Transient_Shock
4.0862123569240794e-05,8.254403655882925e-05,0.0003542434424161911,0.006392348830378454,0.009085374871673114,0.018821356019590913,0.033203125,0.055419921875,0.09228515625,7.0,29.0,7.0,4.868712724950866,8.94499881324608,7.724874106333116,Transient_Shock
5.113772567710839e-05,0.00010497703624423593,0.00038967816726653837,0.007151064653400107,0.010245830188141708,0.01974026765944521,0.0419921875,0.06298828125,0.09814453125,29.0,29.0,7.0,4.852052627412441,9.2327984508037,7.776299037144519,Transient_Shock
0.00013891025446355343,0.00010380998355685733,0.0003504609594529029,0.011786019449481383,0.010188718445263728,0.018720602539792967,0.123779296875,0.05126953125,0.086181640625,7.0,29.0,7.0,2.455594430099492,9.62214381528261,7.55126567468635,Transient_Shock
0.0006437986994569656,0.00010593945262371562,0.0003484061708149966,0.02537318859459657,0.010292689280441513,0.01866564145201007,0.16015625,0.054443359375,0.09912109375,21.0,29.0,7.0,9.12145429941456,7.386674315842019,7.572672478459623,Transient_Shock
7.722922237007879e-05,9.224816676578484e-05,0.000407899497076869,0.008788015838064859,0.009604590921313872,0.020196521905438792,0.045166015625,0.06005859375,0.108154296875,29.0,29.0,7.0,4.066423683803117,7.951607937876774,7.000370975148267,Transient_Shock
4.188445382169448e-05,0.00010460585690452717,0.0004092216840945184,0.006471819977540667,0.010227700470023903,0.020229228460188944,0.03271484375,0.0537109375,0.1005859375,29.0,29.0,7.0,5.214537600854344,9.064693712677538,7.033064552638981,Transient_Shock
4.241952774464153e-05,0.00010949088027700782,0.00036548584103002213,0.006513027540602107,0.010463789001934615,0.01911768398708437,0.032958984375,0.0595703125,0.09228515625,29.0,29.0,7.0,4.615272889029765,8.902586968667908,7.155694009385095,Transient_Shock
8.304928996949457e-05,0.00015362712656497024,0.0005375521977839526,0.009113138316161703,0.012394641042199256,0.023185171937769894,0.038818359375,0.067626953125,0.1142578125,29.0,29.0,7.0,4.516239520250414,6.959373303789668,7.1230960331186175,Transient_Shock
5.489182876772247e-05,9.910147855407558e-05,0.0005040262440161314,0.007408901994744058,0.009954972554159836,0.022450528813730233,0.0380859375,0.051025390625,0.114013671875,29.0,29.0,7.0,4.804774854703932,8.37936662711694,6.438966710166981,Transient_Shock
3.440665022935718e-05,8.761766366660595e-05,0.00039066961835487746,0.005865718219396256,0.009360430741510026,0.01976536410883638,0.026611328125,0.052978515625,0.097900390625,29.0,29.0,7.0,6.292838401426138,8.669709187358519,7.385385565279211,Transient_Shock
4.226848250254989e-05,0.00011798800187534653,0.00041476146725472063,0.006501421575513304,0.010862228218710308,0.020365693389981118,0.031005859375,0.05810546875,0.093505859375,29.0,29.0,29.0,7.302851077304621,10.57731531490425,7.815999784377672,Transient_Shock
4.9934544222196564e-05,9.30246569623705e-05,0.0004650380251405295,0.007066437873652931,0.009644929080214665,0.021564740321657703,0.03564453125,0.053466796875,0.09912109375,29.0,29.0,7.0,6.056682494110321,9.372752262544102,7.820219440331449,Transient_Shock
4.5893157221144065e-05,8.583218732383102e-05,0.000358617337042233,0.006774448849990977,0.009264566224267115,0.018937194539905666,0.034423828125,0.05224609375,0.092529296875,29.0,29.0,7.0,4.66822236296954,9.202269324493757,6.979640720469527,Transient_Shock
3.689372897497378e-05,9.00778359209653e-05,0.00038146139922901057,0.006074020824377686,0.009490934407157458,0.019531036819099252,0.0263671875,0.058837890625,0.09521484375,29.0,29.0,7.0,6.362801367798261,9.473423014111669,7.915419674003932,Transient_Shock
3.8733440305804834e-05,8.099153274088167e-05,0.0003262944519519806,0.006223619550213913,0.008999529584421713,0.018063622337504196,0.037353515625,0.052734375,0.0830078125,7.0,29.0,7.0,5.573662019725153,9.457577479888581,8.196744675434703,Transient_Shock
4.272157093510032e-05,0.00010726111941039562,0.000388067084713839,0.006536174028826062,0.010356694424882662,0.01969941838516658,0.03271484375,0.05908203125,0.0966796875,29.0,29.0,7.0,6.256049026933496,9.306547353013894,7.671289878592008,Transient_Shock
3.865683902404271e-05,8.698250167071819e-05,0.0003671602717076894,0.0062174624264279,0.009326440997010499,0.01916142666159515,0.037353515625,0.0537109375,0.091796875,29.0,29.0,7.0,5.146928072384748,8.743810112286383,7.902268263092381,Transient_Shock
3.860299693769775e-05,9.489919466432184e-05,0.0003829778252111282,0.006213131009217314,0.009741621767668967,0.019569819243189963,0.028564453125,0.06298828125,0.08984375,29.0,29.0,7.0,5.845528676706333,8.98390331685928,8.696800185873226,Transient_Shock
5.5583161156391725e-05,8.869811063050292e-05,0.0004411758854985237,0.0074554115350121165,0.00941796743626261,0.021004187332494532,0.035888671875,0.052734375,0.1083984375,25.0,29.0,7.0,5.5472166632809445,9.492989463613418,7.345984116418507,Transient_Shock
6.269843652262352e-05,7.997802458703518e-05,0.000397329218685627,0.007918234432158694,0.008943043362694558,0.019933118639230214,0.043212890625,0.05322265625,0.099609375,29.0,29.0,7.0,5.4116066554723625,8.935703815000181,8.120807532170327,Transient_Shock
5.229495218372904e-05,7.790507515892386e-05,0.0003962932059948798,0.0072315248864765055,0.008826385169418105,0.01990711445676846,0.03369140625,0.0517578125,0.09814453125,29.0,29.0,7.0,5.326888173742875,9.207593372927315,7.514142242173325,Transient_Shock
5.525046435650438e-05,7.562938844785094e-05,0.00036407739025889896,0.007433065609592343,0.008696515879813647,0.01908081209642029,0.045166015625,0.05810546875,0.091796875,7.0,29.0,7.0,3.955523921063452,7.414570614497062,7.146799929611797,Transient_Shock
4.840279871132225e-05,6.918176950421184e-05,0.0003823470324277878,0.0069572119926966615,0.008317557905071165,0.019553696132132866,0.029541015625,0.050048828125,0.09716796875,29.0,29.0,7.0,5.5380333968941216,8.659588779629397,7.526407689180224,Transient_Shock
3.910571103915572e-05,9.487755596637726e-05,0.0003499739359540399,0.00625345592765758,0.009740511073161267,0.018707590329971414,0.03515625,0.046142578125,0.09228515625,29.0,29.0,7.0,4.982835584017088,10.142628337179053,7.615489522691642,Transient_Shock
4.171939508523792e-05,8.383554813917726e-05,0.00032555818324908614,0.006459055278075728,0.009156175410026682,0.018043230953714642,0.036865234375,0.0546875,0.09228515625,29.0,29.0,7.0,5.274589502344857,8.651683608260862,7.950000071443292,Transient_Shock
3.2636246032780036e-05,6.378428952302784e-05,0.0003195942845195532,0.005712814195541462,0.007986506715894492,0.017877200130880483,0.032470703125,0.04736328125,0.0830078125,29.0,29.0,7.0,5.021949791442994,9.058786368644546,8.983138308921058,Transient_Shock
4.1882358345901594e-05,8.045817594393156e-05,0.0003728901174326893,0.006471658083204148,0.008969848156124583,0.019310362954452442,0.03125,0.0546875,0.088623046875,29.0,29.0,7.0,4.973035822582747,8.679271326176337,8.652893383893504,Transient_Shock
4.348830771050416e-05,0.00011332306530675851,0.0003876434602716472,0.006594566529386459,0.010645330680949206,0.01968866324237497,0.030517578125,0.056396484375,0.091552734375,29.0,29.0,7.0,5.958817448640645,10.406959660319336,8.396827076127904,Transient_Shock
3.363378345966339e-05,8.43330635689199e-05,0.0003922137984773144,0.005799464066589549,0.009183303521550395,0.019804388364130673,0.031005859375,0.0537109375,0.095947265625,29.0,29.0,7.0,6.131872759816963,9.218519316669031,8.455708478174541,Transient_Shock
4.313384124543518e-05,0.00010363006731495261,0.0003449214236752596,0.0065676358947063425,0.01017988542739812,0.01857206029699612,0.031494140625,0.058837890625,0.097900390625,29.0,29.0,7.0,5.330645891071045,7.562499382223858,7.959390783129324,Transient_Shock
4.702800652012229e-05,0.00010208341700490564,0.0003752641932806,0.006857696881615743,0.010103633851486585,0.019371736971180463,0.03369140625,0.05908203125,0.08984375,29.0,29.0,7.0,4.662139977487821,7.257017728971971,7.2529308964622965,Transient_Shock
4.608832750818692e-05,9.690218939795159e-05,0.00040239001100417227,0.006788838450588357,0.009843890968410388,0.020059661288371056,0.0400390625,0.055419921875,0.09375,7.0,29.0,7.0,3.9972751401006357,6.946947267710591,5.995202003029315,Transient_Shock
4.648206231649965e-05,0.00012223783051013015,0.00043978262328892015,0.006817775466858648,0.011056121856696867,0.02097099480923402,0.0361328125,0.061279296875,0.1083984375,29.0,29.0,7.0,4.55983867389609,7.044556181054271,6.227196993389016,Transient_Shock
5.972926373942755e-05,0.00011654010450001806,0.0004838975401071366,0.007728470983281722,0.010795374217692413,0.021997671242818786,0.0322265625,0.05908203125,0.103271484375,15.0,29.0,7.0,5.5488939746313495,6.71233952836452,6.592566890186939,Transient_Shock
5.1756331231445074e-05,0.00011648003419395536,0.0004743790741486009,0.007194187322515662,0.010792591634725894,0.02178024504335525,0.0380859375,0.060546875,0.095458984375,7.0,29.0,7.0,4.511466853922466,6.290465321682445,6.763580028051904,Transient_Shock
4.617287777364254e-05,0.00010093647506437264,0.0004331076306698378,0.006795062749794334,0.010046714640337538,0.0208112380859438,0.031005859375,0.05322265625,0.10888671875,30.0,30.0,7.0,4.1191448322645465,5.973783393722912,6.5838988973375825,Transient_Shock
8.045230060815811e-05,0.00015458276902791113,0.0005258791497908533,0.008969520645394496,0.012433131907444364,0.022932055071250228,0.048095703125,0.06494140625,0.118408203125,20.0,30.0,30.0,4.367910130521968,7.14689273213204,5.339536378260512,Transient_Shock
9.047489947988652e-05,0.000106722058262676,0.0003990537952631712,0.009511829449684562,0.010330636875947,0.01997633087589338,0.0419921875,0.054443359375,0.0927734375,14.0,30.0,7.0,5.9263048523228985,7.5344840120599095,6.435344765747929,Transient_Shock
4.8153509851545095e-05,0.0001287972554564476,0.0005269110806693789,0.006939273005981613,0.011348887851082484,0.022954543791358147,0.03076171875,0.06494140625,0.10595703125,14.0,30.0,7.0,5.10900068992455,6.83403100100434,5.984377597841638,Transient_Shock
5.876085197087377e-05,0.00010745299732661806,0.0004388127963466104,0.007665562730215817,0.01036595375865714,0.020947858991949758,0.032958984375,0.060546875,0.099853515625,30.0,30.0,7.0,4.116493881007537,6.221668002397424,6.119889093530201,Transient_Shock
7.01331882737577e-05,8.234177585109137e-05,0.0004288946765882429,0.008374556004574672,0.009074236929411275,0.020709772490016466,0.042236328125,0.044921875,0.109130859375,15.0,29.0,7.0,4.809732433651836,6.071059116890747,6.162022295906685,Transient_Shock
7.560033918707632e-05,7.579143857583404e-05,0.00041978078297688626,0.008694845552801747,0.00870582785126343,0.02048855248612957,0.044677734375,0.056640625,0.097412109375,14.0,29.0,7.0,7.299097088718695,5.725157484101629,6.3821813685469175,Transient_Shock
7.490719144698232e-05,7.943097443785518e-05,0.00041718914872035384,0.008654894074856279,0.008912405648188102,0.020425208657939186,0.037353515625,0.046142578125,0.105224609375,14.0,29.0,7.0,6.693918357041521,6.963341473224846,7.113564111603786,Transient_Shock
5.37969172000885e-05,8.239404633059166e-05,0.0004176068468950689,0.007334638177857753,0.009077116630879635,0.020435431164892725,0.041259765625,0.047119140625,0.1025390625,14.0,29.0,7.0,5.857918392493,7.2514548163475405,6.729584257825602,Transient_Shock
6.436038529500365e-05,7.848406312405132e-05,0.00040879001608118415,0.008022492461511176,0.008859123157742605,0.020218556231372805,0.042724609375,0.05224609375,0.105224609375,14.0,29.0,7.0,6.689797082769781,6.562276233227117,6.5828476018788304,Transient_Shock
5.258536839392036e-05,8.44231944938656e-05,0.00043990019185002893,0.007251576959111747,0.009188209536893768,0.020973797745044386,0.0361328125,0.05078125,0.09912109375,14.0,29.0,7.0,5.844448193546891,6.5116726470416415,6.439964761807617,Transient_Shock
8.940527550294064e-05,9.561824481352232e-05,0.0004354561351647135,0.00945543629363239,0.009778458202269023,0.020867585753141484,0.04833984375,0.053466796875,0.10546875,20.0,29.0,7.0,7.775403697108633,6.164666009961486,6.765230820048379,Transient_Shock
6.616502287215553e-05,0.0001276009134016931,0.0003911790990969166,0.008134188519585438,0.011296057427336898,0.019778248130128122,0.034423828125,0.063232421875,0.095947265625,20.0,37.0,7.0,5.042604356913277,6.410566476474982,6.66740666403188,Transient_Shock
6.781633419450372e-05,7.097306661307812e-05,0.00034688313826336525,0.00823506734608186,0.008424551419101086,0.018624799012697164,0.0419921875,0.047607421875,0.089111328125,21.0,29.0,7.0,4.95833722487748,6.857390897191213,6.804113684877179,Transient_Shock
7.195656871772371e-05,8.56152291817125e-05,0.0004080745857208967,0.008482721775333888,0.009252849787050068,0.02020085606406067,0.04150390625,0.04443359375,0.09716796875,14.0,29.0,7.0,3.7141895829755445,7.437512398252343,6.657666772767156,Transient_Shock
5.022529512643814e-05,9.082170072360896e-05,0.0003928614314645529,0.00708698067772434,0.00953004201058993,0.019820732364485245,0.033935546875,0.05078125,0.09716796875,29.0,29.0,7.0,3.7847433352451474,6.747504654538303,6.342703791919705,Transient_Shock
7.873667345847934e-05,8.346311733475886e-05,0.00040666700442670844,0.008873368777329124,0.009135815088691258,0.020165986324172405,0.045654296875,0.049072265625,0.09130859375,20.0,29.0,7.0,4.9998135360259255,7.236803394803887,6.86163360473969,Transient_Shock
8.116253593470901e-05,8.77267993928399e-05,0.000462059339042753,0.009009025248866218,0.009366258558935895,0.021495565566943174,0.0478515625,0.05126953125,0.10107421875,14.0,29.0,7.0,6.23626101325409,5.251184702277093,6.693603713898641,Transient_Shock
6.387492976500653e-05,9.100459283217788e-05,0.0004112872848054394,0.007992179287591498,0.009539632740948567,0.020280219052205513,0.0400390625,0.05078125,0.0888671875,20.0,29.0,7.0,4.377885266980111,6.056274829916616,5.927083642671265,Transient_Shock
6.007510455674492e-05,6.695683987345546e-05,0.0003534357383614406,0.007750813154549974,0.008182715922812882,0.018799886658207293,0.0458984375,0.05078125,0.094970703125,19.0,29.0,7.0,4.515479827870542,7.8168883296637715,7.107702398369572,Transient_Shock
6.328057497739792e-05,7.297697811736725e-05,0.00036952359369024634,0.007954908860408014,0.008542656385303535,0.019222996480524213,0.042724609375,0.04541015625,0.09228515625,29.0,29.0,7.0,4.5750525370732245,6.840556698044118,7.2934912434507755,Transient_Shock
5.54709076823201e-05,8.565600728616118e-05,0.00037762556166853756,0.007447879408416875,0.009255053067711778,0.019432590194529847,0.03662109375,0.05615234375,0.10302734375,29.0,29.0,29.0,4.337529700700709,6.978501302222294,6.686692946960671,Transient_Shock
6.282293179538101e-05,8.709792382433079e-05,0.00035215940079069696,0.007926091836168757,0.009332626844802636,0.018765910603823543,0.03662109375,0.05029296875,0.095703125,29.0,29.0,7.0,4.565005401249888,7.920153792987293,7.414211735983078,Transient_Shock
6.256525739445351e-05,9.98335744952783e-05,0.0003855875111185014,0.007909820313664117,0.009991675259698862,0.01963638233276439,0.038330078125,0.05322265625,0.094970703125,14.0,29.0,29.0,5.712380848713024,9.06647443257364,7.207711183103098,Transient_Shock
6.386554741766304e-05,8.959226761362515e-05,0.0003397704422241077,0.007991592295510516,0.00946531920294425,0.018432863104360854,0.04638671875,0.054931640625,0.0859375,29.0,29.0,7.0,4.490467456588313,10.07737944317713,8.327005113310829,Transient_Shock
6.082543040974997e-05,7.563651524833404e-05,0.00036231363992556,0.0077990659959863125,0.008696925620489923,0.019034538080173104,0.0439453125,0.048583984375,0.09619140625,14.0,29.0,7.0,6.218324766175836,8.06119156340995,8.012055206248734,Transient_Shock
8.277728920802474e-05,8.212959801312536e-05,0.00041008065454661846,0.009098202526214984,0.009062538166161031,0.020250448255449024,0.047607421875,0.05859375,0.088134765625,14.0,29.0,7.0,8.50353930298329,5.741559370940465,6.531473948604702,Transient_Shock
9.701550879981369e-05,0.0001116559978981968,0.0003996649757027626,0.00984964511034858,0.01056674017368634,0.01999162263806424,0.048095703125,0.0556640625,0.098388671875,14.0,29.0,7.0,7.85713072988278,7.902181081580092,7.296269271587473,Transient_Shock
7.006351006566547e-05,0.00010147783905267715,0.00036246681338525377,0.008370394857213456,0.010073620950416844,0.019038561221511822,0.0478515625,0.0517578125,0.089111328125,15.0,29.0,7.0,4.6001420907095,8.143851632818919,6.685708166238588,Transient_Shock
8.439173325314187e-05,9.522263644612394e-05,0.000369883837265661,0.00918649733321367,0.009758208669941627,0.019232364318139905,0.044677734375,0.056884765625,0.091064453125,16.0,29.0,7.0,5.99372992390378,8.90448675376551,8.174166097964438,Transient_Shock
7.734895552857779e-05,0.00010450734043843113,0.0004329604416852817,0.008794825497335224,0.01022288317640533,0.020807701499331484,0.043701171875,0.057373046875,0.09716796875,29.0,29.0,7.0,4.34395654683607,9.413937844862879,7.502103262703465,Transient_Shock
6.75762421451509e-05,7.521359657403082e-05,0.00033372361212968826,0.008220477002288304,0.00867257727403053,0.018268103681818984,0.0390625,0.05810546875,0.088134765625,15.0,29.0,7.0,5.366881681433654,8.202793744638377,8.447962555464654,Transient_Shock
5.2335148211568594e-05,0.00010281224604113959,0.00036759551949216984,0.007234303574745022,0.010139637372270253,0.01917278069274694,0.042724609375,0.057373046875,0.090087890625,29.0,29.0,7.0,4.722657351293609,8.82390815774081,7.930942318455383,Transient_Shock
5.434380364022218e-05,0.00011307034583296627,0.0004223859286867082,0.007371824987085774,0.010633454087593846,0.02055202979480879,0.03564453125,0.067626953125,0.09912109375,29.0,29.0,7.0,5.722325233971882,10.081270688195753,7.908843876829015,Transient_Shock
5.0475820899009705e-05,9.104516357183456e-05,0.0003948617923015263,0.0071046337624827436,0.009541758934904747,0.019871129618155237,0.03564453125,0.0498046875,0.09521484375,29.0,29.0,7.0,5.290078743325164,8.01365668898802,6.987852368316898,Transient_Shock
4.789215381606482e-05,0.00010780998491100036,0.000410299046052387,0.0069204157256674125,0.010383158715487324,0.020255839801212563,0.031982421875,0.06298828125,0.093017578125,29.0,29.0,7.0,4.663432878792529,7.645373731063161,7.666249743575753,Transient_Shock
4.958803401677869e-05,0.00010972891686833464,0.0004291543737053871,0.007041877165697985,0.010475157128574952,0.020716041458381646,0.036865234375,0.054443359375,0.093505859375,29.0,29.0,7.0,5.08943552847501,8.245029201048606,6.348694048522636,Transient_Shock
4.0004753827815875e-05,8.765920938458294e-05,0.00043039576848968863,0.006324931132258744,0.009362649698914455,0.0207459819842226,0.028564453125,0.054443359375,0.10107421875,7.0,29.0,7.0,3.9247180257304515,7.968282011420278,7.281356299892318,Transient_Shock
5.4631324019283056e-05,7.455794548150152e-05,0.000375902047380805,0.007391300563451811,0.008634694289985114,0.01938819350483188,0.037109375,0.04638671875,0.098388671875,29.0,29.0,7.0,4.292599878545446,7.422636624885299,6.531667839735979,Transient_Shock
4.2962783481925726e-05,7.049738997011445e-05,0.0004062302759848535,0.006554600177121846,0.008396272385416903,0.02015515507221052,0.034912109375,0.041015625,0.09326171875,29.0,29.0,7.0,4.703213594982508,6.941746912502116,7.083023128377264,Transient_Shock
5.025951759307645e-05,7.629458195879124e-05,0.0004435491246113088,0.007089394726849144,0.008734676980792779,0.02106060598870101,0.03173828125,0.043212890625,0.11474609375,14.0,29.0,7.0,5.793996943254047,7.656246031769844,6.914693506296743,Transient_Shock
6.035785190761089e-05,8.721346966922283e-05,0.00045288275214261375,0.007769031593938262,0.009338815217639913,0.021281042083098604,0.043212890625,0.0498046875,0.107177734375,29.0,29.0,29.0,4.628927412777593,8.684331812808715,7.260497006431297,Transient_Shock
5.5449025239795446e-05,6.23827800154686e-05,0.0004158941992500331,0.007446410225054449,0.007898277028280826,0.02039348423516769,0.041015625,0.045654296875,0.095703125,15.0,29.0,7.0,4.347864439352615,7.770896993153301,7.83343135084983,Transient_Shock
7.71078011894133e-05,7.501021900679916e-05,0.00043089850805699825,0.008781104781826332,0.008660844012381192,0.02075809500067379,0.040283203125,0.058837890625,0.10107421875,17.0,29.0,7.0,6.09419074981374,8.463613337186919,7.852438859126763,Transient_Shock
6.606062743230723e-05,8.41394612507429e-05,0.00038117739313747734,0.00812776890864321,0.009172756469608408,0.019523764830008512,0.03857421875,0.048583984375,0.09814453125,16.0,29.0,7.0,5.74304680293593,7.686885587091503,7.868746229766614,Transient_Shock
0.003564441343769431,0.0003916789974027779,0.0005589295033132657,0.059702942505118047,0.0197908816732044,0.02364168994199158,0.811279296875,0.24609375,0.156982421875,19.0,41.0,7.0,1.5510747808463035,2.325093605460374,6.609558366928123,Transient_Shock
0.004231666083796881,0.0007079572205839213,0.0005890083120903,0.06505125735753985,0.02660746550470227,0.02426949344527611,0.745849609375,0.21728515625,0.1826171875,21.0,36.0,7.0,2.8764517006633215,5.3342703025865585,4.771071247218895,Transient_Shock
6.113608469604515e-05,8.106021778075956e-05,0.0004031605458294507,0.007818956752409182,0.009003344810722265,0.020078858180420787,0.039794921875,0.052978515625,0.084716796875,14.0,29.0,29.0,5.30549425760334,7.090634041130892,7.232950252805431,Transient_Shock
5.82763459533453e-05,7.319671203731559e-05,0.0003478112048469484,0.007633894546910201,0.008555507701902651,0.018649697178424865,0.036376953125,0.05078125,0.09521484375,29.0,29.0,7.0,5.453141106729756,8.791293903561346,8.380705715437957,Transient_Shock
0.19763755791404947,0.017734207121975487,0.014494506860501133,0.4445644586716863,0.1331698431401625,0.12039313460700794,3.99993896484375,1.436767578125,1.11474609375,17.0,32.0,42.0,3.6806529734620224,4.0109865204598085,2.964851798132978,Transient_Shock
0.0012854426713602152,0.000607827678322792,0.0009035579714691266,0.03585307059876762,0.024654161480828992,0.030059241032819286,0.173095703125,0.13916015625,0.15087890625,5.0,6.0,3.0,4.984494658424012,10.264801370917336,9.070178352685883,Transient_Shock
0.0005765200730820652,0.00011897504737135023,0.00039344612378044985,0.024010832411269403,0.010907568352815866,0.019835476394088693,0.130126953125,0.05126953125,0.097412109375,6.0,29.0,7.0,10.89616417750378,5.795602254300197,9.024702598518253,Transient_Shock
0.17271561212851338,0.03034461199058569,0.012103303786716424,0.4155906785871326,0.1741970493165303,0.11001501618741154,3.99993896484375,2.101318359375,1.054931640625,17.0,26.0,42.0,3.627180063820511,3.7271769590375454,2.834973008192818,Transient_Shock
0.0015606258784828242,0.0008095806551864371,0.0018761792307486758,0.03950475766895456,0.028453130850337665,0.043314884632752695,0.17529296875,0.158447265625,0.172607421875,5.0,6.0,3.0,6.168962444778274,11.495739853466779,10.39481829525956,Transient_Shock
0.0010915138846030459,0.0001875713023764547,0.000814843675470911,0.03303806720440901,0.013695667284818754,0.028545466811227854,0.1611328125,0.079345703125,0.15478515625,6.0,29.0,3.0,11.043115158846208,4.937044133821309,6.916486059529214,Transient_Shock
0.25664834745634835,0.024152529367711395,0.02032730492283008,0.506604725063188,0.15541084057333773,0.14257385778195833,3.99993896484375,1.593994140625,1.44091796875,17.0,30.0,43.0,2.6566137937990364,4.102512856436257,3.3716109037546396,Transient_Shock
0.0035032376035815105,0.0007934377608762588,0.0016421885193267372,0.05918815425050447,0.028168027280522482,0.04052392527047124,0.44384765625,0.129638671875,0.1953125,6.0,6.0,3.0,6.639543712192487,9.635649936846177,11.98051340575597,Transient_Shock
0.0016964052301773336,0.00017243015099666081,0.000780993708758615,0.04118744019937794,0.013131266161214645,0.027946264665579458,0.178955078125,0.074951171875,0.147216796875,6.0,6.0,3.0,14.032625942254839,7.225023347696509,6.940062232697268,Transient_Shock
0.00016179581871256232,9.888385829981416e-05,0.0003758146776817739,0.012719898533894141,0.009944036318307278,0.01938594020628801,0.05908203125,0.044921875,0.084716796875,6.0,6.0,7.0,7.512164529024274,4.54809433269219,7.3739030758131525,Transient_Shock
0.00011804786845459603,7.576937787234783e-05,0.0003831281646853313,0.010864983592007675,0.008704560751258378,0.019573659971638704,0.052001953125,0.052490234375,0.102294921875,5.0,29.0,7.0,5.9823695612572045,4.276276059971519,6.706797972016157,Transient_Shock
0.0001019798219203949,5.764924208051525e-05,0.0003884947764163371,0.01009850592515521,0.007592709798254853,0.019710270835692167,0.0576171875,0.05224609375,0.09130859375,20.0,29.0,7.0,3.7171916973012626,4.830191377596221,7.471291811052368,Transient_Shock
6.752082845196128e-05,6.389984264387749e-05,0.00042791012674570084,0.008217105844028133,0.007993737714228401,0.020685988657680853,0.04296875,0.0458984375,0.094482421875,14.0,29.0,7.0,5.390263690712337,4.960195118277785,7.767492343991239,Transient_Shock
4.310254007577896e-05,6.074880002415739e-05,0.00037894862180110067,0.006565252476164109,0.007794151655193616,0.019466602728804547,0.029296875,0.041748046875,0.087890625,29.0,29.0,7.0,4.141931649064842,6.56833340710264,7.507695158733892,Transient_Shock
3.258674405515194e-05,6.819437476224266e-05,0.0004252493381500244,0.005708480012678676,0.008257988542147697,0.020621574579794445,0.02880859375,0.05712890625,0.10107421875,29.0,29.0,7.0,5.54703124020489,6.853209875502815,8.024975162802242,Transient_Shock
4.073738455190323e-05,7.570348680019379e-05,0.0003856471994367894,0.006382584472758918,0.008700775068934593,0.019637902113942552,0.03466796875,0.054931640625,0.09326171875,29.0,29.0,7.0,5.669051714666016,8.781260800587868,8.057133504463856,Transient_Shock
3.399219349375926e-05,7.210433250293136e-05,0.0004014624828414526,0.005830282454029072,0.008491427000388766,0.020036528712365637,0.030029296875,0.05322265625,0.10595703125,7.0,29.0,7.0,5.14068600778548,8.047008216881162,7.706680155471873,Transient_Shock
3.7064161006128415e-05,8.947518290369771e-05,0.0004318858846090734,0.006088034248107382,0.009459132248980226,0.02078186431986008,0.02978515625,0.05322265625,0.10498046875,29.0,29.0,7.0,5.6232623555541545,7.591910253963665,7.008045750376883,Transient_Shock
0.001200178430735832,0.0003812535396718886,0.0004566464303934481,0.034643591481482286,0.019525714831265167,0.021369287082012075,0.2099609375,0.1376953125,0.10498046875,21.0,36.0,7.0,7.499717853640479,6.137936885371536,7.203265140039199,Transient_Shock
9.256641715182923e-05,8.722298298380338e-05,0.00043387984624132514,0.009621144274556391,0.009339324546443569,0.02082978267388609,0.054443359375,0.052490234375,0.10009765625,29.0,29.0,29.0,4.4735532860945435,9.09020358043993,7.851727647626319,Transient_Shock
5.3829149692319334e-05,0.0001451949901820626,0.0006321556284092367,0.007336835127786322,0.012049688385268003,0.025142705272289945,0.037109375,0.064453125,0.12646484375,29.0,2.0,2.0,5.025243950557777,7.580876737251825,7.144429885243045,Transient_Shock
4.315352998673916e-05,9.205749665852636e-05,0.000380082507035695,0.006569134645197886,0.009594659798998938,0.019495704835570705,0.033447265625,0.05224609375,0.09814453125,7.0,29.0,7.0,4.6594491877244915,7.72032068947411,7.3140735034097935,Transient_Shock
4.7156117943814024e-05,8.068413808359765e-05,0.0003743720590136945,0.0068670312321857125,0.008982434975194513,0.019348696571441046,0.031982421875,0.045166015625,0.094970703125,29.0,29.0,7.0,3.884696815816358,8.16552863558893,7.478473733193051,Transient_Shock
6.907392162247561e-05,0.00011191021985723637,0.0003367967437952757,0.008311072230613545,0.010578762680825976,0.01835202288019704,0.04345703125,0.055908203125,0.102294921875,33.0,29.0,7.0,4.181064828166808,6.86983364550777,6.108832193599665,Transient_Shock
6.97077157383319e-05,9.91739179880824e-05,0.0003703667171066627,0.00834911466793527,0.009958610243808239,0.01924491405817814,0.044921875,0.060791015625,0.1015625,29.0,29.0,7.0,3.200172647763979,6.026087535501667,6.452149302366887,Transient_Shock
0.00010723037121351808,9.512876567896456e-05,0.0004525482654571533,0.010355209858497224,0.009753397647946306,0.02127318183669649,0.0537109375,0.049560546875,0.105712890625,7.0,29.0,7.0,3.2143091697076103,5.182604439090577,6.64796621653867,Transient_Shock
0.00010482092329766601,0.00012309164958423935,0.00046646981718367897,0.010238208988766834,0.011094667619367393,0.02159791233391966,0.05517578125,0.05712890625,0.105712890625,15.0,30.0,7.0,5.631297436814601,5.993773959245852,5.967250152938619,Transient_Shock
7.316184928640723e-05,0.00010348841533414088,0.00047638144678785466,0.008553470014351324,0.010172925603489926,0.021826164271072795,0.05029296875,0.056884765625,0.113037109375,14.0,30.0,7.0,3.730228153102128,6.8805605361610835,4.806818237010332,Transient_Shock
5.687720840796828e-05,0.00011812074444605969,0.00050917494809255,0.007541697979100481,0.01086833678379814,0.022564905231189206,0.0361328125,0.05859375,0.113525390625,30.0,30.0,3.0,3.9719669184958937,7.316804595363217,5.651404420426781,Transient_Shock
5.6682965805521235e-05,9.81604061962571e-05,0.00038109413799247704,0.0075288090562532686,0.009907593360461313,0.019521632564733847,0.03857421875,0.04833984375,0.093017578125,30.0,30.0,7.0,3.837980885718085,8.158027538527222,6.226813426000625,Transient_Shock
5.621596937999129e-05,0.00011904769053217024,0.00040692601760383695,0.007497730948759851,0.010910897787632795,0.020172407332885108,0.034912109375,0.0546875,0.09912109375,7.0,30.0,7.0,3.3757619883864454,7.194368506549494,5.8294560167729355,Transient_Shock
6.136554293334484e-05,0.00012792637789971195,0.0004748521459987387,0.007833616210495945,0.01131045436309753,0.021791102450283206,0.0458984375,0.05859375,0.1162109375,25.0,30.0,7.0,3.1646590754507042,7.218130211728011,5.650789446113479,Transient_Shock
5.235870776232332e-05,0.00012322665133979172,0.00045720125490333885,0.00723593171349228,0.011100750035010775,0.021382264961957113,0.03564453125,0.0576171875,0.106689453125,30.0,30.0,7.0,4.284017589332698,8.086201013150408,5.469884531310019,Transient_Shock
5.398312350735068e-05,0.00013180623864172958,0.0005106348398840055,0.007347320838737797,0.011480689815587284,0.022597230801228843,0.032470703125,0.065673828125,0.109375,30.0,30.0,30.0,4.786625211086429,8.554276920653841,5.813815455919017,Transient_Shock
5.450070239021443e-05,0.00012438586782081984,0.000571591779589653,0.007382459101831477,0.011152841244311686,0.02390798568657872,0.037109375,0.0556640625,0.126953125,30.0,30.0,30.0,6.293110557186634,8.857216516713516,5.891382403238636,Transient_Shock
5.7969242334365845e-05,0.0001407415693392977,0.0005473619057738688,0.0076137534983978725,0.011863455202397727,0.023395766834490996,0.041015625,0.060791015625,0.106689453125,30.0,30.0,30.0,5.767260771906379,8.775178076183597,5.594732521137176,Transient_Shock
5.514231452252716e-05,9.018706259666942e-05,0.00042277433385606855,0.007425787131511861,0.00949668692737996,0.02056147693761488,0.03466796875,0.0546875,0.098388671875,30.0,30.0,7.0,4.7769227468715005,7.104293511129679,6.114870045029767,Transient_Shock
4.59871043858584e-05,0.00011617084601311944,0.000508987097418867,0.006781379239200415,0.01077825802312783,0.022560742395117832,0.0380859375,0.0595703125,0.105224609375,30.0,30.0,30.0,4.765386773723674,7.45082828691464,5.765501881726527,Transient_Shock
4.747541606775485e-05,0.00011561729115783237,0.00045037894960842095,0.006890240639321304,0.010752548123948684,0.021222133483898856,0.0390625,0.060546875,0.119140625,30.0,30.0,7.0,4.340073802026739,6.549956356045265,5.608506130161453,Transient_Shock
4.207834354019724e-05,0.00010374629346188158,0.0004407306551001966,0.006486782217725306,0.010185592445306339,0.020993586046699993,0.02685546875,0.06103515625,0.1083984375,30.0,30.0,7.0,5.060878798051266,5.921522919436565,6.913018402473995,Transient_Shock
6.437579577323049e-05,9.88960346148815e-05,0.000486896369693568,0.008023452858541046,0.009944648541546428,0.022065728397076947,0.04150390625,0.048828125,0.108154296875,24.0,30.0,7.0,3.5345331387712937,5.408156782812612,5.752130954481051,Transient_Shock
5.347974365577102e-05,9.255943223251961e-05,0.00046735815340070985,0.007312984592884837,0.009620781269341882,0.02161846787819872,0.043701171875,0.062744140625,0.09912109375,14.0,29.0,7.0,3.6486940814976223,6.893074636140611,6.296949973796816,Transient_Shock
4.843971328227781e-05,9.634805610403419e-05,0.0004123014186916407,0.0069598644586139615,0.009815704564830493,0.020305206689212516,0.03369140625,0.049560546875,0.092041015625,7.0,29.0,7.0,4.352720907494177,6.600292641736767,6.212390891743022,Transient_Shock
4.4772339606424794e-05,0.00010332101010135375,0.00043093907515867613,0.006691213612374424,0.010164694294535067,0.02075907211699685,0.0341796875,0.05029296875,0.09521484375,29.0,29.0,7.0,3.7868244377336695,6.833421053474062,6.59685180110109,Transient_Shock
4.622583219315857e-05,9.868005508906208e-05,0.00046237603237386793,0.006798958169687365,0.0099337835233642,0.021502930785682866,0.037841796875,0.05712890625,0.099365234375,29.0,29.0,7.0,4.841612116773077,6.701612510357268,6.422910998278226,Transient_Shock
5.057392627350055e-05,0.0001120594642998185,0.0004959021425747778,0.007111534734043036,0.010585814295547533,0.022268860378896308,0.031982421875,0.057373046875,0.115478515625,14.0,29.0,7.0,4.8623348444405075,6.477107761126416,5.573192795196183,Transient_Shock
4.992574395146221e-05,0.00011283867934253067,0.000447041355073452,0.007065815165390488,0.010622555217203188,0.021143352503173472,0.0361328125,0.063232421875,0.10107421875,14.0,29.0,7.0,4.981961043127292,7.198393446648316,6.319983490259933,Transient_Shock
5.2073606639169157e-05,0.00010204070349573158,0.0003814268857240677,0.007216204448265664,0.010101519860680945,0.019530153243742552,0.0361328125,0.060791015625,0.092529296875,14.0,29.0,7.0,5.672448115444799,6.531441937917405,6.24968412968472,Transient_Shock
6.329125244519673e-05,9.87866624200251e-05,0.00041525641790940426,0.007955579956558587,0.00993914797253895,0.020377841345672613,0.042724609375,0.052001953125,0.09814453125,14.0,29.0,7.0,5.364855678544372,7.2283788293498565,6.669013839400026,Transient_Shock
5.8368543250253424e-05,0.00013564061373472214,0.00046995758020784706,0.007639930840672147,0.01164648503775805,0.021678505027050345,0.037841796875,0.055419921875,0.1064453125,14.0,29.0,7.0,4.915147033754904,6.3628957272991755,5.3441176835818665,Transient_Shock
6.521190516650677e-05,0.00011802917288150638,0.0004606936672644224,0.008075388855436422,0.010864123198928958,0.021463775699173303,0.0400390625,0.05810546875,0.10546875,14.0,30.0,7.0,4.5152868039715335,7.5256610724027455,5.704868254236894,Transient_Shock
4.4031054130755365e-05,0.00011646296115941368,0.0004382027509564068,0.006635589961017435,0.010791800644906932,0.020933292883739213,0.033935546875,0.06201171875,0.0947265625,30.0,30.0,30.0,5.479986642260014,9.811573189436514,6.754427657753895,Transient_Shock
4.75339729746338e-05,0.00012190522102173418,0.0004421668127179146,0.006894488594133273,0.011041069740823766,0.021027762903312243,0.0380859375,0.06005859375,0.10498046875,30.0,30.0,30.0,5.372736393662252,9.386913226936084,6.663118576368501,Transient_Shock
3.965277210227214e-05,0.00012294523185119033,0.0004930030409013852,0.006297044711789185,0.01108806709265372,0.022203671788724164,0.03173828125,0.057373046875,0.108642578125,30.0,30.0,30.0,5.176458834795189,9.624763428400678,6.823227660808709,Transient_Shock
4.351475217845291e-05,0.00011865741907968186,0.0004492620355449617,0.006596571244097414,0.010892998626626273,0.02119580230953671,0.033203125,0.05859375,0.11865234375,30.0,30.0,30.0,5.1687001779152775,10.815450961016621,6.051297587489805,Transient_Shock
6.571330231963657e-05,9.949096420314163e-05,0.00036630063186748885,0.008106374178363381,0.009974515737776026,0.019138981996634222,0.03955078125,0.05419921875,0.0810546875,30.0,30.0,30.0,4.664289398713672,9.829290005707495,6.13149777044729,Transient_Shock
7.064534293022007e-05,0.00012279123984626494,0.00040261560570797883,0.00840507840119413,0.011081120874995676,0.020065283594008304,0.038818359375,0.06103515625,0.1103515625,14.0,30.0,30.0,6.632875211127381,8.932007272387255,6.92526864986835,Transient_Shock
5.7008801377378404e-05,0.00011670350795611739,0.0004524558171397075,0.007550417298227854,0.010802939783045975,0.021271008841606633,0.0400390625,0.05322265625,0.099609375,30.0,30.0,30.0,5.257907124561326,9.976665251606027,7.4534536528829,Transient_Shock
6.967168519622646e-05,0.00013344547187443823,0.0004446529164852109,0.00834695664276666,0.01155186010452162,0.021086794836703157,0.03759765625,0.060791015625,0.10009765625,30.0,30.0,30.0,4.171121034442077,9.72763702213066,6.642439878135536,Transient_Shock
6.433971793740056e-05,0.00010515167377889156,0.0005123004666529596,0.0080212042697715,0.010254349017801742,0.02263405546191313,0.037841796875,0.058349609375,0.110595703125,14.0,30.0,30.0,5.2406639794249035,9.402846880340068,7.120260509310041,Transient_Shock
6.203300654306076e-05,0.00012993626296520233,0.0005149437201907858,0.007876103512718759,0.011398958854439397,0.02269237140959018,0.039306640625,0.0625,0.1083984375,30.0,30.0,30.0,4.850174088475557,8.688170097789303,6.568543414979167,Transient_Shock
7.15858732291963e-05,0.0001113992439059075,0.00042618941733962856,0.0084608435294122,0.010554584023347746,0.020644355580633378,0.039306640625,0.05712890625,0.107666015625,30.0,30.0,30.0,5.207620590374394,11.121628457475127,7.659988774469528,Transient_Shock
8.392633390030824e-05,0.00011723325224011205,0.00045569235226139426,0.009161131693208445,0.010827430546538364,0.021346951825996007,0.052001953125,0.05224609375,0.101806640625,14.0,30.0,30.0,6.737811802147665,10.975350060973277,6.926772518220083,Transient_Shock
5.2509596571326256e-05,0.0001226586136908736,0.0003658134628494736,0.007246350569171095,0.011075134928788616,0.01912625062184101,0.034423828125,0.051513671875,0.09814453125,14.0,30.0,30.0,5.506998092127144,12.904381064096357,7.1666789469338426,Transient_Shock
9.026837869896553e-05,9.675620458438061e-05,0.0003897423703165259,0.009500967250704822,0.009836473178145743,0.019741893787489737,0.050537109375,0.048583984375,0.086181640625,14.0,30.0,30.0,6.200504634955952,12.277183304866544,7.260590028178739,Transient_Shock
6.132799899205565e-05,0.00012196321040391922,0.00037777825127705,0.007831219508611393,0.011043695504853401,0.019436518496815474,0.03955078125,0.05615234375,0.0927734375,16.0,30.0,30.0,7.52165919356669,12.87533875702052,7.246930260968632,Transient_Shock
6.418721386580728e-05,0.00010490695422049612,0.000400203305616742,0.008011692322213035,0.010242409590545386,0.020005081994751782,0.03955078125,0.060302734375,0.0869140625,30.0,30.0,7.0,7.6860830323865565,11.35411660467637,6.73464508288069,Transient_Shock
5.059722752775997e-05,0.00012898951536044478,0.00048261099436786026,0.007113172817228608,0.011357355121701742,0.021968409008570926,0.04052734375,0.053955078125,0.11181640625,30.0,30.0,30.0,4.907659905759427,13.151667225911403,8.203158483345995,Transient_Shock
5.633773616864346e-05,0.00011564595843083225,0.00044533702020999044,0.007505846798905734,0.010753881086883575,0.02110300974292507,0.036865234375,0.05224609375,0.09765625,30.0,30.0,30.0,7.899746145943862,13.210910026192876,7.9011346518718995,Transient_Shock
5.763489753007889e-05,0.00012172539936727844,0.00041192592107108794,0.007591765112941712,0.011032923427962258,0.020295958244711875,0.035400390625,0.05810546875,0.095458984375,24.0,30.0,30.0,4.941903081890275,12.233842198229448,8.093275874489049,Transient_Shock
9.427184340893291e-05,0.0001307789316342678,0.0004815706597582903,0.009709368847094692,0.011435861648090528,0.021944718265639464,0.050048828125,0.060302734375,0.109130859375,30.0,30.0,30.0,5.138462612883576,10.458618772831269,7.313493332892313,Transient_Shock
5.61646738788113e-05,9.407181278220378e-05,0.00041066849371418357,0.007494309433083965,0.009699062469239168,0.02026495728379864,0.0380859375,0.04541015625,0.095458984375,30.0,30.0,30.0,4.296776044290195,11.658042146551896,8.457707667285925,Transient_Shock
7.720336725469679e-05,0.00013959860370960087,0.000504011390148662,0.008786544670955517,0.011815185301534668,0.022450197997983493,0.044677734375,0.058837890625,0.108154296875,30.0,30.0,30.0,6.256371831131841,12.096849235414163,7.72039595991581,Transient_Shock
3.9617938455194235e-05,0.00010705305248848163,0.0004051084652019199,0.006294278231472949,0.010346644503822562,0.02012730645670006,0.029052734375,0.05322265625,0.101806640625,30.0,30.0,30.0,5.6578222900172035,11.238073835617357,6.782713407408793,Transient_Shock
1.998387961066328e-05,8.056274964474142e-06,1.4890825696056709e-05,0.004470333277359002,0.002838357793597231,0.00385886326475255,0.02197265625,0.012939453125,0.021240234375,12.0,12.0,3.0,4.832076933231533,6.331191087488711,3.15325980685209,Transient_Shock
2.1908283088123426e-05,5.7944562286138535e-06,1.3600274542113766e-05,0.004680628492854718,0.002407167677710436,0.003687855005570822,0.030029296875,0.012451171875,0.02001953125,22.0,37.0,3.0,5.3779917795299506,3.0000096440331983,5.707359577901578,Transient_Shock
2.1869534975849092e-05,9.72771886154078e-06,1.977570354938507e-05,0.004676487461316356,0.003118929120954944,0.004446988143607431,0.02685546875,0.016845703125,0.023681640625,12.0,35.0,6.0,4.437365391214481,3.3277154817565027,3.696239216075132,Transient_Shock
1.0915533493971452e-05,1.9434126443229616e-05,2.1397005184553564e-05,0.003303866446146311,0.004408415411826523,0.004625689698256203,0.01513671875,0.023681640625,0.02392578125,42.0,38.0,3.0,3.58514262298614,4.386396643680788,8.265802015623146,Transient_Shock
2.8973430744372308e-05,2.2836029529571533e-05,3.884941907017492e-05,0.005382697348390703,0.004778705842544771,0.006232930215410318,0.03076171875,0.022216796875,0.025390625,23.0,35.0,3.0,5.863470550067192,3.9046619015915893,5.658117678802804,Transient_Shock
1.84404052561149e-05,4.107481800019741e-05,7.896567694842815e-05,0.0042942292971049996,0.00640896387883388,0.008886263385047067,0.02099609375,0.026611328125,0.037353515625,12.0,38.0,3.0,4.971896969874199,6.294085393982358,13.920248494798248,Transient_Shock
2.0219231373630464e-05,2.3479340597987175e-05,5.1852137403329834e-05,0.004496579964109441,0.00484554853427217,0.007200842825900996,0.0205078125,0.024658203125,0.0419921875,14.0,31.0,4.0,4.380739393030038,3.51987732487692,7.851497167612259,Transient_Shock
3.1261457479558885e-05,4.213437205180526e-05,6.251466402318329e-05,0.0055911946379605575,0.006491099448614638,0.007906621530286073,0.029541015625,0.027587890625,0.034912109375,42.0,35.0,4.0,3.2759302048021395,6.234654481577017,6.6926243892178965,Transient_Shock
3.187803304172121e-05,6.913434117450379e-05,7.541715967818163e-05,0.005646063499618226,0.008314706319197557,0.008684305365323218,0.0361328125,0.033203125,0.05126953125,12.0,38.0,5.0,4.480256813995325,6.643000296836528,7.941064776055263,Transient_Shock
2.4131135432980955e-05,3.391545033082366e-05,7.278125485754572e-05,0.004912345207024945,0.005823697307623711,0.008531193050069007,0.03076171875,0.026611328125,0.0419921875,5.0,42.0,5.0,3.8304825881251996,6.640239622203032,6.363451957461287,Transient_Shock
2.6405788958072662e-05,2.8508711693575606e-05,8.729853652766906e-05,0.005138656337805892,0.005339354988533316,0.009343368585669146,0.023681640625,0.028564453125,0.04248046875,12.0,45.0,6.0,3.095565028425725,4.291728934643428,5.592137431537418,Transient_Shock
2.084833977278322e-05,2.0995023078285158e-05,0.00011632902533165179,0.004565998223037677,0.004582032636099961,0.010785593415832613,0.023193359375,0.021484375,0.051513671875,13.0,47.0,6.0,3.2669982085473155,4.357204359437815,8.670096483151285,Transient_Shock
5.004612830816768e-05,3.3211661502718925e-05,0.000107356216176413,0.007074328823865037,0.005762955969181,0.010361284484870252,0.037841796875,0.02587890625,0.05322265625,12.0,25.0,6.0,5.9150311675428,3.8900689382856544,7.229170840956451,Transient_Shock
6.774469147785567e-05,2.5376004487043247e-05,0.00014752434435649775,0.00823071634050498,0.0050374601226256125,0.0121459600014366,0.0400390625,0.025390625,0.054443359375,12.0,26.0,6.0,7.054010408201955,3.7158009333096955,5.33128754957994,Transient_Shock
3.25408618664369e-05,3.4713404602371156e-05,0.00013736576875089668,0.005704459822493003,0.0058918082625261286,0.011720314362289805,0.0283203125,0.02978515625,0.05908203125,12.0,27.0,7.0,3.8899241381907292,4.571801636181216,7.072437618139416,Transient_Shock
3.5324119380675256e-05,4.2156429117312655e-05,0.00015726592391729355,0.005943409743629936,0.006492798250162456,0.012540571116073365,0.02880859375,0.029052734375,0.060546875,7.0,28.0,7.0,3.7567230394040765,4.259926971646987,8.549135320100154,Transient_Shock
3.636715700849891e-05,5.0189028115710244e-05,0.0001860632182797417,0.006030518800940671,0.007084421508896138,0.013640499194668122,0.0322265625,0.032470703125,0.05810546875,7.0,28.0,7.0,5.038999010679629,5.832204056743965,8.335006391659213,Transient_Shock
5.356681867851876e-05,5.706099545932375e-05,0.00024569028755649924,0.007318935624701092,0.0075538728781548705,0.015674510759717486,0.05029296875,0.034423828125,0.0732421875,14.0,29.0,7.0,3.5333076599965323,7.963392207919919,7.263354131289438,Transient_Shock
6.804801523685455e-05,9.724847041070461e-05,0.0003451449410931673,0.008249122088856156,0.009861463908097246,0.018578076894371152,0.054931640625,0.042236328125,0.102294921875,12.0,2.0,2.0,3.54020024941604,5.087971605130188,6.423196364118997,Transient_Shock
4.2100840801140293e-05,9.042225065059029e-05,0.00027652110657072626,0.006488516070808509,0.009509061502093163,0.016628923794723645,0.02978515625,0.04833984375,0.07421875,12.0,30.0,8.0,3.502342817875952,9.992290646679058,6.610163892987629,Transient_Shock
4.802433250006288e-05,6.798174217692576e-05,0.00020721193504869007,0.006929959054717631,0.008245104133783016,0.014394857937773824,0.034423828125,0.042724609375,0.06201171875,13.0,30.0,8.0,4.290385292610146,5.906810857113656,6.898959597381899,Transient_Shock
6.558451786986552e-05,8.56809456308838e-05,0.00024981981550808996,0.008098426876243653,0.009256400252305634,0.015805689339857657,0.0380859375,0.042724609375,0.072509765625,12.0,31.0,8.0,5.599992272559114,9.36445606274495,8.086171493070827,Transient_Shock
5.454156416817568e-05,8.691884795553051e-05,0.00025661897598183714,0.007385226074276649,0.009323027831961594,0.016019331321307926,0.036376953125,0.039306640625,0.069091796875,25.0,31.0,8.0,5.575588454286769,12.254809465953631,9.46048145018268,Transient_Shock
4.154283305979334e-05,0.0001072612612915691,0.00031900530666462146,0.0064453729961727844,0.01035670127461293,0.017860719656962915,0.031494140625,0.048095703125,0.088623046875,8.0,31.0,8.0,4.765923861589866,8.605644561700144,9.726418904185092,Transient_Shock
0.0038558189844479784,0.0005062634554633405,0.04450274280679878,0.06209524123834272,0.022500299008309656,0.21095673207271384,0.418212890625,0.1796875,1.362060546875,5.0,5.0,4.0,7.105269415083043,4.731093597409168,7.745150151846322,Transient_Shock
0.0010398046433692798,9.318950105807744e-05,0.008647637441754341,0.03224600197496241,0.0096534709331969,0.09299267412949443,0.235107421875,0.058837890625,0.705078125,10.0,48.0,10.0,6.303535861116055,3.7193330568666063,5.951372434402425,Transient_Shock
0.00015112387700355612,8.504661673214287e-05,0.0012694736360572278,0.012293245177883508,0.00922207225802004,0.03562967353284658,0.06494140625,0.043212890625,0.18017578125,8.0,32.0,8.0,6.011027518430213,4.515714580763858,11.52275829864837,Transient_Shock
0.0001277742521779146,0.00012734811753034592,0.001082161001249915,0.011303727357730928,0.011284862317739898,0.032896215606812815,0.061767578125,0.050048828125,0.154296875,3.0,32.0,3.0,5.394633891606222,11.905879714559408,8.942323447376703,Transient_Shock
4.7969966544769704e-05,0.0001008341641863808,0.00041491392767056823,0.006926035413190558,0.010041621591475194,0.02036943611567508,0.0361328125,0.04150390625,0.09765625,32.0,32.0,8.0,5.653330744919046,8.924543496312918,10.391508526825206,Transient_Shock
5.284291910356842e-05,0.00010939366984530352,0.00033812594119808637,0.007269313523543226,0.010459142882918443,0.018388201140897016,0.038818359375,0.04931640625,0.07666015625,8.0,32.0,8.0,5.768135875173221,8.600202035461125,10.004059692952065,Transient_Shock
3.602239303290844e-05,0.00011648202416836284,0.0003200770261173602,0.006001865795976152,0.010792683826016718,0.017890696635887608,0.029052734375,0.046875,0.079833984375,8.0,32.0,8.0,6.0309326890691715,8.008910160880408,10.771600488873569,Transient_Shock
3.3928066841326654e-05,0.00012188311666250229,0.0003333771455800161,0.005824780411425538,0.011040068689211235,0.018258618391872265,0.029541015625,0.057373046875,0.07763671875,8.0,33.0,8.0,5.585381444932822,7.234601981090788,9.800648924694764,Transient_Shock
4.519198773778044e-05,0.0001310279913013801,0.0003445074980845675,0.006722498623114804,0.011446745882624463,0.018560913180244325,0.039306640625,0.050048828125,0.08154296875,21.0,33.0,8.0,5.682532702221761,10.99130112251396,9.71323212201177,Transient_Shock
3.663729876279831e-05,0.00013388722072704695,0.00032606301465420984,0.006052875247582616,0.011570964554739892,0.01805721503040294,0.0322265625,0.048095703125,0.074951171875,8.0,33.0,8.0,5.778452793473517,14.921814243711562,9.120469217232614,Transient_Shock
3.869935972034e-05,0.00014772545182495378,0.00038166023659869097,0.006220880944073757,0.012154235962204855,0.019536126448164975,0.030517578125,0.0498046875,0.08740234375,8.0,33.0,8.0,5.2194425717669555,12.776224734334773,8.980752688680845,Transient_Shock
3.610975909396075e-05,0.00012082614921382628,0.0003556329174898565,0.006009139630093542,0.010992094851020267,0.018858232088132136,0.033203125,0.045654296875,0.0927734375,8.0,33.0,8.0,4.409768557804679,11.725540808017476,8.511516944221645,Transient_Shock
0.00012672283628489822,0.00014008042853674851,0.0003791608469327912,0.0112571238016155,0.011835557804207983,0.019472052971702576,0.100830078125,0.0498046875,0.08154296875,21.0,33.0,8.0,3.6981028703823053,11.034002449375167,8.653154498807249,Transient_Shock
4.046028698212467e-05,0.00015298531798180193,0.00041604332727729343,0.006360840116063653,0.012368723377204372,0.020397140173987464,0.031494140625,0.051513671875,0.0830078125,33.0,33.0,8.0,5.090645601503625,12.53971595900249,8.079994391663702,Transient_Shock
4.244243245921098e-05,0.00016663408314343542,0.00039118911081459373,0.006514785680220876,0.01290868247124529,0.019778501227711714,0.036376953125,0.0498046875,0.0908203125,33.0,33.0,8.0,4.610755371305515,13.060361235002466,7.519750807510373,Transient_Shock
4.097254713997245e-05,0.00016938402768573724,0.000391949899494648,0.006400980170253025,0.013014761914293217,0.019797724603970224,0.033447265625,0.048583984375,0.083984375,8.0,33.0,8.0,5.250345500545236,13.82655659464577,7.83355801641922,Transient_Shock
5.8470639487495646e-05,0.00014229747102945112,0.00040262808033730835,0.0076466096727566555,0.011928850364953494,0.020065594442660012,0.044921875,0.04931640625,0.0888671875,8.0,33.0,8.0,4.8440434168253725,11.392803229265406,7.287094264024537,Transient_Shock
4.36109839938581e-05,0.00015319226076826453,0.0003867116174660623,0.006603861294262479,0.01237708611783341,0.01966498455290678,0.033935546875,0.052001953125,0.091064453125,8.0,33.0,8.0,4.57187803651492,11.506720742970192,7.957224552930853,Transient_Shock
4.825320502277464e-05,0.0001536093041067943,0.0004523018724285066,0.006946452693481374,0.012393922063124098,0.021267389882834862,0.037353515625,0.0498046875,0.078857421875,33.0,33.0,8.0,4.959548911432928,11.100733097934219,8.574518631936758,Transient_Shock
0.23779482864392776,0.03565969629198662,0.026969009657477727,0.48764211122905265,0.18883775123631033,0.16422243956742857,3.99993896484375,2.251953125,1.77880859375,17.0,30.0,43.0,3.4143497375044283,3.3117008176142004,2.5065170791846105,Transient_Shock
0.00492836615012493,0.0008662985055707395,0.0012739846970362123,0.07020232296815349,0.029432949318251127,0.03569292222606903,0.394287109375,0.145751953125,0.19189453125,6.0,6.0,3.0,5.888733990627584,7.380764710017017,8.725673039840547,Transient_Shock
0.0014203461723809596,0.00028178140928503126,0.0005760382482549176,0.03768748031350676,0.016786345918186937,0.024000796825416393,0.166015625,0.076416015625,0.110107421875,6.0,7.0,8.0,12.635511955659082,8.239344117871939,6.26768797856237,Transient_Shock
0.00015515903942286968,0.00015086319399415515,0.00038553596459678374,0.012456285137346113,0.012282637908615363,0.019635069762972163,0.06103515625,0.069580078125,0.10009765625,6.0,33.0,8.0,6.915315164347961,8.893819315010182,9.217366964564139,Transient_Shock
0.00012162268103566021,0.00013142631723894738,0.00039508816189481877,0.011028267363265194,0.011464131769957434,0.01987682474377683,0.052490234375,0.05517578125,0.087890625,6.0,33.0,8.0,6.058141944118218,8.732914692597426,9.319141000024885,Transient_Shock
4.9377078539691865e-05,0.00010989422662532888,0.0003628140802902635,0.007026882561968135,0.010483044721135596,0.019047679131334178,0.03271484375,0.053955078125,0.091552734375,18.0,33.0,8.0,4.011960121777792,10.415944080821374,9.097962097257865,Transient_Shock
5.820240767206997e-05,0.00010632605699356645,0.00036684352380689234,0.00762905024705369,0.010311452710145474,0.01915315962985983,0.041015625,0.053955078125,0.082275390625,18.0,33.0,8.0,5.607664724009971,9.32742850602012,8.936686754545772,Transient_Shock
4.3026167986681685e-05,0.00013035963274887763,0.00040434166658087634,0.006559433511110673,0.011417514298168303,0.020108248719887974,0.030029296875,0.057373046875,0.08544921875,8.0,33.0,8.0,6.049077038330924,12.504006734693858,9.261740916141804,Transient_Shock
4.111694579478353e-05,0.00012842471187468618,0.00044322231769911014,0.006412249667221601,0.011332462745347376,0.021052845833737302,0.030029296875,0.04931640625,0.091796875,33.0,33.0,8.0,5.164551998376997,14.11705588572217,9.196243568962254,Transient_Shock
3.4983149816980585e-05,0.0001336177665507421,0.0004337809768912848,0.005914655511268648,0.01155931514194254,0.020827409269788807,0.027099609375,0.0458984375,0.092041015625,33.0,33.0,8.0,5.582840732161776,13.075504510524516,8.314113197219669,Transient_Shock
3.492715768516064e-05,0.00013394688357948326,0.0004078164784004912,0.005909920277394665,0.011573542395458845,0.02019446652923744,0.025390625,0.059326171875,0.088134765625,8.0,33.0,8.0,4.973881478006906,12.535691895268421,9.51126691539204,Transient_Shock
5.178571154829115e-05,0.00013482954454957508,0.00039877654853626154,0.007196228981090801,0.011611612487056873,0.01996939028954719,0.042724609375,0.053955078125,0.089599609375,13.0,33.0,8.0,6.275190021132387,12.127660238672926,8.528936751697314,Transient_Shock
0.00018266703409608454,0.00010622106492519379,0.0003902957214449998,0.01351543688143615,0.010306360411182687,0.01975590345808057,0.06640625,0.049072265625,0.08203125,14.0,33.0,8.0,11.923874288212774,11.96329951742319,9.763911610147334,Transient_Shock
0.00039367732460959814,0.00013373358160606585,0.0003955645333917346,0.019841303500768244,0.011564323655366355,0.019888804222268734,0.066650390625,0.052490234375,0.078857421875,14.0,33.0,8.0,17.18488578121451,11.035673943647385,8.907008412311214,Transient_Shock
0.0004960741935065016,0.00017903820480569266,0.0005007905274396762,0.022272723082427563,0.013380515864707633,0.022378349524477363,0.0791015625,0.0546875,0.09814453125,14.0,33.0,8.0,19.404908966574475,12.839340564939064,8.000417286387382,Transient_Shock
0.00045954392044222914,0.0001244492559635546,0.00043678836300387047,0.02143697554325771,0.011155682675818393,0.020899482362103386,0.09228515625,0.049072265625,0.103515625,14.0,33.0,8.0,19.042121370070475,11.02340144301404,7.483825780293215,Transient_Shock
0.00039603476398042403,0.00014507559535559267,0.000438751532783499,0.019900622200836438,0.01204473309607119,0.020946396653923532,0.08203125,0.054443359375,0.094970703125,14.0,33.0,8.0,16.68540304315683,11.033243077463222,8.88096444600671,Transient_Shock
0.00022212299518287182,0.00016992632299661636,0.0005361437652027234,0.014903791302312033,0.013035579120108795,0.023154778452896575,0.068603515625,0.065185546875,0.098876953125,14.0,33.0,8.0,15.353363112399062,11.461828970525223,8.188096042999327,Transient_Shock
9.472405872656964e-05,0.00013763061724603176,0.0004682572580350097,0.00973262856203655,0.011731607615584139,0.021639252714338583,0.040771484375,0.0546875,0.099609375,14.0,33.0,8.0,9.808108223777111,12.554208228650333,8.672828521680557,Transient_Shock
9.725935524329543e-05,0.0001634368636587169,0.00046812892833258957,0.00986201577991515,0.012784242787850867,0.021636287304724663,0.0439453125,0.057861328125,0.096435546875,14.0,33.0,8.0,7.6791202958582385,10.561468654256997,8.741225468892047,Transient_Shock
0.00011830926814582199,0.0001677044747339096,0.0005422790854936466,0.01087700639633084,0.012950076244328047,0.02328688655646449,0.0595703125,0.06103515625,0.09765625,14.0,33.0,8.0,9.487364801870354,11.730550671634566,8.133685872992292,Transient_Shock
7.205652946140617e-05,0.00014568000551662408,0.0004952913004672155,0.008488611751129048,0.012069797244221797,0.022255140989605425,0.03955078125,0.052978515625,0.088134765625,14.0,33.0,8.0,7.893600603317139,10.883408115805128,8.781199658316288,Transient_Shock
6.0136339016025886e-05,0.0001409977521689143,0.0004919299390166998,0.007754762344264709,0.01187424743589733,0.02217949366006131,0.046875,0.05712890625,0.10302734375,14.0,33.0,8.0,4.773556100361907,10.812715107745806,7.664729971939428,Transient_Shock
0.00012039962166454643,0.0001473880693083629,0.00046201561053749174,0.010972676139599968,0.012140348813290453,0.02149454839110354,0.0537109375,0.055419921875,0.09228515625,14.0,33.0,8.0,10.805441631113302,11.362465352778697,8.764423678905395,Transient_Shock
0.00013765819312538952,0.0001512007111159619,0.000531729278009152,0.011732782838073393,0.012296369834872482,0.02305925579911789,0.05615234375,0.057861328125,0.097900390625,14.0,33.0,8.0,14.048161156644534,12.274744548916077,9.053703565609343,Transient_Shock
5.9070473071187735e-05,0.0001469981943955645,0.0004482027143239975,0.007685731785014862,0.012124281190881565,0.021170798622725535,0.0390625,0.05615234375,0.091796875,8.0,33.0,8.0,5.64985400494748,11.82165872079132,9.378605487827514,Transient_Shock
6.623473018407822e-05,0.00016875803339644335,0.0005322782672010362,0.008138472226657667,0.012990690258659982,0.02307115660735361,0.039306640625,0.059326171875,0.10498046875,14.0,33.0,8.0,5.625953041086722,11.817511567734705,8.783692593820817,Transient_Shock
6.220437353476882e-05,0.0001456926365790423,0.000528786415088689,0.007886974929259558,0.012070320483692316,0.022995356380988943,0.046630859375,0.054931640625,0.107177734375,14.0,33.0,8.0,6.056079612895768,13.180589630941638,9.154519469151111,Transient_Shock
5.288637112244032e-05,0.00015061808517202735,0.00047348566295113415,0.007272301638576354,0.012272655995017026,0.02175972570946459,0.03955078125,0.057373046875,0.091796875,33.0,33.0,8.0,4.620665231670753,11.798756570857972,8.845979137541073,Transient_Shock
6.382740320987068e-05,0.00016391660028602928,0.0004947618435835466,0.007989205417929288,0.01280299184901831,0.022243242649927338,0.039794921875,0.05908203125,0.0966796875,14.0,33.0,8.0,7.059650829468321,12.376813865638567,8.647425583305184,Transient_Shock
5.993761806166731e-05,0.00020256018251529895,0.0006133452407084405,0.007741938908417407,0.014232363911708377,0.024765807895331025,0.03955078125,0.0615234375,0.115966796875,14.0,33.0,8.0,5.806902619065608,11.813821107096933,7.500483956826697,Transient_Shock
0.0001571354478073772,0.00017793393635656685,0.0005806665285490453,0.01253536787682664,0.013339187994648206,0.02409702323003913,0.062744140625,0.063232421875,0.098876953125,14.0,33.0,8.0,10.599570586043695,10.645312010648817,7.33713479691032,Transient_Shock
0.00016169779337360524,0.00019903281645383686,0.0006365224253386259,0.012716044722066892,0.014107899080084066,0.025229396055764512,0.0654296875,0.062744140625,0.1103515625,14.0,33.0,8.0,11.837757026900837,10.737253130323426,6.483793105729041,Transient_Shock
9.085144847631454e-05,0.00016964325550361536,0.0005172291384951677,0.00953160261846425,0.013024717098793945,0.022742672193371817,0.046142578125,0.060546875,0.102783203125,14.0,33.0,8.0,6.151881824105965,6.975040320942795,7.778172234064044,Transient_Shock
8.20640561869368e-05,0.000110232038423419,0.00048591685117571615,0.009058921358911159,0.010499144651990418,0.022043521750748363,0.042236328125,0.04833984375,0.093505859375,20.0,33.0,8.0,4.548609078549605,7.724202044543543,7.267357557378153,Transient_Shock
6.493128603324294e-05,0.00016296724788844585,0.0005869006272405386,0.008057995162150628,0.012765862598682702,0.024226032016005813,0.040771484375,0.05712890625,0.103515625,33.0,33.0,8.0,3.927961586192582,8.754960250352976,7.261129474171419,Transient_Shock
6.728205698891543e-05,0.0001676002866588533,0.0006394970696419477,0.00820256404966858,0.012946052937434378,0.025288279293814116,0.044677734375,0.057861328125,0.117431640625,33.0,33.0,8.0,3.834292929941251,9.174693229373998,6.645619860342611,Transient_Shock
4.858412648900412e-05,0.0001525282277725637,0.0005491939227795228,0.006970231451609345,0.01235023189144899,0.023434886873623325,0.0361328125,0.0625,0.106689453125,33.0,33.0,8.0,4.66862276928148,8.668285555807216,7.489908296149888,Transient_Shock
5.603604586212896e-05,0.00016575451809330843,0.0005977311520837247,0.007485722801582287,0.012874568656592283,0.024448540898870115,0.04052734375,0.060546875,0.11083984375,8.0,33.0,8.0,3.6215219335128315,7.50308495874087,6.883782192879195,Transient_Shock
0.0004954015457769856,0.0005578881791734602,0.004551215970423073,0.022257617702193234,0.023619656626916917,0.06746270058649499,0.114013671875,0.109375,0.314697265625,3.0,2.0,2.0,6.188767407452357,10.038447661419765,11.975703196699252,Transient_Shock
0.00020177356418571435,0.00017618489437154494,0.002310430631041527,0.014204702185745197,0.013273465801046271,0.0480669390646162,0.07177734375,0.07177734375,0.230712890625,3.0,34.0,3.0,7.282058025423183,5.1541531999060135,9.121271798487182,Transient_Shock
8.200801676139235e-05,0.00015396169328596443,0.0005710950899810996,0.009055827778916312,0.012408130128507052,0.023897595903795418,0.049072265625,0.05859375,0.124267578125,22.0,34.0,8.0,3.296397104743283,6.034189580348798,6.203810111373531,Transient_Shock
8.196025373763405e-05,0.00016391626559197903,0.0006088580084906425,0.00905319025192965,0.012802978778080476,0.02467504829763546,0.042724609375,0.062255859375,0.12109375,22.0,34.0,8.0,6.025844869069943,6.859376838048081,6.545798123656422,Transient_Shock
6.913939432706684e-05,0.00016492010036017746,0.0007019769072940107,0.00831501018201823,0.01284212211280431,0.0264948468063888,0.046630859375,0.058837890625,0.117919921875,34.0,34.0,8.0,3.8274988690690015,8.094448535533067,5.820860333099406,Transient_Shock
6.372149437083863e-05,0.00014874892076477408,0.0006076856479921844,0.007982574420000018,0.012196266673239566,0.02465128085905851,0.047119140625,0.056640625,0.112060546875,34.0,34.0,8.0,4.462302267673664,8.561984862164326,6.021308878574307,Transient_Shock
5.7330355048179626e-05,0.00015151398474699818,0.0006671864539384842,0.0075716811243065184,0.012309101703495596,0.02582995265072091,0.04296875,0.060546875,0.114990234375,34.0,34.0,8.0,3.628171900717883,8.726013036093926,5.240886802425139,Transient_Shock
5.763577064499259e-05,0.00016692461213096976,0.0006422385922633111,0.00759182261680241,0.012919930809836784,0.025342426724039496,0.03857421875,0.054931640625,0.12255859375,34.0,34.0,8.0,5.642266708417002,10.748680499839097,5.949655519487169,Transient_Shock
6.394716911017895e-05,0.00016542820594622754,0.000643292903987458,0.007996697387683178,0.012861889672448118,0.025363219511478782,0.04052734375,0.05517578125,0.115234375,34.0,34.0,8.0,5.288068065601548,10.389731365048988,5.634208196789665,Transient_Shock
5.786377005279064e-05,0.00018018273112829775,0.0006795818771934137,0.0076068239136179985,0.013423216124621466,0.026068791249181725,0.043212890625,0.056640625,0.1123046875,34.0,34.0,8.0,5.419747914463619,10.136591686232654,6.541492279584206,Transient_Shock
0.00014831100997980684,0.00012858920672442764,0.0006295796338235959,0.012178300783763179,0.011339718106038952,0.025091425504016225,0.08544921875,0.05224609375,0.115966796875,4.0,34.0,8.0,3.9040741163971386,7.963833088987821,5.579175890085218,Transient_Shock
0.00010510146603337489,0.00020209803187754005,0.0007721085421508178,0.010251900605905955,0.014216118734645546,0.027786841168992524,0.0517578125,0.0712890625,0.126220703125,6.0,34.0,8.0,4.2265324975129115,7.718647806606539,5.720800012951468,Transient_Shock
0.00021093064788146876,0.0001401205918227788,0.0005676697728631552,0.014523451651775784,0.011837254403905442,0.02382582155694018,0.0751953125,0.05908203125,0.1259765625,21.0,34.0,8.0,4.521252134031657,7.025450123503961,5.756648422351714,Transient_Shock
0.00035483782630763017,0.00023174701709649526,0.0006177185423439369,0.01883713954685345,0.015223239375917836,0.024853944200950013,0.09033203125,0.078125,0.11767578125,20.0,34.0,8.0,4.716872426360557,8.40429996209892,5.1994640791520474,Transient_Shock
8.904002606868744e-05,0.00021515111438930035,0.0009579313336871564,0.009436102270995554,0.014668030351390072,0.0309504658072727,0.04736328125,0.07861328125,0.16259765625,3.0,34.0,2.0,3.5759051897995224,5.890496536294997,5.444525771867373,Transient_Shock
5.307947503752075e-05,0.00013304463573149405,0.0005247199114819523,0.0072855662125548455,0.011534497636719774,0.0229067656268176,0.037841796875,0.055908203125,0.108154296875,8.0,34.0,8.0,5.011224379733606,6.973819090373648,6.723855281274847,Transient_Shock
6.673851748928428e-05,0.00018329801969230175,0.0005625589074043091,0.008169364570716885,0.013538759902306479,0.023718324295875313,0.04296875,0.065185546875,0.103515625,8.0,34.0,8.0,3.26114054062405,7.643402334606996,6.315448563799731,Transient_Shock
6.924388799234293e-05,0.0001919390051625669,0.0005502899730345234,0.008321291245494472,0.013854205324108882,0.02345826023034367,0.041748046875,0.06396484375,0.10791015625,34.0,34.0,8.0,5.3408596135150646,9.431833912872404,6.428224242249717,Transient_Shock
5.185311601962894e-05,0.000178639074874809,0.0005222677573328838,0.007200910777091252,0.013365592948867215,0.02285317827639919,0.0390625,0.0615234375,0.10107421875,34.0,34.0,8.0,5.75953618745921,10.053457342089585,6.2370507753962015,Transient_Shock
5.141738802194595e-05,0.00017366766405757517,0.000621683804638451,0.007170591887839243,0.013178302776062446,0.024933587881379025,0.039794921875,0.059326171875,0.1083984375,34.0,34.0,8.0,5.106028594118434,11.770036894664678,5.22076995152221,Transient_Shock
6.134903742349707e-05,0.0001677153595665004,0.0006478503019025084,0.007832562634508393,0.012950496498841287,0.02545290360454988,0.03857421875,0.05078125,0.106689453125,34.0,34.0,34.0,7.7011182490893715,13.748983734918477,5.94974701310933,Transient_Shock
9.886317639029585e-05,0.00020677860811701976,0.0006351190058921929,0.009942996348701726,0.014379798611838059,0.025201567528473162,0.06103515625,0.064697265625,0.127685546875,21.0,34.0,8.0,5.059286701894852,12.896600064425144,5.693930331069122,Transient_Shock
4.871176497545093e-05,0.0001752009520714637,0.0006106670334702358,0.0069793814178228525,0.01323634965054428,0.024711678078799825,0.037109375,0.0625,0.106201171875,34.0,34.0,8.0,5.922301338782802,11.736653327263559,6.172000841048589,Transient_Shock
4.650474511436187e-05,0.00015991501277312636,0.0005770893185399473,0.0068194387682830515,0.012645750779337949,0.02402268341671986,0.03955078125,0.056640625,0.108642578125,34.0,34.0,8.0,5.886728027052581,11.118505533937117,6.02865788556229,Transient_Shock
5.501041596289724e-05,0.000196962253539823,0.0005512672032637056,0.0074169006979261385,0.014034324121233021,0.02347908011962363,0.037353515625,0.060546875,0.107177734375,34.0,34.0,8.0,5.7623839431522335,12.639845283890331,5.633243696936325,Transient_Shock
5.802890154882334e-05,0.00018718416322371922,0.0006001833244226873,0.007617670349183098,0.013681526348464167,0.024498639236143042,0.039306640625,0.0595703125,0.113037109375,34.0,34.0,8.0,5.8456196421113065,14.283977875315902,5.730435944176399,Transient_Shock
5.424202754511498e-05,0.0001762916763254907,0.0006409019952116068,0.0073649187059406825,0.01327748757579877,0.025316042250154484,0.036376953125,0.056884765625,0.11474609375,34.0,34.0,8.0,6.650809628292366,13.923683918234609,6.490003958463028,Transient_Shock
5.4706553783034906e-05,0.00017226714408025146,0.0005711957346647978,0.007396387887545847,0.013125057869596288,0.023899701560161746,0.038330078125,0.06201171875,0.1103515625,34.0,34.0,9.0,4.324497659881566,9.436629350213654,6.202990118223297,Transient_Shock
5.399933070293628e-05,0.00017560956985107623,0.0006062585416657384,0.007348423688311411,0.01325177610175618,0.02462231795883033,0.04150390625,0.056640625,0.10693359375,34.0,34.0,8.0,6.090680882849261,15.472453545210174,5.935450804968525,Transient_Shock
4.941537918057293e-05,0.00016276086898869835,0.0005845673003932461,0.007029607327623139,0.012757776804314235,0.02417782662675134,0.036376953125,0.05126953125,0.104736328125,34.0,34.0,9.0,5.667329566169226,14.399513418288626,5.925732883404704,Transient_Shock
6.855246829218231e-05,0.00015127448932616971,0.0005262133054202422,0.008279641797335336,0.012299369468642274,0.022939339690153295,0.042724609375,0.059814453125,0.098388671875,34.0,34.0,8.0,5.459379680443776,12.822811300720693,5.949545896122218,Transient_Shock
4.9183316150447354e-05,0.00017062096958397888,0.0005512377247214317,0.007013081786949826,0.013062196200638653,0.023478452349365613,0.03466796875,0.0537109375,0.10546875,34.0,34.0,9.0,6.799793506396001,17.185936900987283,6.17072514834346,Transient_Shock
5.0698392442427576e-05,0.00016661217887303792,0.0005682819137291517,0.0071202803626281164,0.012907834011678254,0.023838664260590434,0.035400390625,0.049072265625,0.098876953125,34.0,34.0,34.0,7.197954348614772,15.005243515082089,5.86603951524284,Transient_Shock
8.310138946399093e-05,0.0001718066050671041,0.0005993760678393301,0.009115996350591137,0.013107501862181981,0.024482158153221092,0.043701171875,0.059326171875,0.11083984375,34.0,34.0,8.0,3.509559917788784,15.57117820375861,5.513921642242921,Transient_Shock
7.751115117571317e-05,0.00016880872135516256,0.0006676526354567613,0.008804041752269986,0.012992641046190823,0.025838975123962663,0.04296875,0.059326171875,0.120849609375,34.0,34.0,9.0,4.563930454442616,14.370619587105923,5.562371941354117,Transient_Shock
4.9922833568416536e-05,0.00019946250540670007,0.000616316214291146,0.007065609214244483,0.014123119535240791,0.024825716793098765,0.03662109375,0.05908203125,0.1025390625,34.0,34.0,9.0,5.841522208054823,16.025350787040445,6.188935538357189,Transient_Shock
6.643751112278551e-05,0.00019402935868129134,0.0006220084032975137,0.008150920875752967,0.013929442152551959,0.02494009629687732,0.04150390625,0.055419921875,0.1064453125,34.0,34.0,9.0,6.2950597383203615,15.027640430517495,6.00966525978998,Transient_Shock
5.102413706481457e-05,0.00019498899564496242,0.0006169230291561689,0.007143118161196451,0.013963846019093824,0.024837935283677847,0.0400390625,0.0556640625,0.103515625,34.0,34.0,9.0,5.550554511902757,14.27054934151982,6.226978889013987,Transient_Shock
6.419967030524276e-05,0.0002184400764235761,0.0006906307389726862,0.008012469675776799,0.014779718414894652,0.026279854241846284,0.041015625,0.06103515625,0.118408203125,34.0,34.0,9.0,5.047790263604829,11.916206669765778,4.982592673432995,Transient_Shock
7.442814239766449e-05,0.00018581136828288436,0.0006033826757629868,0.008627174647453504,0.013631264368461363,0.024563848960677696,0.04541015625,0.056884765625,0.10791015625,34.0,34.0,9.0,4.628775462710536,12.239565207852412,6.510737946266211,Transient_Shock
5.964979936834425e-05,0.0002123039994330611,0.000589157862123102,0.007723328257192248,0.014570655422219726,0.024272574278866713,0.03564453125,0.059814453125,0.103759765625,34.0,34.0,9.0,6.105931840868013,11.49738516601844,6.0546104825816265,Transient_Shock
5.848132059327327e-05,0.00020212703020661138,0.0006203613593243062,0.007647308061878589,0.014217138608264722,0.024907054408827758,0.036865234375,0.060791015625,0.11083984375,34.0,34.0,9.0,5.359166236714116,11.543297244584064,6.105095894788361,Transient_Shock
5.269223765935749e-05,0.00018994079073308967,0.0005895750946365297,0.0072589419104548214,0.013781900838893366,0.024281167489157717,0.03564453125,0.05908203125,0.111083984375,34.0,34.0,9.0,5.518892473336844,13.439832017312968,6.620193352870428,Transient_Shock
5.369927021092735e-05,0.00018195004304288886,0.0005188165196159389,0.007327978589688111,0.013488885908142631,0.022777544196333786,0.03466796875,0.060546875,0.098388671875,34.0,34.0,9.0,6.147963405122612,12.455825990002703,6.210996189584524,Transient_Shock
6.472527456935495e-05,0.00021667824694304727,0.0005638262809952721,0.008045201959513195,0.014719994801053677,0.02374502644755891,0.045166015625,0.060791015625,0.104736328125,34.0,34.0,9.0,5.858135004127245,12.095845053118417,5.859718854647264,Transient_Shock
4.980843732482754e-05,0.00016702472930774093,0.0005616551352431998,0.007057509286202005,0.012923804753544559,0.023699264445193227,0.034912109375,0.059326171875,0.114501953125,34.0,34.0,9.0,4.999113967189991,14.734254792473363,6.437814637342424,Transient_Shock
6.931409006938338e-05,0.0002038149359577801,0.0006652216798102017,0.008325508397052001,0.014276376849809622,0.025791891745473066,0.044189453125,0.0546875,0.1103515625,34.0,34.0,9.0,5.99221916992002,15.300720539634836,6.017006154354651,Transient_Shock
8.351102223969065e-05,0.00018734729019342922,0.0005972571671009064,0.00913843653146919,0.013687486628063942,0.024438845453517363,0.041259765625,0.05517578125,0.115478515625,13.0,34.0,9.0,5.247142753906944,11.336867920672901,6.09785202443222,Transient_Shock
6.710173329338431e-05,0.0002177128590119537,0.0005739070475101471,0.008191564764645661,0.014755096035334833,0.023956357141897578,0.03857421875,0.062744140625,0.09814453125,34.0,34.0,9.0,5.753803626344792,10.437390404158124,5.913278051904221,Transient_Shock
7.176698636612855e-05,0.000220386718865484,0.0007074270652083214,0.00847153978720094,0.014845427540676758,0.02659750110834327,0.04443359375,0.0625,0.10791015625,34.0,34.0,9.0,5.5866521562698885,12.151595836190088,5.815559643988174,Transient_Shock
7.582903708680533e-05,0.0001937276538228616,0.0006533665837196168,0.00870798697098275,0.013918608185550078,0.025561036436725658,0.046142578125,0.052978515625,0.125,12.0,34.0,9.0,5.144042634966048,12.831717844295538,5.664100157015131,Transient_Shock
5.693381172022782e-05,0.0002012457698583603,0.0005747875220549759,0.007545449736114331,0.014186111865425293,0.023974726735772733,0.0361328125,0.071533203125,0.099853515625,34.0,34.0,9.0,6.291967260555798,11.37996573677062,6.476114118612837,Transient_Shock
6.171758286654949e-05,0.000183465479494771,0.0005987994372844696,0.007856053899162703,0.013544942949114661,0.024470378772803447,0.04248046875,0.05419921875,0.098876953125,34.0,34.0,9.0,4.7965838278065025,12.038077114818277,6.475731196887027,Transient_Shock
6.362766362144612e-05,0.000159315241035074,0.0005769977251475211,0.007976695031242332,0.012622014143355806,0.02402077694720804,0.0380859375,0.0546875,0.111328125,34.0,34.0,9.0,5.944871234627903,13.501306751326974,6.626716603126815,Transient_Shock
5.0447062676539645e-05,0.00015808536772965454,0.0005638672701024916,0.007102609568077049,0.01257320037737626,0.023745889541192,0.0390625,0.05712890625,0.1025390625,34.0,34.0,9.0,5.565144217335454,8.986474691397502,5.933778721813093,Transient_Shock
7.815452045178972e-05,0.00016007931844796985,0.0005765256792074069,0.008840504536042596,0.012652245589142264,0.024010949152572184,0.044677734375,0.05126953125,0.107666015625,9.0,34.0,9.0,3.377607402915968,10.230567245455596,7.008017526196122,Transient_Shock
6.434408714994788e-05,0.00018903059753938578,0.0005951158236712217,0.008021476619048881,0.013748839861580531,0.024394995873564352,0.047119140625,0.055419921875,0.10400390625,34.0,34.0,9.0,4.020556652852846,9.63106661155574,7.313696958935658,Transient_Shock
5.620013689622283e-05,0.00019794917534454726,0.0006119587924331427,0.0074966750560647106,0.014069441188069527,0.024737800881103854,0.044677734375,0.064453125,0.107421875,34.0,34.0,9.0,4.832637800509152,9.709749023523774,6.756664477637842,Transient_Shock
7.473338337149471e-05,0.00021962044047540985,0.0006311463621386793,0.008644847215046355,0.014819596501774597,0.025122626497615236,0.04345703125,0.058349609375,0.11474609375,35.0,35.0,9.0,3.902630978887287,7.7013450162267265,6.617870374578047,Transient_Shock
5.842165774083696e-05,0.00019488943144096993,0.000622012754320167,0.007643406160923084,0.013960280492918828,0.024940183526192566,0.034912109375,0.061767578125,0.131591796875,34.0,34.0,9.0,5.142305135881911,8.904001591262244,6.350742632262484,Transient_Shock
6.595368904527277e-05,0.00019541289657354355,0.0006359954713843763,0.008121187662237142,0.01397901629491659,0.025218950640032118,0.04345703125,0.059326171875,0.110595703125,34.0,34.0,9.0,4.409644205250721,8.5971645180211,7.144943199643515,Transient_Shock
5.6311659136554226e-05,0.0001747202913975343,0.0005269591783871874,0.007504109483246778,0.013218180336095219,0.02295559144058779,0.038330078125,0.0595703125,0.0966796875,34.0,34.0,9.0,5.144769471387893,9.440233936242159,6.992355312186509,Transient_Shock
6.363946886267513e-05,0.00020932679763063788,0.000650248632155126,0.00797743498015967,0.014468130412414655,0.02549997317949817,0.042236328125,0.05712890625,0.1015625,34.0,34.0,9.0,5.678842124768926,10.723076881346348,6.289948596163424,Transient_Shock
6.426681284210645e-05,0.00020458930157474242,0.0006412315669876989,0.008016658458616436,0.014303471661619162,0.025322550562447275,0.03955078125,0.059326171875,0.114013671875,34.0,34.0,9.0,4.365141095640625,8.715756623019699,6.529439184207489,Transient_Shock
6.0786594985984266e-05,0.00023244401381816715,0.0006888185016578063,0.007796575850075741,0.01524611471221987,0.026245352001026893,0.0341796875,0.062744140625,0.1162109375,34.0,34.0,9.0,5.7465356403485774,11.244454573414291,6.424934041459765,Transient_Shock
6.191525608301163e-05,0.0001662345021031797,0.0006796336929255631,0.007868624789822655,0.012893195961559713,0.02606978505714159,0.04052734375,0.055908203125,0.122314453125,9.0,34.0,9.0,3.774324792340061,8.466306933958121,5.963827034003687,Transient_Shock
6.129289977252483e-05,0.00015862509826547466,0.0006475931986642536,0.007828978207437087,0.012594645618891969,0.02544785253541551,0.04052734375,0.05517578125,0.11962890625,34.0,34.0,9.0,5.053635664682713,12.349072708084709,7.4361322076996395,Transient_Shock
8.551223072572611e-05,0.00019897930542356335,0.0007046858627290931,0.009247282342706213,0.014106002460781131,0.026545919888545832,0.04736328125,0.05224609375,0.112548828125,34.0,34.0,9.0,5.159829386932657,10.978082814617865,5.5823252047527685,Transient_Shock
0.3121732374847852,0.06486606266116723,0.05049167590550496,0.5587246526552996,0.25468816749344136,0.22470352891199766,3.99993896484375,3.3447265625,2.770751953125,20.0,30.0,20.0,2.7205544465336873,3.3140653508878946,2.302101267988924,Transient_Shock
0.00894001497363206,0.001441854747099569,0.002375875352299772,0.09455165241090216,0.03797176249661805,0.048742951821773906,0.58642578125,0.260498046875,0.20361328125,20.0,6.0,3.0,7.0509925409909995,5.346147119713475,10.463164109344602,Transient_Shock
0.001901136009109905,0.00035030278377234936,0.0014532659988617525,0.04360201840637547,0.018716377421187824,0.03812172607400867,0.21875,0.08837890625,0.20263671875,6.0,7.0,3.0,10.559728921889384,6.277487118421062,9.056456959282924,Transient_Shock
0.00019479929687804542,0.00018183604333898984,0.0006442836565838661,0.013957051869146486,0.013484659555917228,0.025382743283259714,0.076416015625,0.06494140625,0.124755859375,6.0,34.0,9.0,5.879007610368341,8.295877951201557,5.485042386495625,Transient_Shock
0.00014449725858867168,0.00015424667799379677,0.0006827711440564599,0.012020701251951638,0.012419608608720194,0.026129889859248544,0.067626953125,0.068115234375,0.115478515625,6.0,34.0,8.0,5.679046052651898,8.029133953647175,5.501660417993551,Transient_Shock
8.466047802357934e-05,0.00015729054575785995,0.0006897323146404233,0.00920111286875557,0.012541552765023155,0.026262755275112,0.0478515625,0.055908203125,0.115966796875,8.0,34.0,8.0,4.572924247731229,7.248651685729982,6.292305856531045,Transient_Shock
6.184108497109264e-05,0.0001396936713717878,0.0006120460893725976,0.00786391028503585,0.01181920773029173,0.024739565262400988,0.04150390625,0.05322265625,0.110107421875,8.0,34.0,8.0,3.8378730564866648,7.432184126194061,6.63323761541259,Transient_Shock
5.1075676310574636e-05,0.00013835355639457703,0.0007053650333546102,0.007146724866019024,0.011762378857806656,0.026558709180880952,0.034423828125,0.048828125,0.11474609375,42.0,33.0,8.0,3.8752225184857894,8.340291846960925,6.243204196563643,Transient_Shock
6.0652149841189384e-05,0.00015223672016873024,0.0006650786235695705,0.007787949013776951,0.012338424541598909,0.02578911831702609,0.0380859375,0.057861328125,0.11328125,33.0,33.0,8.0,5.4636011864009,8.385872416305698,6.569635542311565,Transient_Shock
7.368880324065685e-05,0.0001581984070071485,0.000722154767572647,0.008584218266135644,0.012577694820878288,0.026872937457089557,0.0439453125,0.052978515625,0.12890625,33.0,33.0,8.0,4.349355058093898,9.581455059865212,6.668855395589566,Transient_Shock
7.655113222426735e-05,0.00013072785441181622,0.0007560476078651845,0.008749350388701286,0.011433628226062637,0.027496319896764085,0.051513671875,0.048828125,0.126220703125,33.0,33.0,8.0,5.589913609992323,10.606757103673065,7.640808008997393,Transient_Shock
4.951358641847037e-05,0.00011973896471317858,0.0005590929067693651,0.007036589118207086,0.010942530087378265,0.023645145522270847,0.03466796875,0.04833984375,0.103271484375,33.0,33.0,8.0,7.177190365520762,10.513160166992696,6.870356501215175,Transient_Shock
5.130038698553108e-05,0.00012944824993610382,0.000672540845698677,0.00716242884680407,0.011377532682269202,0.025933392483411748,0.0380859375,0.04931640625,0.12353515625,33.0,33.0,8.0,5.47263707189276,12.543951341015273,8.248248437040159,Transient_Shock
5.423555558081716e-05,0.00013248182585812174,0.0006657181329501327,0.007364479314983318,0.011510074971872326,0.02580151416002814,0.03759765625,0.049072265625,0.110107421875,33.0,33.0,8.0,6.286120647628007,11.401917539481527,7.760035323813277,Transient_Shock
4.806648939847946e-05,0.00014324286894407123,0.0006770229520043358,0.006933000028737881,0.011968411295743109,0.02601966471736974,0.037109375,0.056396484375,0.1103515625,33.0,33.0,8.0,6.534474445599347,11.951005781113725,7.426537615213167,Transient_Shock
6.406110696843825e-05,0.00011544380322447978,0.0006332806660793722,0.008003818274326214,0.01074447780138615,0.0251650683702503,0.0419921875,0.046875,0.114013671875,33.0,33.0,8.0,4.7476480071288005,11.145144132384841,7.979806674953511,Transient_Shock
5.8637335314415395e-05,0.00011875334894284606,0.0006576761916221585,0.007657501897774195,0.010897401017804478,0.025645198217642197,0.039794921875,0.048095703125,0.124267578125,8.0,33.0,8.0,4.580230455958116,8.578867045771917,6.982650506591236,Transient_Shock
6.468989522545598e-05,0.00014798073971178383,0.0006350555304379668,0.008043002873644643,0.012164733441871377,0.025200308141726496,0.040771484375,0.059326171875,0.109375,8.0,33.0,8.0,4.716551963713174,7.622578759317285,6.625537889673773,Transient_Shock
6.39959325781092e-05,0.00011415773406042717,0.0005587953492067754,0.007999745782092654,0.010684462272872097,0.02363885253574664,0.039306640625,0.04931640625,0.131591796875,12.0,33.0,8.0,4.490088114707572,7.530323094191054,7.539110031234002,Transient_Shock
4.8510715714655817e-05,0.00011737714521586895,0.00054123904556036,0.006964963439577828,0.01083407334366299,0.023264544817390258,0.041748046875,0.051025390625,0.098388671875,8.0,33.0,8.0,4.6586988196277925,7.7000130990085776,7.799450112364399,Transient_Shock
5.1323542720638216e-05,0.00012027920092805289,0.0005845897212566342,0.007164045136697438,0.010967187466623013,0.02417829028812075,0.039306640625,0.0537109375,0.10205078125,22.0,33.0,8.0,4.61799221584043,7.41913989589932,8.356479948857277,Transient_Shock
5.61244050913956e-05,0.0001236713578691706,0.0005333647131919861,0.007491622327066121,0.011120762467977212,0.02309469015146092,0.038818359375,0.05810546875,0.11865234375,12.0,32.0,8.0,4.246519531458222,6.126728933381471,7.669168670348758,Transient_Shock
4.6140685299178585e-05,0.00012305749987717718,0.000537641448318027,0.006792693523130466,0.011093128498181979,0.02318709659094961,0.031982421875,0.0517578125,0.11328125,8.0,32.0,8.0,4.4713801871703724,6.464633253762715,9.031022734566845,Transient_Shock
4.6175609895726666e-05,0.00012728638466796838,0.0005343728080333676,0.006795263784116601,0.011282126779467086,0.023116505099892753,0.03466796875,0.052490234375,0.104736328125,8.0,33.0,8.0,5.4657308477793185,6.1022246091839865,9.0570830816554,Transient_Shock
5.512893767445348e-05,0.00012316362699493766,0.000513672232045792,0.007424886374514662,0.01109791092931177,0.022664338332406532,0.039306640625,0.05322265625,0.117431640625,8.0,32.0,8.0,4.690943071683809,7.102405864876272,8.519658004112626,Transient_Shock
5.085049997433089e-05,0.0001521881749795284,0.0004991542627976742,0.007130953651113635,0.012336457148611526,0.02234176051249485,0.03564453125,0.0625,0.11572265625,12.0,32.0,8.0,4.178540454913069,8.143151088869843,8.550428068640054,Transient_Shock
6.179153206176125e-05,0.0001279618008993566,0.0005044165554863866,0.007860759000361303,0.011312020195321284,0.022459219832540636,0.038330078125,0.0517578125,0.109619140625,8.0,33.0,8.0,4.6438809853770096,7.557111274544675,8.758306395627585,Transient_Shock
6.023372043273412e-05,0.00013871374540030956,0.0005229734197200742,0.007761038618170516,0.011777679966797771,0.022868612107429565,0.03955078125,0.05419921875,0.10546875,12.0,32.0,8.0,3.7762764056427036,7.650842821835004,8.889523660992275,Transient_Shock
6.635485624428838e-05,0.00013794487676932476,0.00047577672739862464,0.008145849019242155,0.011744993689624731,0.02181230678765143,0.04296875,0.053466796875,0.094482421875,12.0,32.0,8.0,5.541055948278992,8.344913598277373,9.252715890092123,Transient_Shock
5.023901758249849e-05,0.000131817942019552,0.0005040230316808447,0.007087948757045192,0.011481199502645706,0.0224504572710857,0.034912109375,0.049560546875,0.09814453125,8.0,32.0,8.0,5.104365824600815,7.836670283027138,8.56184436872588,Transient_Shock
3.525576539686881e-05,0.00010379590094089508,0.00043707189252017997,0.005937656557672295,0.010188027333144287,0.02090626443246569,0.029541015625,0.051513671875,0.10693359375,8.0,33.0,8.0,5.658194019254538,6.817931708782972,9.711191058946062,Transient_Shock
5.045946454629302e-05,0.00011417868881835602,0.00040950480615720153,0.007103482564650456,0.010685442846150833,0.02023622509652434,0.034423828125,0.046630859375,0.087646484375,8.0,32.0,8.0,3.9856628449152054,6.519240522837627,10.029708151673987,Transient_Shock
5.468693780130707e-05,0.0001271973451366648,0.0004335039957368281,0.007395061717207441,0.011278180045409135,0.020820758769478795,0.03662109375,0.0537109375,0.08984375,8.0,33.0,8.0,5.066315105960081,7.3419186289194025,9.809027946492652,Transient_Shock
5.212053656578064e-05,0.00014960456974222325,0.0004935269207635429,0.007219455420305651,0.012231294687898875,0.02221546580118326,0.0341796875,0.054443359375,0.099365234375,8.0,33.0,8.0,5.733734856340988,8.162247890288052,8.398959664351086,Transient_Shock
5.988181510474533e-05,0.00012220898861414753,0.0004914801102131605,0.007738334129820535,0.011054817439204844,0.022169350694442102,0.036865234375,0.053955078125,0.107421875,8.0,33.0,8.0,4.845256218632305,8.100690804407265,8.711997384677277,Transient_Shock
4.103773972019553e-05,0.00015797506785020232,0.0005364459611882921,0.006406070536623487,0.012568813303180309,0.023161303097802854,0.03564453125,0.057861328125,0.106201171875,33.0,33.0,8.0,5.085118868303038,9.00088606524286,7.698766561142409,Transient_Shock
5.559445344260894e-05,0.00013028285684413277,0.0005424998234957457,0.007456168818006264,0.011414151604220647,0.02329162560869777,0.04150390625,0.047607421875,0.11328125,8.0,33.0,8.0,5.118522453837465,8.239702281088594,8.195915825266603,Transient_Shock
5.0294664106331766e-05,0.000151695086969994,0.0005381444316299167,0.007091873102808014,0.01231645594194994,0.023197940245416545,0.03271484375,0.052734375,0.102294921875,8.0,33.0,8.0,4.66855472231536,9.720696037702009,8.00766694595661,Transient_Shock
5.226116627454758e-05,0.0001590189895068761,0.0004996604948246386,0.007229188493499639,0.01261027317336449,0.022353086919363923,0.03955078125,0.059814453125,0.100341796875,8.0,33.0,8.0,4.046902015707598,8.788102607988867,8.610906079166288,Transient_Shock
5.1546314352890477e-05,0.00017450557788833976,0.000547071158507606,0.007179576195910903,0.01321005593812304,0.023389552336622564,0.03271484375,0.058349609375,0.112548828125,33.0,33.0,8.0,5.397833573664932,10.148172982853369,8.286199787096796,Transient_Shock
5.083199357613921e-05,0.0001519275247119367,0.000471849136374658,0.007129655922703368,0.012325888394429697,0.02172208867431164,0.03955078125,0.054931640625,0.096923828125,8.0,33.0,8.0,5.242861240462653,8.858746213211464,9.659299581462394,Transient_Shock
0.0001303383287449833,0.00020402319205459207,0.0005199140287004411,0.011416581307247074,0.014283668718315755,0.02280162337862024,0.104736328125,0.0712890625,0.102294921875,8.0,33.0,8.0,3.1757620538716718,8.937071685986972,8.984977552904505,Transient_Shock
7.209158502519131e-05,0.00014667064169771038,0.0005361093208193779,0.008490676358523583,0.012110765528970923,0.02315403465531176,0.040771484375,0.0625,0.106689453125,8.0,33.0,8.0,3.544789816398473,9.034308970952457,7.8024668731311575,Transient_Shock
4.784412158187479e-05,0.00012555642388178967,0.0004897829494439065,0.0069169445264419165,0.011205196289302105,0.02213104040581704,0.034912109375,0.052001953125,0.095458984375,33.0,33.0,8.0,5.082625561281185,9.995476613139516,8.975957510206145,Transient_Shock
4.284755777916871e-05,0.00011779564374592155,0.0005206211790209636,0.0065458045937202185,0.010853370156127614,0.022817124687851527,0.033203125,0.055908203125,0.095703125,33.0,33.0,8.0,5.993476935276445,9.57489418382294,8.539818315217499,Transient_Shock
5.632800457533449e-05,0.00015266428454197012,0.0005632826323562767,0.00750519850339313,0.012355738931442754,0.023733576054953808,0.03515625,0.051513671875,0.103759765625,8.0,33.0,8.0,4.459832224711205,7.945923469691126,8.194724866307928,Transient_Shock
5.355615576263517e-05,0.0001643464456719812,0.0005580072611337528,0.007318207141276829,0.012819767769814756,0.0236221773156869,0.03662109375,0.0693359375,0.10205078125,33.0,33.0,8.0,4.484326101514331,8.572065470925764,8.356183273523769,Transient_Shock
6.815319648012519e-05,0.0001234240917256102,0.0004888344810751732,0.008255494926418718,0.011109639585765607,0.022109601558489768,0.04345703125,0.050048828125,0.110107421875,8.0,33.0,8.0,4.412149490967744,8.201232702396537,8.518693206483348,Transient_Shock
7.314234972000122e-05,0.00014333054423332214,0.0005588776984950528,0.008552330075482424,0.011972073514363421,0.023640594292340722,0.04443359375,0.053466796875,0.11328125,8.0,33.0,8.0,4.163167824758539,8.354055037379421,7.514798040357644,Transient_Shock
7.9188437666744e-05,0.00013117995331413113,0.0005514948534255382,0.008898788550513154,0.01145338174139547,0.02348392755536301,0.038818359375,0.057861328125,0.1064453125,12.0,33.0,8.0,4.525885138177339,8.054545280997697,9.067207635535173,Transient_Shock
5.559796409215778e-05,0.00013785145347355865,0.0005870335116924252,0.007456404233419603,0.011741015862077635,0.024228774457087696,0.03662109375,0.0615234375,0.113525390625,8.0,33.0,8.0,4.3926844901306294,6.048031676405082,7.540492229768718,Transient_Shock
5.3396448493003845e-05,0.00017815766841522418,0.0005889327730983496,0.00730728735530524,0.013347571629896735,0.0242679371413878,0.0322265625,0.055908203125,0.09814453125,33.0,33.0,8.0,4.134053748271963,7.487761579341976,8.464675994569394,Transient_Shock
4.9333171773469076e-05,0.00015692397937527858,0.0005696096304745879,0.007023757667621305,0.012526930165658248,0.02386649598233029,0.035888671875,0.05810546875,0.1162109375,33.0,33.0,8.0,5.072945615245943,8.188605516198985,8.260347758600718,Transient_Shock
7.689426638535224e-05,0.00011934711073990911,0.0005527333669306245,0.008768937585896723,0.010924610324396431,0.023510282153360568,0.048583984375,0.0537109375,0.111572265625,8.0,33.0,8.0,4.89276823120937,7.41561289481372,8.908833586430367,Transient_Shock
0.00012825708836317062,0.00018143080160371028,0.0005687484372174367,0.011325064607461214,0.013469625147111938,0.02384844727057585,0.093017578125,0.0625,0.113037109375,13.0,33.0,8.0,3.741948628237133,6.700410963541715,7.629573508223828,Transient_Shock
5.561619400396012e-05,0.00011896455180249177,0.000496042597660562,0.007457626566405703,0.010907087228150867,0.022272013776499018,0.041015625,0.050537109375,0.10595703125,8.0,33.0,8.0,4.499271457598034,9.734571463294065,8.60967841604366,Transient_Shock
6.310737444437109e-05,0.00015429698032676242,0.0005057171074440703,0.007944015007813813,0.012421633561120792,0.02248815482524234,0.046630859375,0.05908203125,0.103759765625,33.0,33.0,8.0,4.949599394790584,11.04032929285456,7.62822156756045,Transient_Shock
5.69250805710908e-05,0.00012077527571818791,0.00045043205318506807,0.007544871143438488,0.010989780512739456,0.02122338458363953,0.0439453125,0.05029296875,0.09228515625,8.0,33.0,8.0,3.7059310666947884,10.766505601362987,9.406081305787385,Transient_Shock
5.861298632225953e-05,0.00017345952801406384,0.0006137348245829344,0.007655911854394585,0.013170403487139786,0.024773672004427087,0.039306640625,0.06396484375,0.11083984375,33.0,33.0,8.0,4.512114685114427,11.712957437798655,8.03833224649643,Transient_Shock
0.00010727297922130674,0.0001610263716429472,0.0005066053563496098,0.010357266976442518,0.012689616686210313,0.02250789542248697,0.068115234375,0.0537109375,0.097412109375,21.0,33.0,8.0,6.102862454845438,12.670021327263182,8.283925159142852,Transient_Shock
7.633296991116367e-05,0.00018494948744773865,0.0005756334830948617,0.008736874149898445,0.013599613503616147,0.023992363016069544,0.04736328125,0.05712890625,0.10009765625,20.0,33.0,8.0,4.922864637336812,12.480673364638887,7.389974637478562,Transient_Shock
4.3272997572785243e-05,0.00013772315287496895,0.00048283522119163536,0.006578221459694501,0.011735550812593712,0.0219735118083486,0.034423828125,0.05322265625,0.10546875,33.0,33.0,8.0,6.00645494843151,11.908303606157556,8.195604275035125,Transient_Shock
5.146991679794155e-05,0.0001410229451721534,0.00047765601993887685,0.007174253745020561,0.01187530821377506,0.021855343052418024,0.0419921875,0.058837890625,0.09130859375,33.0,33.0,8.0,5.095644970353368,9.53279861689434,8.33336955803774,Transient_Shock
5.4229774832492694e-05,0.00017268769079237245,0.000536935156560503,0.007364086829505251,0.013141068860346652,0.023171861309797773,0.036376953125,0.05908203125,0.099853515625,8.0,33.0,8.0,4.521875447593909,7.897798054259792,7.415833432781407,Transient_Shock
5.2822972065769136e-05,0.00015653354057576507,0.0005060486582806334,0.0072679413911897455,0.012511336482397278,0.022495525294614335,0.0380859375,0.052734375,0.090087890625,31.0,33.0,8.0,4.08620252724788,7.883861315809279,7.122113456179695,Transient_Shock
5.673430496244691e-05,0.00016452925046905875,0.000629342128377175,0.007532217798394236,0.012826895589699744,0.025086692256596422,0.040283203125,0.05908203125,0.1279296875,25.0,33.0,8.0,3.381062526073607,5.713022194108022,6.3762454404195905,Transient_Shock
4.493820233619772e-05,0.00015876976249273866,0.0005248235793260392,0.006703596224132068,0.012600387394550164,0.022909028336575935,0.037109375,0.052490234375,0.10107421875,33.0,33.0,8.0,4.626058708001478,7.255400823792267,7.691357981373257,Transient_Shock
7.07640683685895e-05,0.00017308279348071665,0.0005587911255133804,0.008412138156770221,0.01315609339738498,0.023638763197624795,0.05078125,0.05810546875,0.112548828125,21.0,33.0,8.0,6.012272776379529,7.960600412535455,6.436466401490411,Transient_Shock
6.3965970184654e-05,0.0001761866697052028,0.0005688262026524171,0.007997872853743926,0.013273532676164353,0.02385007762361408,0.045166015625,0.055419921875,0.109375,21.0,33.0,8.0,4.759510621314718,6.963233019527451,6.017849296166281,Transient_Shock
6.025563561706804e-05,0.000208767185540637,0.0006631649448536336,0.0077624503616492155,0.01444877799471765,0.025751989143629927,0.037841796875,0.06640625,0.116943359375,33.0,33.0,8.0,4.66947855857546,8.035612500340646,6.101863485948156,Transient_Shock
4.71707753604278e-05,0.00017557310275151394,0.0006624701745749917,0.0068680983802234365,0.013250400097790027,0.025738495965673513,0.037841796875,0.056396484375,0.10888671875,33.0,33.0,8.0,3.900535596105861,7.5135858424997455,6.809383426209547,Transient_Shock
6.148847751319408e-05,0.0002032059092016425,0.0006178748881211504,0.007841458889339029,0.014255031013703285,0.024857089293019614,0.0419921875,0.058349609375,0.123046875,34.0,34.0,8.0,3.75929112794456,7.69699768349375,6.566879259511661,Transient_Shock
7.635532165295444e-05,0.00017718049639370292,0.0005936540983384475,0.008738153217525683,0.013310916437034038,0.024365017921980838,0.039794921875,0.061279296875,0.10791015625,22.0,34.0,8.0,3.8226036806182258,7.577011120978847,6.178615673321459,Transient_Shock
5.882825644221157e-05,0.00018693584934226237,0.0006379741498676594,0.007669958046965548,0.013672448549629374,0.025258150167176918,0.037841796875,0.060302734375,0.107177734375,42.0,33.0,8.0,4.528926499939877,6.3998733202406894,6.7439019877021495,Transient_Shock
6.16316101513803e-05,0.00017860266598290764,0.0005964010342722759,0.00785058024297442,0.013364230841425467,0.024421323352191132,0.0341796875,0.06103515625,0.118408203125,33.0,33.0,8.0,5.280019727420383,8.126907290128091,6.734592879719634,Transient_Shock
8.726399391889572e-05,0.0001927818520925939,0.0005670019854733255,0.009341519893405769,0.013884590454622488,0.023811803490565882,0.053466796875,0.06201171875,0.100341796875,21.0,33.0,8.0,5.230023420701121,6.697494044117623,6.713012891524203,Transient_Shock
6.543099516420625e-05,0.00018999840540345758,0.0005891345062991604,0.008088942771722783,0.013783990909872859,0.02427209315858771,0.036376953125,0.058349609375,0.109619140625,33.0,33.0,8.0,4.749939731413141,7.802367557402148,7.066654983054161,Transient_Shock
5.7020632084459066e-05,0.00017260334789170884,0.0005634779190586414,0.007551200704819007,0.01313785933444672,0.02373768984249818,0.037109375,0.058349609375,0.110595703125,8.0,33.0,8.0,4.109391738818198,7.715036262598612,7.236484107059118,Transient_Shock
5.405358024290763e-05,0.00016892887288122438,0.0006340683576127049,0.0073521139982257915,0.012997264053685467,0.025180714001249146,0.04052734375,0.052001953125,0.11376953125,33.0,33.0,8.0,4.014547431655577,8.684461429121324,6.5287876324472975,Transient_Shock
4.585471106111072e-05,0.00013983981625642627,0.0004573353762680199,0.006771610669634716,0.011825388630249168,0.021385401007884323,0.0341796875,0.0556640625,0.09716796875,8.0,33.0,8.0,4.4374180155504614,7.203463444579707,6.696174688158695,Transient_Shock
5.077552850707434e-05,0.00013919928096584044,0.0004867815841862466,0.0071256949490610625,0.011798274491036409,0.02206312725309462,0.04833984375,0.048583984375,0.095458984375,33.0,33.0,8.0,4.030449783433203,8.960947359938498,7.2780281162839975,Transient_Shock
6.714829942211509e-05,0.0001396436673530843,0.0005220444872975349,0.008194406593653692,0.011817092169949608,0.022848292874907195,0.04248046875,0.0517578125,0.09765625,14.0,33.0,8.0,5.424531671528123,8.293684345326549,7.4115445178298,Transient_Shock
0.0001631619961699471,0.00016288901679217815,0.0005337096481525805,0.012773488018937783,0.012762798156837635,0.02310215678573281,0.05078125,0.05322265625,0.107421875,14.0,33.0,8.0,12.010630371167842,8.17796970157238,7.085210443686776,Transient_Shock
0.00027699576457962394,0.00014511835979647003,0.0004949081012455281,0.01664318973573347,0.012046508199327722,0.022246530094500762,0.0634765625,0.052978515625,0.091796875,14.0,33.0,8.0,17.10125287559532,8.517402226959845,7.494075628322845,Transient_Shock
0.0002334011805942282,0.0001528359680378344,0.0005105213749629911,0.015277472978023171,0.012362684499647898,0.022594720068259112,0.059814453125,0.0556640625,0.10693359375,14.0,33.0,8.0,14.862071961803608,6.569765885611131,7.244146597890248,Transient_Shock
0.00015203523435047828,0.00016370226148865186,0.0005099329828226473,0.012330256864740421,0.01279461845811167,0.02258169574727831,0.059814453125,0.054931640625,0.094970703125,14.0,33.0,8.0,11.76552328696126,8.129689892928836,7.401067454382802,Transient_Shock
0.00012178058022982441,0.00015466933837160468,0.0004960779187968001,0.011035423880840483,0.012436612817467812,0.022272806711252178,0.0537109375,0.051513671875,0.098388671875,14.0,33.0,8.0,11.514812444243589,6.686122108047692,6.9553718249122385,Transient_Shock
7.770562297082506e-05,0.00016633514314889908,0.00048718892139731906,0.008815079294641941,0.012897098245299176,0.022072356498510054,0.050048828125,0.057861328125,0.09521484375,14.0,33.0,8.0,7.845015267885334,7.901012513407934,7.559938397155179,Transient_Shock
5.3035662858746946e-05,0.0001619582144485321,0.00048246694495901465,0.007282558812584142,0.012726280464005658,0.021965130205828843,0.041015625,0.057861328125,0.08935546875,33.0,33.0,8.0,4.855709119231353,8.445651108756978,7.690175186655609,Transient_Shock
7.164185808505863e-05,0.00014859478324069642,0.0004995315684936941,0.008464151350552436,0.01218994599006478,0.02235020287365853,0.046630859375,0.05224609375,0.115966796875,33.0,33.0,8.0,4.369756390137834,10.217294014076579,7.087427580840466,Transient_Shock
0.00010400372775620781,0.00015972903929650784,0.0005428866388683673,0.010198221793832875,0.012638395439948373,0.023299927872600105,0.048583984375,0.056640625,0.09912109375,14.0,33.0,8.0,8.82655396900798,11.122709757690863,8.583363335132256,Transient_Shock
0.00013927486361353658,0.00014596874461858533,0.000455206314654788,0.011801477179299911,0.012081752547481898,0.02133556454970873,0.0517578125,0.0625,0.087158203125,14.0,33.0,8.0,12.451945636050759,10.060986698108724,7.077165402292807,Transient_Shock
0.00015560106476186775,0.0001475184690207243,0.0004939458704029676,0.012474015582877382,0.01214571813524109,0.02222489303468,0.058349609375,0.052734375,0.098876953125,14.0,33.0,8.0,13.562257648304263,11.85871745047685,8.03404126483719,Transient_Shock
0.0001567461840750184,0.00016278005205094814,0.0005204488843446597,0.012519831631256804,0.012758528600545917,0.022813348819159796,0.051025390625,0.052490234375,0.099365234375,14.0,33.0,8.0,13.627539502742913,10.566074057777303,8.1886430805942,Transient_Shock
0.00013068769112578593,0.00016917834000196308,0.00048447053632116877,0.011431871724515891,0.013006857422220137,0.022010691409430298,0.050537109375,0.05908203125,0.10498046875,14.0,33.0,8.0,11.816589766376254,13.09754213019139,7.125889753153396,Transient_Shock
0.0001412139827152714,0.000145113004691666,0.0004835560357605573,0.011883348968841714,0.012046285929350423,0.021989907588722542,0.06103515625,0.0576171875,0.102294921875,14.0,33.0,8.0,11.904814905779158,11.409361431037425,8.44800187130318,Transient_Shock
0.00010232963541056961,0.00016240571494563483,0.0005556298274314031,0.010115811159297588,0.01274385008330037,0.023571801531308615,0.051025390625,0.056884765625,0.10205078125,14.0,33.0,8.0,11.24196698045241,11.156631140478902,7.96467962825338,Transient_Shock
0.00014628332792199217,0.0001272534573217854,0.00040156148315872997,0.01209476448394065,0.011280667414731514,0.020038999055809397,0.059326171875,0.04833984375,0.085205078125,14.0,33.0,8.0,14.039526020643597,11.888496015629288,9.089088016909411,Transient_Shock
0.30565152496183146,0.07886325058075272,0.049934844428207725,0.5528575991716416,0.2808260147862956,0.22346105796806684,3.99993896484375,3.36199951171875,2.463134765625,42.0,30.0,42.0,2.9505883352811697,4.632683934396705,3.788181900181766,Transient_Shock
0.004051460055052303,0.0009505894122412428,0.001183161381050013,0.06365108054897657,0.030831630061371112,0.034397112975510215,0.302734375,0.15185546875,0.16845703125,6.0,6.0,3.0,5.806428013086575,6.410150210470249,8.008221007090683,Transient_Shock
0.0018195775883214083,0.00023829660131013952,0.0006850145291537046,0.042656506986876085,0.015436858531130597,0.026172782220346857,0.232421875,0.063232421875,0.111572265625,6.0,33.0,8.0,12.564510210267594,8.640916028399998,7.807741592638476,Transient_Shock
0.00017899047452374361,0.00019466294907033443,0.0005102396207803395,0.013378732171762152,0.013952166465116966,0.02258848425150168,0.0712890625,0.062255859375,0.109130859375,6.0,33.0,8.0,7.072065005049375,9.466545315566009,7.756256245630812,Transient_Shock
0.00014146766261546873,0.00016152426542248577,0.00048679263272788376,0.011894017934048559,0.01270921970155862,0.022063377636433724,0.065185546875,0.058349609375,0.1025390625,6.0,33.0,8.0,6.654258434326927,8.524213284249173,9.007324721255019,Transient_Shock
7.396813816740178e-05,0.00014172683222568594,0.0004415842122398317,0.00860047313625255,0.011904907904964488,0.021013905211545798,0.046630859375,0.0517578125,0.0888671875,5.0,33.0,8.0,3.629318081338396,9.094461674282266,8.959242850191965,Transient_Shock
8.018406515475363e-05,0.00012695969780907035,0.0004617901868186891,0.008954555553166982,0.011267639407128289,0.021489304009639054,0.0439453125,0.054443359375,0.095947265625,14.0,33.0,8.0,4.244682976234818,8.371493991617815,9.868688856735172,Transient_Shock
5.374007378122769e-05,0.00014890286547597498,0.00046115157601889223,0.007330762155548882,0.012202576181936951,0.021474440062988657,0.036865234375,0.053955078125,0.1083984375,14.0,33.0,8.0,6.115590531508366,8.273471814391968,9.561696316098272,Transient_Shock
7.393931446131319e-05,0.00014245853162719868,0.00046203751116991043,0.008598797268299398,0.011935599340929583,0.02149505783127625,0.03955078125,0.0556640625,0.097412109375,14.0,33.0,8.0,5.442946118399916,7.70290103664692,9.730255432014525,Transient_Shock
7.104343603714369e-05,0.0001447747927159071,0.00047125163473538123,0.008428726833700549,0.012032239721511,0.021708330998383575,0.0419921875,0.054931640625,0.09765625,14.0,33.0,8.0,7.0285205180232495,6.565609924753465,9.427832988479455,Transient_Shock
6.124996798462234e-05,0.00017190546714118682,0.0005240463324298616,0.007826235875861546,0.013111272521810644,0.022892058282947422,0.0380859375,0.0556640625,0.10986328125,14.0,32.0,8.0,5.455132140773422,8.422489760008123,8.762310417443667,Transient_Shock
5.566110121435486e-05,0.00015364348655566573,0.00046385725727304816,0.007460636783435772,0.012395300986892805,0.021537345641305203,0.0341796875,0.06103515625,0.090576171875,14.0,32.0,8.0,5.699176692452578,8.918618768799263,9.732739900881485,Transient_Shock
4.917191108688712e-05,0.00013155428678146563,0.0004921148611174431,0.007012268612003331,0.011469711713093125,0.022183662031266232,0.037109375,0.0537109375,0.095703125,8.0,33.0,8.0,4.549236257053891,7.335247336004693,8.859218954994423,Transient_Shock
6.093913907534443e-05,0.0001435538288205862,0.0005322009346855339,0.007806352482135587,0.011981395111613096,0.023069480589851473,0.042236328125,0.057373046875,0.117919921875,8.0,33.0,8.0,4.692894718583235,6.655061784270258,8.595078464803258,Transient_Shock
5.235703429207206e-05,0.00014593411106034182,0.0005572642985498533,0.0072358160764403115,0.012080319162188631,0.02360644612282529,0.03515625,0.060302734375,0.10791015625,32.0,32.0,8.0,3.961660470946768,9.08281890319538,8.853151566392345,Transient_Shock
6.980454418226145e-05,0.00015500149675062858,0.0004973514005541801,0.008354911380874214,0.012449959708795389,0.022301376651547324,0.05078125,0.06201171875,0.0966796875,8.0,32.0,8.0,4.670574237788221,7.015496329333175,9.730461951671375,Transient_Shock
6.162983117974363e-05,0.00013668368046637625,0.0005497955680766609,0.007850466940236334,0.011691179601151298,0.023447719890783855,0.043701171875,0.069091796875,0.116455078125,32.0,32.0,8.0,5.003448939784554,9.385223858044876,8.627161034808527,Transient_Shock
4.5405569835565984e-05,0.00014818686759099364,0.0005486385744006839,0.006738365516619441,0.01217320284851089,0.023423035123584728,0.03662109375,0.05517578125,0.107421875,8.0,32.0,8.0,5.1151943876004555,6.907801476708258,8.944443345151528,Transient_Shock
4.651430936064571e-05,0.00016288783808704466,0.0005052340566180646,0.006820139981015471,0.012762751979375164,0.022477412142372276,0.03369140625,0.060546875,0.10595703125,8.0,33.0,8.0,4.704465725562086,7.892767821802948,8.969574345721117,Transient_Shock
5.687364318873733e-05,0.0001626429111638572,0.0004961257218383253,0.0075414616082518995,0.012753152989118307,0.022273879811077486,0.04736328125,0.057861328125,0.09423828125,33.0,33.0,8.0,4.713468495483496,9.207574998440796,8.773077617434833,Transient_Shock
7.6673455623677e-05,0.00019468957543722354,0.00045882819904363714,0.008756338025891703,0.01395312063436791,0.021420275419415997,0.0537109375,0.059814453125,0.095703125,14.0,33.0,8.0,5.885989011809009,10.020477172006217,8.9687240120777,Transient_Shock
5.017825969844125e-05,0.0001553134025016334,0.0004688083099608775,0.007083661461309487,0.012462479789417249,0.021651981663600158,0.036376953125,0.057861328125,0.097900390625,14.0,33.0,8.0,4.943408612585663,8.949286039618068,8.443755371287601,Transient_Shock
8.905000504455529e-05,0.0001673407641646918,0.0004765737357956823,0.009436631021956686,0.012936025825758535,0.021830568838115107,0.0478515625,0.06103515625,0.104736328125,14.0,33.0,8.0,6.454012929654968,10.819295099370292,8.881032600827282,Transient_Shock
7.865671068429947e-05,0.00016474799122079276,0.00045866564323659986,0.008868861859579247,0.012835419401826835,0.021416480645442187,0.045166015625,0.062744140625,0.086669921875,14.0,33.0,8.0,6.031955160783643,9.99587976450284,8.689828562475576,Transient_Shock
5.616038106381893e-05,0.00014449681839323603,0.0004531608683464583,0.007494023022637369,0.012020682942047679,0.021287575445467204,0.041748046875,0.04833984375,0.090087890625,33.0,33.0,8.0,5.0937880220271605,11.003203609939575,8.769036172365814,Transient_Shock
8.93707292561885e-05,0.0001357762230327353,0.00048031099140644073,0.009453609324283952,0.011652305481437366,0.021915998526337802,0.05517578125,0.059814453125,0.094970703125,15.0,33.0,8.0,5.545600486642078,10.367296827504335,8.226572318947763,Transient_Shock
0.000166558977070963,0.00013441848204820417,0.0004556236344797071,0.01290577301330544,0.01159389848360784,0.021345342219784322,0.068115234375,0.048095703125,0.0888671875,14.0,33.0,8.0,9.003694019684005,10.262115551228092,8.499663890470606,Transient_Shock
8.224873090512119e-05,0.00014173047384247184,0.00046022553215152584,0.009069108605873082,0.011905060850011303,0.021452867690626487,0.044189453125,0.061767578125,0.09228515625,14.0,33.0,8.0,7.750775497443497,9.895551956076039,9.616118199119068,Transient_Shock
6.796037996537052e-05,0.0001699214190011844,0.0005336311551218387,0.008243808583741529,0.013035391018346339,0.023100457898531768,0.0439453125,0.060791015625,0.09716796875,14.0,33.0,8.0,5.893002334469837,10.778536953297555,9.256850657988041,Transient_Shock
4.075950346305035e-05,0.0001555494382046163,0.0004520243819570169,0.0063843169926821736,0.012471946047213975,0.021260865033131106,0.02880859375,0.052490234375,0.09326171875,8.0,33.0,8.0,5.600049107702783,10.123342010615099,8.325929380142197,Transient_Shock
5.079764741822146e-05,0.0001560416967549827,0.0004955696022079792,0.007127246832979861,0.012491665091371234,0.02226139263855654,0.03564453125,0.05908203125,0.1083984375,8.0,33.0,8.0,5.524647580711156,10.418782052652618,8.133363207732238,Transient_Shock
4.544737748801708e-05,0.00016450302427983843,0.000506967098772293,0.006741467013048205,0.012825873236541769,0.02251592988913167,0.0380859375,0.06005859375,0.1044921875,8.0,33.0,8.0,5.510491303733188,9.509004128997606,8.086545736047453,Transient_Shock
4.84228330606129e-05,0.0001491700386395678,0.0005386116645240691,0.0069586516697283315,0.012213518683801479,0.023208008629007123,0.0361328125,0.0625,0.10546875,8.0,33.0,8.0,4.206252288137574,8.782926010479919,8.256659270740291,Transient_Shock
8.85138288140297e-05,0.00013663525169249624,0.0005473447927215602,0.009408178825576695,0.011689108250525198,0.02339540110195934,0.07568359375,0.056640625,0.107421875,8.0,33.0,8.0,4.310603025798686,11.714966680577241,8.845187154358115,Transient_Shock
5.5002015869831666e-05,0.00015574547796859406,0.00045233312994241714,0.007416334395766663,0.012479802801670948,0.021268124739675973,0.0419921875,0.05419921875,0.0849609375,8.0,33.0,8.0,5.608491048368959,10.573177023289663,8.494275833388594,Transient_Shock
5.0241535063833e-05,0.00013644259524880908,0.0004993226466467604,0.007088126343670308,0.011680864490644906,0.022345528560469553,0.03564453125,0.049560546875,0.105224609375,33.0,33.0,8.0,4.891636717652708,13.128433997818194,8.538022219974762,Transient_Shock
5.2593644795706496e-05,0.00015595600416418165,0.0004931676521664485,0.007252147598863836,0.012488234629609648,0.022207378327178753,0.032470703125,0.04931640625,0.10693359375,8.0,33.0,8.0,6.880769273498958,10.888183384378658,8.66510362570285,Transient_Shock
0.22851186253296873,0.1800159013910161,0.0723542674932105,0.4780291440204967,0.42428280826709924,0.26898748575576986,3.99993896484375,3.9345703125,1.72412109375,42.0,28.0,3.0,2.506690968436717,3.579667407922951,4.76815848183687,Transient_Shock
0.005749234929680824,0.0007286099717020988,0.025423665865673684,0.0758237095484046,0.0269927762874088,0.15944800364279788,0.43994140625,0.16796875,0.705810546875,6.0,6.0,2.0,6.584436701720526,6.116621438532203,11.032586572354958,Transient_Shock
0.001307828842982417,0.0002972831098304596,0.0010298441484337673,0.036163916311461854,0.017241899832398388,0.03209118490230249,0.182373046875,0.10595703125,0.161376953125,6.0,33.0,3.0,12.358247146894541,7.6544675957636805,5.793661234091419,Transient_Shock
0.00013775194747722708,0.00019229939425713383,0.0006679944781353697,0.011736777559331482,0.013867205711935402,0.025845589142740967,0.051025390625,0.05712890625,0.117919921875,6.0,33.0,8.0,5.6404809333474155,9.930389052039958,7.2972213431027875,Transient_Shock
0.00010567944264039397,0.00014955715960240923,0.0004929422866553068,0.010280050711956337,0.012229356467223009,0.022202303633976968,0.05224609375,0.057861328125,0.099609375,6.0,33.0,8.0,6.434930488410236,9.815408559175562,7.842867397282332,Transient_Shock
6.851460784673691e-05,0.00015237196566886269,0.0005570482135226484,0.00827735512387483,0.012343903988157988,0.023601868856568297,0.049560546875,0.058837890625,0.12158203125,8.0,33.0,8.0,4.870341671408592,9.02850846105836,7.334585803793898,Transient_Shock
0.1710346514437333,0.018349854446569225,0.006744782847817987,0.41356335843946973,0.1354616345928589,0.08212662691123986,3.99993896484375,1.39794921875,0.870361328125,15.0,33.0,43.0,1.9211772213421632,3.0841184722675528,2.5468680552098433,Transient_Shock
0.07590755444471142,0.004462299690203508,0.0038354058597178664,0.2755132563865329,0.06680044678146628,0.0619306536354806,2.9951171875,0.55908203125,0.36767578125,20.0,35.0,2.0,2.4752323994878838,2.787590120221149,5.908753940169759,Transient_Shock
0.0006523434421978891,0.0003233250135963317,0.0017404652280674782,0.0255410149014852,0.017981240602259113,0.0417188833511574,0.11572265625,0.088134765625,0.200927734375,7.0,7.0,3.0,6.103212752259625,5.890543630042861,10.17266054784659,Transient_Shock
8.522067219018936e-05,0.00010234050205326639,0.00040211643499787897,0.009231504329749804,0.010116348256820066,0.02005284107047874,0.044189453125,0.04541015625,0.1005859375,9.0,32.0,8.0,3.289798719368553,5.291143208397323,8.310174900087299,Transient_Shock
5.6981793022714555e-05,0.00013706530080526136,0.0004652668685594108,0.007548628552440142,0.01170748909054633,0.021570045631834227,0.03857421875,0.055419921875,0.09375,7.0,32.0,8.0,5.749945166127539,6.040860901894063,9.276141166794428,Transient_Shock
5.986963151372038e-05,0.0001082101916836109,0.0003990826662629843,0.007737546866657441,0.010402412781831478,0.019977053493020043,0.03759765625,0.046630859375,0.084228515625,23.0,32.0,8.0,5.568734479470849,7.24442392172092,10.342700672269443,Transient_Shock
6.752215267624706e-05,0.00013560044681071304,0.0004161469987593591,0.008217186420925782,0.01164476048747732,0.02039968133965232,0.04052734375,0.053466796875,0.08984375,21.0,32.0,8.0,5.418163693895549,8.289475412975985,9.687299595389753,Transient_Shock
8.107247049338184e-05,0.0001270643806492444,0.0003783951651712414,0.009004025238379879,0.011272283737080273,0.019452381992219908,0.05517578125,0.052490234375,0.087646484375,8.0,32.0,8.0,5.877053694719909,10.222107666409407,10.904933109419316,Transient_Shock
6.155225855764002e-05,0.00012011603394057602,0.00045270006739883684,0.00784552474711794,0.010959746070989785,0.021276749455657856,0.037353515625,0.052490234375,0.10009765625,21.0,32.0,8.0,6.540687869031694,10.578658369036415,11.245079916927574,Transient_Shock
4.038069164380431e-05,0.0001329742226516828,0.00046153063885867596,0.006354580367247259,0.011531444950728543,0.021483264157447675,0.034912109375,0.047607421875,0.093505859375,21.0,32.0,8.0,7.6547027770821545,15.458441497681768,12.264766738469206,Transient_Shock
0.2348779974554418,0.021030860396422213,0.015141067662625574,0.48464213338858786,0.14502020685553518,0.12304904576072735,3.99993896484375,1.552490234375,1.24267578125,17.0,33.0,42.0,2.636460983975747,2.637874973091411,3.8772088149990314,Transient_Shock
0.003840603279968491,0.0009924277219397482,0.000990559346973896,0.06197260104246465,0.031502820856865316,0.031473152796850465,0.3837890625,0.1708984375,0.163330078125,14.0,32.0,2.0,5.444653375172828,7.0154277119887185,8.105262891442688,Transient_Shock
0.0008563928859075531,0.00024258415214717388,0.00047079467549338005,0.02926419118833721,0.015575113230637327,0.02169780347162772,0.124267578125,0.08740234375,0.100830078125,6.0,32.0,8.0,11.374948886622235,9.006775778160456,8.489713026485381,Transient_Shock
0.0001457230537198484,0.00014493093112832867,0.00048054419676191173,0.012071580415167203,0.012038726308390297,0.02192131831715218,0.054443359375,0.061279296875,0.113525390625,6.0,32.0,8.0,5.769487141655527,9.810934117972575,9.234754801774113,Transient_Shock
7.827077934052795e-05,0.00010064313755719922,0.0003767191919905599,0.008847077446282922,0.010032105340216441,0.019409255317774557,0.041015625,0.050537109375,0.08642578125,6.0,32.0,8.0,5.192339064441673,9.48025978484813,12.206395786106135,Transient_Shock
0.28739228948666096,0.017499055738880998,0.015822750283405185,0.536089814757435,0.13228399653352252,0.12578851411557887,3.99993896484375,1.661376953125,1.025390625,42.0,35.0,43.0,3.0106294262823883,3.1574508791653213,4.19321371151083,Transient_Shock
0.001390167741192272,0.0004011049422842916,0.002396432504610857,0.03728495328134759,0.02002760450688728,0.04895337071755996,0.1728515625,0.092041015625,0.2314453125,6.0,32.0,3.0,7.206669242943991,6.907556843756362,11.20928593801897,Transient_Shock
0.0003459041327005252,0.00014660321176052094,0.0005093775107525289,0.01859849813023958,0.01210798132475108,0.022569393229604755,0.098388671875,0.0634765625,0.119873046875,6.0,32.0,8.0,7.428559451750501,9.53572062206068,9.608440209181202,Transient_Shock
0.00014934254795662127,0.0001487127592554316,0.0005008428706787527,0.012220578871584654,0.01219478410040258,0.022379519000165143,0.06103515625,0.063720703125,0.106689453125,21.0,32.0,8.0,7.032689154085283,7.687429410084943,8.53522204691988,Transient_Shock
9.003406375995837e-05,0.00011513881327118725,0.0004734812791866716,0.009488628128447144,0.0107302755449796,0.021759624978079737,0.047607421875,0.05322265625,0.11865234375,21.0,32.0,8.0,9.916568150265286,8.798348304283083,9.526196522734036,Transient_Shock
7.060306597850285e-05,0.00012145597429480404,0.0004474441484489944,0.008402563060072971,0.0110207066150408,0.021152875654364217,0.03955078125,0.055419921875,0.099365234375,21.0,32.0,8.0,8.893315507913615,12.325036325513462,10.586854278357807,Transient_Shock
6.006285548210144e-05,7.631763583049178e-05,0.0003536487311066594,0.007750022934295191,0.00873599655623168,0.018805550539844864,0.0390625,0.049072265625,0.089599609375,21.0,32.0,8.0,7.223684620803396,9.865497162654496,12.354037898121383,Transient_Shock
4.3892618123209104e-05,0.00010430201655253768,0.0003762828382605221,0.006625150422685443,0.010212835872202083,0.019398011193432232,0.02978515625,0.054931640625,0.08251953125,32.0,32.0,8.0,5.922717949462228,11.105979350955256,12.430122533463233,Transient_Shock
5.469223469845019e-05,0.00011014746269211173,0.000416031209169887,0.0073954198459891506,0.010495116135236985,0.02039684311774464,0.034423828125,0.05322265625,0.090087890625,32.0,32.0,8.0,5.359533936738888,11.876018369329426,12.105648098673223,Transient_Shock
3.646712502813898e-05,0.00013536005280911922,0.0004974776784365531,0.006038801621856689,0.011634433927317616,0.022304207639738137,0.031494140625,0.0537109375,0.1005859375,8.0,32.0,8.0,5.555921653288734,12.128188399064332,11.090578552602137,Transient_Shock
6.027056588209234e-05,0.00014859003931633197,0.00039968080818653107,0.007763412000022435,0.012189751405025944,0.019992018612099455,0.03857421875,0.057861328125,0.09716796875,21.0,32.0,8.0,5.006769566883915,10.331833413341046,9.167932759264977,Transient_Shock
4.7657042159698904e-05,0.00013902690261602402,0.00044954748591408134,0.006903408010519073,0.011790966992406688,0.021202534893594242,0.037109375,0.05615234375,0.10498046875,21.0,32.0,8.0,5.009750407590824,6.615966014242559,9.296625638514351,Transient_Shock
5.573866656050086e-05,0.00010729125642683357,0.0004261285066604614,0.007465833279715056,0.01035814927614164,0.020642880289835075,0.031982421875,0.0498046875,0.091552734375,21.0,32.0,8.0,6.424394959332361,6.9161446522322025,9.191334978909943,Transient_Shock
4.8210549721261486e-05,0.00011355207243468612,0.0003694982697197702,0.006943381720837583,0.010656081476541276,0.01922233777977513,0.037353515625,0.0517578125,0.08349609375,8.0,32.0,8.0,5.110131066588743,5.76715545717566,10.287029289528405,Transient_Shock
3.7521691410802305e-05,9.092781692743301e-05,0.00040695018833503127,0.006125495197190372,0.009535607842577893,0.0201730064277745,0.037109375,0.045166015625,0.082275390625,8.0,32.0,8.0,5.486542574543191,7.755988117884575,10.856547269626631,Transient_Shock
4.635878940462135e-05,0.00011782906949520111,0.0004032932592963334,0.006808728912551986,0.010854909925706483,0.020082162714616505,0.038330078125,0.048828125,0.0908203125,8.0,32.0,8.0,5.561883176239443,7.771367659702056,9.235806408591955,Transient_Shock
3.496999488561414e-05,0.00012708661597571336,0.0004730632026621606,0.005913543344359128,0.011273269977061373,0.02175001615314712,0.0322265625,0.055908203125,0.103759765625,8.0,32.0,8.0,4.686624018639924,8.98198320031325,8.640783962227447,Transient_Shock
4.463594814296812e-05,0.00010758693315437995,0.0004240447851771023,0.006681014005595866,0.010372412118421633,0.020592347733493194,0.030029296875,0.0498046875,0.086669921875,32.0,32.0,8.0,5.784349926896101,9.753845602954144,10.739241463415816,Transient_Shock
3.5772507544606924e-05,0.00011699437163770199,0.00037647533099516295,0.005981012250832372,0.010816393652123705,0.019402972220646065,0.033203125,0.057373046875,0.087646484375,8.0,32.0,8.0,5.991701008244483,10.171974201478122,10.55564014746056,Transient_Shock
4.161229298915714e-05,0.00012282654643058777,0.0004782747564604506,0.006450759101776871,0.011082713856749518,0.02186949374037841,0.03515625,0.052734375,0.098388671875,8.0,32.0,8.0,6.4914823561335835,10.480954509770019,10.820906268628553,Transient_Shock
3.600812851800583e-05,0.00011478579472168349,0.00043373549124225974,0.006000677338268225,0.01071381326707179,0.020826317275079137,0.035400390625,0.05224609375,0.09619140625,8.0,32.0,8.0,5.39703791626715,10.152797073664072,10.769584620370592,Transient_Shock
4.571483805193566e-05,0.0001213783943967428,0.00041243634404963814,0.006761274883624808,0.011017186319416714,0.02030852884995952,0.0302734375,0.04931640625,0.09423828125,8.0,32.0,8.0,4.679567405401679,9.917973148849784,10.847710030284485,Transient_Shock
4.463060759007931e-05,0.00011984718366875313,0.00041001191129907966,0.0066806143123278195,0.01094747384873575,0.020248750857746255,0.033447265625,0.048828125,0.09130859375,8.0,32.0,8.0,7.037561884761045,10.06987289742939,11.350754232056648,Transient_Shock
4.184586214250885e-05,0.00011809664647444151,0.00037892977707087994,0.006468837773704705,0.01086722809526153,0.019466118695592092,0.028564453125,0.048095703125,0.088623046875,8.0,32.0,8.0,7.29785337779824,9.1013678844262,11.205175441232779,Transient_Shock
4.5747714466415346e-05,0.00011267736772424541,0.00041004730155691504,0.006763705675620084,0.010614959619529667,0.02024962472632308,0.031005859375,0.049072265625,0.10498046875,8.0,32.0,8.0,7.187377799913621,8.522915440300743,10.44013460302026,Transient_Shock
3.3949268981814384e-05,0.00012288931975490414,0.0004140652854403015,0.005826600122010638,0.011085545532579988,0.020348594188304547,0.03173828125,0.055419921875,0.09130859375,8.0,32.0,8.0,6.58570118941893,8.684435490453854,10.054310763956694,Transient_Shock
3.817496690317057e-05,0.00010947504779323936,0.00041991750185843557,0.006178589394284959,0.010463032437741908,0.020491888684512113,0.034423828125,0.04541015625,0.091064453125,8.0,32.0,8.0,6.774566221247359,9.269526365831128,9.86578795152255,Transient_Shock
4.890196942142211e-05,0.00010949879651889205,0.00039408053271472454,0.0069929943101236765,0.01046416726351849,0.019851461727407493,0.036865234375,0.048828125,0.0888671875,23.0,32.0,8.0,5.180952970674044,7.155684099030138,9.771262130754495,Transient_Shock
3.6499404814094305e-05,9.02009051060304e-05,0.0004174742934992537,0.006041473728660442,0.009497415706708347,0.020432187682655367,0.03369140625,0.048095703125,0.095458984375,8.0,32.0,8.0,6.8930920052910984,9.132504532101398,10.026429691302212,Transient_Shock
4.1383897041669115e-05,0.00012028237324557267,0.0004104795771127101,0.006433031714648166,0.010967332093338502,0.020260295583053818,0.029541015625,0.050537109375,0.09619140625,8.0,32.0,8.0,4.491648480065168,9.949570377759034,9.791901675394305,Transient_Shock
4.097903365618549e-05,9.879190474748611e-05,0.0003892965614795685,0.006401486831681019,0.009939411690210146,0.019730599622909805,0.0302734375,0.0517578125,0.091064453125,8.0,32.0,8.0,5.882759673018489,8.999731428552565,10.4893545357816,Transient_Shock
3.171481876051985e-05,0.00012808083556592464,0.00045211413817014545,0.005631591139324645,0.011317280396187268,0.021262975759995247,0.03125,0.060302734375,0.10986328125,8.0,32.0,8.0,4.454193272992913,9.748190943346787,9.864496416004824,Transient_Shock
4.1906398109858856e-05,0.00010077816841658205,0.00041766458889469504,0.006473515127800263,0.010038833020654446,0.020436843907381957,0.029541015625,0.047607421875,0.10693359375,8.0,32.0,8.0,6.096813691307828,9.77101855402199,9.838113041107295,Transient_Shock
3.573987851268612e-05,0.00012101631364203058,0.00042707504690042697,0.005978283910344683,0.011000741504191005,0.020665794127021273,0.02978515625,0.055908203125,0.091796875,8.0,32.0,8.0,5.046647789588404,8.541349806386021,10.533416287397088,Transient_Shock
5.5330277973553166e-05,0.00013867547022528015,0.0005231150680629071,0.007438432494387051,0.011776054951692445,0.022871708901236635,0.038818359375,0.060791015625,0.1044921875,8.0,32.0,8.0,4.472791599739765,7.538062733115136,8.225303118166092,Transient_Shock
7.815845310688019e-05,0.00010225394726148807,0.00047318896031356417,0.00884072695579273,0.010112069385713691,0.02175290693938546,0.04345703125,0.05078125,0.108154296875,8.0,32.0,8.0,5.610325972289297,8.024521498935721,9.359240147006764,Transient_Shock
0.00011594196257647127,0.0001260616372746881,0.0005153730126039591,0.010767634957430126,0.011227717367064781,0.022701828397817633,0.052490234375,0.052001953125,0.102783203125,14.0,32.0,8.0,8.364335003086701,8.113636105993914,9.054473160955803,Transient_Shock
0.00012498370779212564,9.962249532691203e-05,0.0004621052503352985,0.011179611254069868,0.009981106918919966,0.021496633465156782,0.0478515625,0.049560546875,0.0986328125,14.0,32.0,8.0,13.976035278021635,7.364420766336398,8.390381249493155,Transient_Shock
0.00014892849139869213,0.00010023550930782221,0.00044556567081599496,0.01220362615777344,0.010011768540463878,0.021108426535769904,0.05908203125,0.050537109375,0.09912109375,14.0,32.0,8.0,11.385534340309242,9.10178576141545,9.2544269987815,Transient_Shock
0.0001601101794221904,0.00013103423407301307,0.00039503085645264946,0.012653465115223987,0.011447018566989969,0.019875383177505018,0.0576171875,0.052734375,0.0888671875,14.0,32.0,8.0,12.806172264894093,8.689199806470421,9.216455907462729,Transient_Shock
0.00017922353799804114,9.841535575105809e-05,0.00039220857433974743,0.013387439560948207,0.009920451388473112,0.019804256470257787,0.0517578125,0.044921875,0.090576171875,14.0,32.0,8.0,16.252451164747658,8.85425136140122,10.272021513672016,Transient_Shock
0.00014527036910294555,0.00012969656017958187,0.00046432412636931986,0.012052815816353686,0.01138843976054586,0.021548181509568734,0.0517578125,0.0498046875,0.1064453125,14.0,32.0,8.0,13.037469765920303,7.811246523823998,9.585231518679667,Transient_Shock
0.0002015882491832599,0.00012152570707257837,0.0004451338572835084,0.014198177671210482,0.011023869877342456,0.02109819559307166,0.07177734375,0.0458984375,0.093017578125,14.0,33.0,8.0,10.648746395620059,7.043861916251044,9.267309150689522,Transient_Shock
0.00020684877745225094,9.134740321314894e-05,0.00037806596083100885,0.014382238262949579,0.00955758354465965,0.019443918350759676,0.058349609375,0.048583984375,0.087890625,14.0,33.0,8.0,13.352560726537002,6.8807807474487594,9.678640914807342,Transient_Shock
0.00017629248031880707,0.00012047815835103393,0.000461534466012381,0.013277517852324923,0.010976254295115158,0.021483353230172916,0.05517578125,0.053466796875,0.092529296875,14.0,33.0,8.0,16.00555689586056,6.693493961510416,8.600479503294663,Transient_Shock
0.0002495896442269441,0.0001270051252504345,0.0004700030985986814,0.01579840638251036,0.011269655063507246,0.021679554852410632,0.068603515625,0.04833984375,0.088623046875,14.0,33.0,8.0,17.811204806323857,6.875420531588285,8.167001556644324,Transient_Shock
0.00036842995541519485,0.00011661130702123046,0.00043394858948886395,0.019194529309550543,0.01079867153964924,0.020831432727704158,0.063720703125,0.054443359375,0.0966796875,14.0,33.0,8.0,19.75524412550002,6.997616916121483,8.562384379427792,Transient_Shock
0.0002907428424805403,0.0001261392462765798,0.0004903138578811195,0.01705118302290314,0.011231172969756089,0.022143031813216533,0.064453125,0.054931640625,0.102783203125,14.0,33.0,8.0,19.074977621975513,8.480476051077844,8.581952073747548,Transient_Shock
0.0001130831333284732,0.00011860148151754402,0.00043189405914745294,0.010634055356658305,0.010890430731497447,0.020782060993738156,0.048583984375,0.053466796875,0.109130859375,14.0,33.0,8.0,13.996989829977585,7.08708789112306,8.221297269170597,Transient_Shock
6.30676768196281e-05,0.00012439348211046308,0.0004623698150680866,0.007941516027788907,0.011153182600068156,0.02150278621639732,0.0390625,0.05712890625,0.100341796875,14.0,32.0,8.0,9.044183385723162,6.763167980382739,9.257120400949947,Transient_Shock
6.22775660303887e-05,0.00011882976104971021,0.0004493765882216394,0.00789161365187049,0.010900906432481209,0.02119850438643348,0.041748046875,0.0546875,0.1015625,14.0,32.0,8.0,6.44073984005502,6.431862837049167,9.871347211502979,Transient_Shock
0.00013388687148108147,0.00012771959518431686,0.00042195323840132914,0.011570949463249828,0.011301309445560584,0.020541500393138987,0.0654296875,0.053466796875,0.09423828125,8.0,32.0,8.0,3.2850048244602776,5.704369692455788,9.972840728995308,Transient_Shock
5.122646689414978e-05,0.00014149522394291125,0.0005293314134178218,0.007157266719506112,0.011895176499023092,0.023007203511461835,0.038330078125,0.055908203125,0.10888671875,14.0,32.0,8.0,4.661198381317814,7.357965380192211,8.91789809265728,Transient_Shock
4.142982652410865e-05,0.00011920217366423458,0.0004461964126676321,0.0064366005409772515,0.010917974796830893,0.021123361774765686,0.03271484375,0.05712890625,0.11181640625,8.0,32.0,8.0,5.898429490773077,7.116893249487676,9.111597007932163,Transient_Shock
3.9031492633512244e-05,0.00012957454600837082,0.00048268501632264815,0.006247518918219635,0.011383081569081846,0.021970093680333914,0.026123046875,0.046142578125,0.093017578125,8.0,32.0,8.0,7.051214478010151,6.82004901038637,9.011106708184778,Transient_Shock
3.588612889871001e-05,0.00010445200314279646,0.00039992841993807815,0.005990503225832535,0.010220176277481542,0.019998210418386893,0.032470703125,0.044189453125,0.093994140625,8.0,33.0,8.0,5.698223329614486,6.253205621981636,10.338035461049307,Transient_Shock
3.716855644597672e-05,9.001324360724539e-05,0.00045061713535687886,0.006096602040971406,0.009487530954218035,0.021227744471725648,0.0283203125,0.046142578125,0.090087890625,8.0,32.0,8.0,5.129004413679133,7.2955284228815644,9.394091218076403,Transient_Shock
5.370248982217163e-05,0.00014011257735546678,0.0004561304667731747,0.007328198265752069,0.011836915871774488,0.02135721111880422,0.043212890625,0.0546875,0.09814453125,8.0,32.0,8.0,5.447214677628646,6.737364338078378,8.768740723674112,Transient_Shock
0.00011963442375417799,0.00013956721159047447,0.0004920102037431207,0.010937752225854176,0.011813856761890864,0.02218130302175958,0.052978515625,0.056396484375,0.100830078125,13.0,32.0,8.0,7.433637022545884,6.056829200326008,8.912409556461597,Transient_Shock
0.00017160168135887943,0.00012512363900896162,0.0004674607735069003,0.013099682490765928,0.011185867825473428,0.021620841184072842,0.0537109375,0.052978515625,0.107177734375,13.0,32.0,8.0,8.933509190512531,7.020461354670071,8.483525570118974,Transient_Shock
6.788990867789835e-05,0.00014273295164457522,0.0004943594649375882,0.008239533280344121,0.01194708967257613,0.02223419584643412,0.041015625,0.052490234375,0.1044921875,12.0,33.0,8.0,5.38517497244849,8.067825103880072,9.106485446770314,Transient_Shock
5.1642171456478536e-05,0.00012110516763641499,0.0004460308082343545,0.007186248775020145,0.011004779308846451,0.021119441475435718,0.03955078125,0.048095703125,0.09033203125,13.0,33.0,8.0,4.674466521476757,7.20039988176728,9.748720292118124,Transient_Shock
4.9089532694779336e-05,9.990404578275047e-05,0.0004139033226238098,0.007006392273829616,0.009995201137683547,0.020344614093754883,0.033935546875,0.048583984375,0.0908203125,8.0,33.0,8.0,5.644841701384898,6.69613451823988,9.684804972640364,Transient_Shock
5.356688052415848e-05,0.00010270705388393253,0.0004065363864356186,0.007318939849743163,0.01013444886927417,0.020162747492234748,0.0380859375,0.05078125,0.090087890625,8.0,32.0,8.0,5.098420705159903,7.505618239685428,9.959855773885113,Transient_Shock
3.9078611735021695e-05,0.00011725554577424191,0.0004936158511554822,0.00625128880592008,0.010828459990887065,0.022217467253390567,0.035400390625,0.050048828125,0.0966796875,8.0,32.0,8.0,5.733587529874423,9.015073872856572,8.900496481168869,Transient_Shock
5.776533726020716e-05,0.00011592844020924531,0.0004652603493013885,0.00760035112742873,0.01076700702188149,0.02156989451298704,0.048583984375,0.051513671875,0.093505859375,8.0,32.0,8.0,4.412672691495403,10.111526166862722,10.944659020868043,Transient_Shock
5.9951180446660146e-05,0.00012918229549541138,0.00041554855124559253,0.007742814762517578,0.011365838970151362,0.02038500800209783,0.03857421875,0.057861328125,0.084716796875,32.0,32.0,8.0,5.005471779825963,10.713454289094647,10.423370437732935,Transient_Shock
4.773191176354885e-05,0.00012883309682365507,0.00039507020483142696,0.006908828537715265,0.01135046681082567,0.01987637303009347,0.033935546875,0.0498046875,0.090576171875,8.0,32.0,8.0,5.325004970825481,6.868618396549293,10.60362735706207,Transient_Shock
5.9096779295941815e-05,0.0001262842233700212,0.0004664289554057177,0.007687442962126081,0.011237625343907013,0.021596966347284002,0.0380859375,0.052490234375,0.088134765625,8.0,32.0,8.0,4.424720645266213,9.002091356619562,9.89204904223906,Transient_Shock
0.3226754064517081,0.0389495096023893,0.028818417889851844,0.5680452503557336,0.19735630114690866,0.16975988304028677,3.99993896484375,2.22314453125,1.463134765625,42.0,31.0,42.0,2.983957108325156,3.187103187705982,3.7871119876201154,Transient_Shock
0.007126201860955916,0.0013566044508479536,0.003571608802303672,0.08441683399035951,0.03683211168054248,0.059762938367383445,0.568603515625,0.217041015625,0.25146484375,20.0,33.0,3.0,7.691790362264267,5.256800549175966,11.962892298198248,Transient_Shock
0.001187378991744481,0.0002378584904363379,0.0017621589213376865,0.03445836606318531,0.015422661587298669,0.0419780766750656,0.173095703125,0.0751953125,0.2333984375,6.0,7.0,3.0,6.624264290983713,6.020395248275932,10.871406498639951,Transient_Shock
0.00022488360991701484,0.00012966378926648758,0.000549608317669481,0.01499611982870952,0.011387000889895794,0.023443726616506195,0.077880859375,0.0576171875,0.114990234375,6.0,32.0,8.0,4.547025557688264,6.874844449773817,8.695670032910567,Transient_Shock
0.0001912459520099219,0.00014717526210006326,0.0004567724790831562,0.013829170329774737,0.012131581187135636,0.021372236174138547,0.06787109375,0.055908203125,0.0966796875,13.0,32.0,8.0,6.630366395587228,7.239051300080375,9.823688098387283,Transient_Shock
0.00010462685895618051,0.00011577846817090176,0.0004375622229417786,0.010228727142522695,0.010760040342438394,0.020917988023272664,0.0478515625,0.05810546875,0.09033203125,12.0,32.0,8.0,4.520105927270951,8.196370236149834,9.747420684406581,Transient_Shock
0.4035376415920382,0.03249527570733335,0.022677620640024543,0.6352461267823978,0.18026446046665257,0.15059090490472704,3.99993896484375,1.590087890625,1.422607421875,17.0,33.0,20.0,4.104388162165924,4.153338662667611,2.9473608967104084,Transient_Shock
0.004950538856064668,0.0007286474246939179,0.0016407842012995388,0.0703600657764379,0.026993470038028048,0.040506594540883574,0.399658203125,0.15087890625,0.187744140625,17.0,1.0,3.0,5.947113918892153,6.754976999139615,10.298675702158416,Transient_Shock
0.0009371574124088511,0.00014735384320374578,0.0009718357432575431,0.030613026841670707,0.012138939130078286,0.03117428015620478,0.179443359375,0.061279296875,0.1826171875,6.0,33.0,3.0,9.396073260333294,4.5466818730626,7.427065028569509,Transient_Shock
0.00012554576096590608,0.00014294718494056724,0.0004424085927894339,0.011204720476919809,0.011956052230588793,0.02103351118547338,0.06396484375,0.05908203125,0.1044921875,17.0,33.0,8.0,4.552828030781513,7.586281898873081,8.82607157798839,Transient_Shock
0.0001203776009788271,0.00011582087245187722,0.0004905301575490739,0.010971672660940405,0.010762010613815489,0.02214791542220337,0.0556640625,0.05224609375,0.102294921875,6.0,33.0,8.0,5.019834870953256,8.733461473693986,8.870608863782255,Transient_Shock
7.845960499253124e-05,0.00014443969121202826,0.00044819315371569246,0.008857742657840723,0.012018306503498248,0.021170572824458306,0.052490234375,0.056884765625,0.09765625,14.0,33.0,8.0,4.845422584010258,7.8447388634266915,8.823143432011557,Transient_Shock
4.9967315135290846e-05,0.00012395568410283886,0.0004899324849247932,0.007068756265092951,0.011133538705319116,0.02213441855854346,0.037353515625,0.0498046875,0.0966796875,12.0,33.0,8.0,4.152113510395398,8.513734138304246,8.373074015032882,Transient_Shock
5.8077042922377586e-05,0.0001249875895155128,0.00048423040425404906,0.007620829542928879,0.011179784859983345,0.022005235837274026,0.03466796875,0.056884765625,0.111083984375,8.0,33.0,8.0,4.826539467554154,7.939468001389613,8.685331865029319,Transient_Shock
5.6582557590445504e-05,0.00012894882820546627,0.0005023184312449303,0.0075221378337840565,0.011355563755510611,0.02241246151686446,0.0380859375,0.046630859375,0.103759765625,33.0,33.0,8.0,5.309071861404964,10.024878699993733,8.442922584301527,Transient_Shock
5.653774132952094e-05,0.0001255254610441625,0.0005259153986116871,0.0075191582859733,0.011203814575588196,0.022932845410277528,0.03564453125,0.05029296875,0.092041015625,35.0,33.0,8.0,4.199917343674622,10.858163752034299,8.946988358889948,Transient_Shock
3.953539635404013e-05,0.00012159955440438353,0.0004518274072324857,0.0062877178971420256,0.011027218797338862,0.021256232197463542,0.031494140625,0.0546875,0.1005859375,33.0,33.0,8.0,6.210646103752876,11.724628616474487,8.03737560000059,Transient_Shock
4.2129759094677866e-05,0.00016040727496147156,0.0005570432258537039,0.006490744109474496,0.012665199365247732,0.02360176319374686,0.029052734375,0.063232421875,0.091552734375,33.0,33.0,8.0,6.268547031110353,11.968059681216682,8.935831470608948,Transient_Shock
5.151383447810076e-05,0.00012933740799780935,0.000507699660374783,0.007177313876242334,0.011372660550540025,0.022532191646060153,0.032470703125,0.053955078125,0.096923828125,33.0,33.0,8.0,4.960383015554153,10.545754079269877,7.718167983900227,Transient_Shock
5.395529660745524e-05,0.0001331506900896784,0.0005621106829494238,0.00734542691798477,0.011539093989117101,0.023708873506546525,0.037353515625,0.05517578125,0.10546875,8.0,33.0,8.0,4.389007558686791,11.626981336384251,7.783133352431687,Transient_Shock
6.278330329223536e-05,0.0001416010745742824,0.0004470807580219116,0.007923591565207999,0.011899624976203341,0.021144284287294087,0.040283203125,0.05615234375,0.0966796875,33.0,33.0,8.0,4.298215215659249,11.466911728113603,7.168257980500213,Transient_Shock
5.281901394482702e-05,0.00011853084652102552,0.0004476850117498543,0.007267669086084411,0.010887187263982627,0.02115856828213701,0.034912109375,0.0517578125,0.09765625,33.0,33.0,8.0,5.102762137812658,12.333907723621234,7.749394833625832,Transient_Shock
5.106579919811338e-05,0.000130213415104663,0.0004498287453316152,0.007146033808912003,0.011411109284581538,0.02120916654023951,0.039794921875,0.055419921875,0.09716796875,33.0,33.0,8.0,4.5694569154712825,10.959349738629227,8.781636676955616,Transient_Shock
6.280693924054503e-05,0.00012800045078620315,0.0005198218532314058,0.007925082916950777,0.011313728421091039,0.02279960204107532,0.039306640625,0.055419921875,0.095947265625,12.0,33.0,8.0,4.928002958539523,12.22348200779823,8.384899320343507,Transient_Shock
7.367028956650756e-05,0.00011911276669707149,0.0004873140132986009,0.008583139843117293,0.010913879543822697,0.02207518999462068,0.054443359375,0.046875,0.091552734375,33.0,33.0,8.0,4.522385754731445,11.326556444734209,7.976722465996528,Transient_Shock
5.8945672208210453e-05,0.00011305004227324389,0.0004480880998016801,0.00767760849537214,0.010632499342734233,0.02116809154840559,0.03662109375,0.04443359375,0.0927734375,12.0,33.0,8.0,5.274587097980551,11.272324483677936,8.28457520709092,Transient_Shock
7.830570393707603e-05,0.00012758286538883112,0.0005333619192242622,0.008849051019011928,0.011295258535723347,0.023094629661985538,0.0439453125,0.053466796875,0.099365234375,12.0,33.0,8.0,7.168681043351018,11.373193828931582,7.934499434818589,Transient_Shock
7.095228647813201e-05,0.00014400947839021683,0.0005282830061332788,0.008423318020716778,0.01200039492642708,0.022984407891726923,0.0517578125,0.054931640625,0.110595703125,33.0,33.0,8.0,4.4239217134867905,10.745664874298248,7.081670759061805,Transient_Shock
7.048988481983542e-05,0.0001645279371587094,0.0006010952492943034,0.008395825440052658,0.012826844395981009,0.024517243917175996,0.044189453125,0.056396484375,0.1083984375,33.0,33.0,8.0,4.222769412723444,10.526643583087719,6.858475496852036,Transient_Shock
5.041142867412418e-05,0.00013210743418312632,0.000516443615197204,0.0071001006101409705,0.011493799814818698,0.022725395820473712,0.043212890625,0.052001953125,0.09765625,33.0,33.0,8.0,4.821045124787769,8.647749589747555,8.051653904747592,Transient_Shock
6.0482750996015966e-05,0.0001462980726500973,0.0005832486203871667,0.007777065706036947,0.012095374018611302,0.024150540788710442,0.0400390625,0.056640625,0.1044921875,33.0,33.0,8.0,5.489815257057352,9.086893115631915,7.505308496914142,Transient_Shock
5.2015991968801245e-05,0.0001463417684135493,0.0005877785006305203,0.007212211309217253,0.012097180184387983,0.02424414363574264,0.03515625,0.058837890625,0.109619140625,8.0,33.0,8.0,4.94708817510311,7.178519507978567,7.04906656055852,Transient_Shock
4.817195804207586e-05,0.00015716685084044002,0.0006397265206032898,0.006940602138292892,0.012536620391494672,0.025292815592639933,0.03271484375,0.059326171875,0.1171875,33.0,34.0,8.0,4.31424345667841,7.056424154866966,6.683353596129424,Transient_Shock
8.154450915753841e-05,0.00014302121417131275,0.0005926472913415637,0.009030199840398795,0.011959147719269661,0.024344348242283334,0.04931640625,0.046875,0.10498046875,14.0,34.0,8.0,4.204774110433881,6.800004595440458,5.9435531408606215,Transient_Shock
7.526922490797006e-05,0.00014052193364477716,0.0005808774731121957,0.00867578382095647,0.01185419476998658,0.024101399816446257,0.04345703125,0.0517578125,0.114990234375,13.0,34.0,8.0,5.262271589467354,7.928471533648556,6.454867744478234,Transient_Shock
7.205922156572342e-05,0.00014760432168259285,0.0006146330706542358,0.008488770321178646,0.012149251898063224,0.024791794421829084,0.03857421875,0.053466796875,0.137451171875,8.0,34.0,8.0,3.6281764597231625,8.514396246318134,6.152585363674967,Transient_Shock
4.108631037524901e-05,0.0001435754784324672,0.0005372825544327497,0.0064098604021654805,0.011982298545457262,0.02317935621264641,0.0400390625,0.054443359375,0.106689453125,8.0,34.0,8.0,4.5488083332210785,7.3038563223896285,7.041208242004177,Transient_Shock
4.87202632939443e-05,0.0001413111895089969,0.0004821945331059396,0.006979990207295731,0.01188743830726355,0.021958928323257024,0.036865234375,0.052490234375,0.094482421875,34.0,34.0,8.0,4.56677941548783,9.310413962338338,6.913794264552751,Transient_Shock
3.861114601022564e-05,0.00014193032620823942,0.000526474406797206,0.00621378676896992,0.011913451481759575,0.02294503011105468,0.03076171875,0.05322265625,0.111572265625,34.0,34.0,8.0,4.775349267684712,10.168203052058105,6.364188904022365,Transient_Shock
5.1997540140291676e-05,0.00012821130439988337,0.00042333174496889114,0.007210931988327977,0.011323043071537059,0.020575027216722976,0.03662109375,0.044677734375,0.089111328125,34.0,34.0,8.0,4.779852671202219,10.650443223023004,6.864601337100507,Transient_Shock
6.20837054157164e-05,0.0001458899314457085,0.0005787639784102794,0.007879321380405573,0.012078490445652077,0.024057513969865617,0.039306640625,0.05029296875,0.111083984375,13.0,34.0,8.0,4.312121379471885,8.5704332691857,6.316683455674041,Transient_Shock
6.72188907628879e-05,0.00014931184341548942,0.0005361371986509766,0.008198712750358309,0.012219322543230023,0.023154636655559436,0.043212890625,0.047119140625,0.10107421875,12.0,34.0,8.0,4.704145840710343,7.512759031331917,6.834722042748512,Transient_Shock
7.080048089846969e-05,0.00011865977648994885,0.00046251132152974606,0.008414302163487456,0.010893106833679217,0.021506076386215735,0.0400390625,0.04833984375,0.0908203125,13.0,34.0,8.0,5.84543451728184,7.674980684903405,7.9244905212831105,Transient_Shock
5.270748806651682e-05,0.0001404195645591244,0.0004719196440419182,0.007259992291078332,0.011849876141087906,0.021723711562297965,0.033935546875,0.05810546875,0.104736328125,19.0,34.0,8.0,4.106360528902376,6.029802861869862,6.815434815321225,Transient_Shock
4.977452044840902e-05,0.00014535766968037933,0.0004574404993036296,0.0070551059842081055,0.012056436856732562,0.02138785868907006,0.03515625,0.058349609375,0.100341796875,12.0,33.0,8.0,4.476567668732499,8.108064145143716,7.314273200871651,Transient_Shock
6.21250037511345e-05,0.0001144720590673387,0.0004999503107683267,0.007881941623174743,0.010699161605814668,0.022359568662394334,0.042724609375,0.0478515625,0.0888671875,13.0,33.0,8.0,3.882774133588142,8.932081097491551,7.965483346187415,Transient_Shock
5.738354229833931e-05,0.00012506707571446896,0.00041789369424805045,0.007575192558499045,0.011183339202334379,0.020442448342800096,0.04150390625,0.051513671875,0.090576171875,13.0,33.0,8.0,4.634151893912905,9.56769522596899,8.440146590762964,Transient_Shock
7.549192741862498e-05,0.0001523822866147384,0.0005172150522412267,0.008688609061214861,0.012344322039494045,0.022742362503513715,0.038818359375,0.054443359375,0.110595703125,12.0,33.0,8.0,6.055432714382893,9.130016758024112,7.254796936874774,Transient_Shock
9.581484118825756e-05,0.00012225942555232905,0.00048041097761597484,0.009788505564602677,0.011057098423742508,0.021918279531386007,0.04638671875,0.04931640625,0.091796875,12.0,33.0,8.0,7.286282759379516,8.021698474841141,7.626023967685906,Transient_Shock
0.00012163794599473476,0.00012060853987350129,0.0004841343288717326,0.011028959424838536,0.010982191943027643,0.0220030527171057,0.05517578125,0.04736328125,0.097412109375,13.0,33.0,8.0,7.608255042822365,7.914638161895084,7.60820170808823,Transient_Shock
5.5588341638213024e-05,0.00011595370233408175,0.00043050848398706876,0.007455758957893758,0.010768180084586335,0.020748698368501788,0.037353515625,0.050048828125,0.090087890625,14.0,33.0,8.0,4.715488234625889,6.453892357432219,7.610769513964055,Transient_Shock
4.366394932731055e-05,0.00014302701674751006,0.0005098690126033034,0.00660787025654337,0.011959390316713895,0.022580279285325577,0.034912109375,0.05712890625,0.100341796875,8.0,33.0,8.0,4.372599784828468,7.4275999247057465,7.759164720051205,Transient_Shock
4.473296212381683e-05,0.00012450714348233305,0.00044971482930122875,0.006688270488236614,0.011158276904716652,0.021206480832548072,0.0341796875,0.05517578125,0.09326171875,8.0,34.0,8.0,4.61275013817296,6.530909236030246,8.015290660686974,Transient_Shock
5.239640813670121e-05,0.00012921794768772088,0.0005155811086297035,0.007238536325577237,0.01136740725441474,0.02270641117899752,0.03076171875,0.051513671875,0.111328125,33.0,33.0,8.0,4.042409886893357,9.548010059195239,7.549912337714734,Transient_Shock
4.8779649659991264e-05,0.0001348055520793423,0.0005936981033300981,0.006984242955395471,0.011610579317128939,0.024365920941554785,0.034912109375,0.047607421875,0.103271484375,20.0,33.0,8.0,4.3196580799423945,9.534117268069194,8.186999992839196,Transient_Shock
6.51949922030326e-05,0.0001210723385156598,0.0005501209197973367,0.008074341595636922,0.011003287623054293,0.02345465667617705,0.047119140625,0.052734375,0.105224609375,14.0,33.0,8.0,3.8137488419275813,6.934804050460038,6.969168583795647,Transient_Shock
7.236328383442014e-05,0.0001247551954293158,0.0005993866216158494,0.008506661144915797,0.011169386528781059,0.024482373692431243,0.050537109375,0.05810546875,0.107666015625,16.0,34.0,8.0,4.3437535648877645,4.89295542905224,6.417127283607374,Transient_Shock
6.68143475195393e-05,0.00015811806952115148,0.0006088283262215555,0.008174004374817724,0.012574500766279013,0.02467444682706292,0.037841796875,0.05224609375,0.115234375,8.0,34.0,8.0,4.2043199409831695,6.508503999905127,6.09049311379473,Transient_Shock
5.954131484031677e-05,0.0001199792604893446,0.0005293529502523597,0.0077163018888789445,0.01095350448438054,0.02300767155216624,0.036376953125,0.053466796875,0.110107421875,8.0,34.0,8.0,3.7985030622127014,6.022588469427032,6.31388242491853,Transient_Shock
5.3295865654945374e-05,0.0001368865450785961,0.0006291654681263026,0.007300401746133248,0.011699852352854548,0.025083171014174076,0.040283203125,0.051025390625,0.11474609375,31.0,34.0,8.0,3.646636584550993,6.716461680260803,6.373692386288506,Transient_Shock
5.418597720563412e-05,0.00013902451246394776,0.0005411673337221146,0.007361112497824912,0.011790865636752365,0.0232630035404312,0.040771484375,0.047607421875,0.107421875,8.0,33.0,8.0,4.516176773326963,7.5765390475991605,6.6073896234679825,Transient_Shock
4.0708688175072894e-05,0.00010354062760598026,0.00046874620238668285,0.006380336055026639,0.010175491516677721,0.021650547392310496,0.033935546875,0.045166015625,0.09326171875,8.0,34.0,8.0,4.667512550992775,7.631581906864213,7.379356580421636,Transient_Shock
4.27138147642836e-05,0.00013137736459611915,0.0005516359669854864,0.006535580675371057,0.01146199653621127,0.023486931834224036,0.038330078125,0.04541015625,0.102294921875,42.0,34.0,8.0,4.7242067570975,7.720876853932051,7.010576745279756,Transient_Shock
5.367439007386565e-05,0.00012142370906076394,0.0005232151452219114,0.007326280780441441,0.011019242671833848,0.02287389659026007,0.03466796875,0.046142578125,0.10595703125,42.0,33.0,8.0,4.150181375923383,7.4532792669806645,6.550981359900891,Transient_Shock
4.799026282853447e-05,0.0001388582750223577,0.0005272994167171419,0.006927500474813009,0.011783814111838225,0.022963001039000584,0.034423828125,0.053955078125,0.10986328125,8.0,33.0,8.0,3.8522753544054313,6.368452949659543,6.207578149590721,Transient_Shock
4.614748468156904e-05,9.975654756999575e-05,0.0004451133390830364,0.006793193997050948,0.00998781996083208,0.021097709332603774,0.038818359375,0.04541015625,0.096435546875,16.0,34.0,8.0,3.459905645208329,8.916019820615782,7.482752240918037,Transient_Shock
4.971037560608238e-05,0.00013770576333627105,0.0005460860556922853,0.007050558531498223,0.01173480989774743,0.023368484240367096,0.03173828125,0.049072265625,0.11669921875,8.0,34.0,8.0,4.389166209653698,6.238859764517602,6.638952251054978,Transient_Shock
5.276128649711609e-05,0.00014464068226516247,0.0005889237945666537,0.007263696476114355,0.01202666546741708,0.024267752153148706,0.041259765625,0.05419921875,0.110595703125,8.0,34.0,8.0,3.879497629640739,7.85986161281127,6.4316475504220945,Transient_Shock
3.958955858252011e-05,0.0001235108356922865,0.00044136566793895327,0.006292023409247625,0.011113542895597538,0.021008704575459985,0.030029296875,0.0576171875,0.087646484375,8.0,33.0,8.0,4.486996261478016,7.144857156792505,7.331211357800237,Transient_Shock
5.59415748284664e-05,0.00013407506048679352,0.0004919675084238406,0.007479410058852663,0.011579078568124216,0.02218034058403614,0.03662109375,0.05859375,0.10107421875,8.0,33.0,8.0,3.40969762321352,7.125897339714909,7.081613495801327,Transient_Shock
4.814262501895428e-05,0.00016218743985518813,0.0004838183522224426,0.006938488669656691,0.012735283265604583,0.021995871253997705,0.036865234375,0.059326171875,0.103515625,8.0,34.0,8.0,5.171460284176945,7.30065150725678,7.59636892149721,Transient_Shock
6.0327103710733354e-05,0.00015124753917916678,0.000574856749153696,0.007767052446760827,0.012298273829248021,0.023976170443873977,0.043701171875,0.056884765625,0.12353515625,34.0,34.0,8.0,3.7416924339932174,7.575515001030906,7.024778242668231,Transient_Shock
6.713904440402985e-05,0.00013892945935367607,0.0005302020435919985,0.008193841858617351,0.011786834153142058,0.02302611655472973,0.047607421875,0.060791015625,0.101318359375,13.0,33.0,8.0,3.844878415543738,6.57511286060423,6.497573190851427,Transient_Shock
5.3309311624616385e-05,0.0001491144903411623,0.0005876962095499039,0.007301322594202806,0.012211244422300387,0.02424244644316872,0.03759765625,0.060302734375,0.108154296875,8.0,33.0,8.0,4.407221036867876,8.36313330168572,7.021567958174048,Transient_Shock
4.1570456232875586e-05,0.00012348085510893725,0.0004681376158259809,0.0064475155085409125,0.011112193982690243,0.021636488065903414,0.034423828125,0.047119140625,0.089111328125,8.0,33.0,8.0,4.732800919382299,8.546990971654777,7.126285387620677,Transient_Shock
6.09664675721433e-05,0.00012493632675614208,0.00047182649359456263,0.007808102687090078,0.011177491970748271,0.021721567475542887,0.042724609375,0.04833984375,0.102783203125,14.0,33.0,8.0,4.998360218272553,8.637070240899904,8.345015927632547,Transient_Shock
4.738792995340191e-05,0.00013524688256438822,0.0005038334056735039,0.006883889159000304,0.011629569319815253,0.02244623366343458,0.040283203125,0.05517578125,0.099609375,14.0,33.0,8.0,4.901984462828239,8.012685847289422,7.353307552987564,Transient_Shock
7.494050078094006e-05,0.00015137344598770142,0.0005430294550023973,0.008656818167256377,0.012303391645708976,0.02330299240446165,0.0517578125,0.056640625,0.1201171875,13.0,33.0,8.0,4.974013251010119,9.846289163017659,6.951032712123992,Transient_Shock
9.057839270099066e-05,0.00010918463522102684,0.0004504097996687051,0.00951726813224208,0.010449145190924799,0.02122286030837279,0.039794921875,0.050537109375,0.08984375,13.0,33.0,8.0,6.7057700387565475,10.267417776297409,8.386935265407896,Transient_Shock
7.843376079108566e-05,0.00011460363384685479,0.00044733978575095534,0.008856283689623184,0.010705308675925921,0.021150408642646962,0.0419921875,0.052978515625,0.092529296875,13.0,33.0,8.0,8.077734210170782,9.559053832180908,8.869666564451114,Transient_Shock
5.355823304853402e-05,0.00014011276653036475,0.0004678199729823973,0.007318349065775287,0.0118369238626581,0.021629146376646428,0.040771484375,0.052734375,0.08935546875,13.0,33.0,8.0,4.950647932509589,10.57196662422135,8.212671130284994,Transient_Shock
4.809538586414419e-05,0.00013542890883400105,0.0004313567733333912,0.006935083695539961,0.011637392699140174,0.02076913029795401,0.033203125,0.05224609375,0.088134765625,8.0,33.0,8.0,4.909887974842161,10.666777332285765,8.159928064597139,Transient_Shock
5.62177701795008e-05,0.00013794108235742897,0.0005574307833740022,0.007497851037430712,0.011744832155353645,0.023609972117179686,0.0361328125,0.056640625,0.120849609375,8.0,33.0,8.0,5.087042860640696,9.472817367108783,7.485172826924438,Transient_Shock
4.784051270689815e-05,0.00012428009358700365,0.0005380064249038696,0.006916683649473797,0.011148098204940771,0.02319496550771028,0.041748046875,0.044921875,0.11328125,33.0,33.0,8.0,4.302877656949981,8.566919219952284,7.111396257460317,Transient_Shock
5.029881140217185e-05,0.0001264655584236607,0.0005451261386042461,0.007092165494556078,0.011245690660144476,0.023347936495635886,0.031982421875,0.053466796875,0.108154296875,8.0,33.0,8.0,4.648991642753903,10.070407373630761,7.380420316987289,Transient_Shock
5.785583925899118e-05,0.00015302617975976318,0.0006072714131732937,0.007606302601066511,0.012370375085653756,0.02464287753435653,0.03564453125,0.052734375,0.110595703125,33.0,33.0,8.0,4.375077360342012,8.726159855703465,7.56045061076494,Transient_Shock
4.6685789129696786e-05,0.00012925380360684358,0.0004410473629832268,0.006832699988269409,0.011368984282109092,0.02100112765980024,0.033447265625,0.058349609375,0.087890625,8.0,33.0,8.0,4.282690919015149,8.033096514094106,7.773502313670703,Transient_Shock
5.002575562684797e-05,0.0001209040310641285,0.0005014724411012139,0.007072888775235191,0.010995636910344416,0.022393580354673388,0.037353515625,0.043701171875,0.10498046875,8.0,33.0,8.0,5.263863194288696,9.55005282646124,6.965967709038543,Transient_Shock
5.828762368764728e-05,0.00012562801930471323,0.0005783039341622498,0.007634633173090066,0.01120839057602443,0.02404795072687587,0.045166015625,0.04736328125,0.10302734375,8.0,33.0,8.0,4.684032137578725,9.232320051001661,7.110220914428183,Transient_Shock
6.061041131033562e-05,0.00012323282135184854,0.00048637177314958535,0.007785268865642061,0.011101027941224566,0.02205383805938516,0.039306640625,0.053466796875,0.100830078125,8.0,33.0,8.0,4.533162009260627,9.849696979447724,7.601532227487293,Transient_Shock
6.574526196345687e-05,0.0001248833395948168,0.0005393640458351001,0.00810834520500064,0.01117512145772102,0.023224212491171795,0.04248046875,0.052734375,0.124755859375,8.0,33.0,8.0,3.8511967069758137,7.833526532845888,6.557045711871749,Transient_Shock
5.4325544624589384e-05,0.00013588223373517394,0.0004151128086959943,0.007370586450520025,0.011656853509209676,0.020374317379877892,0.03466796875,0.053955078125,0.094970703125,12.0,33.0,8.0,4.925157022838555,5.7838640991363395,8.06247145850137,Transient_Shock
0.00010556145207374357,0.0001490022987127304,0.00047823082422837615,0.010274310296742238,0.012206649774312787,0.021868489299180595,0.046875,0.0595703125,0.103515625,12.0,33.0,8.0,6.523601758634922,7.868683469897646,7.037888245838147,Transient_Shock
0.00012120860628783703,0.00014192584421834908,0.0004980421763320919,0.011009478020680046,0.011913263374002486,0.02231685856773063,0.05419921875,0.061767578125,0.10205078125,13.0,33.0,8.0,8.366907999935238,6.464068886848375,7.135774553576414,Transient_Shock
6.847665281384252e-05,0.0001419327309122309,0.0005461969958560076,0.008275062103322399,0.011913552405232912,0.023370857833122163,0.041748046875,0.05322265625,0.10302734375,13.0,34.0,8.0,4.305030249445415,7.204395903097827,6.51326982303153,Transient_Shock
4.317352068028413e-05,0.0001175576908281073,0.0005139145905559417,0.006570656031195373,0.010842402447248824,0.02266968439471405,0.037109375,0.0439453125,0.108154296875,8.0,34.0,8.0,3.970604960301966,7.201751984641228,7.325279344216025,Transient_Shock
3.5525517887435853e-05,0.00010682443098630756,0.00043847711276612245,0.0059603286727693,0.010335590500126616,0.02093984509890468,0.0283203125,0.04443359375,0.09326171875,8.0,34.0,8.0,3.857885986421869,7.772659234188728,7.147891301014028,Transient_Shock
4.625290966941975e-05,0.00012325868010520935,0.0005015295719204005,0.006800949174153542,0.011102192580981891,0.022394855925421814,0.0390625,0.0517578125,0.10595703125,34.0,34.0,8.0,3.9145382333884435,8.727151051864155,7.39498051653691,Transient_Shock
5.337260881788097e-05,0.00013206381117925048,0.0004894695593975484,0.007305655947133082,0.011491901982668078,0.022123958944943567,0.044677734375,0.054931640625,0.091552734375,8.0,34.0,8.0,3.4645182724331285,9.122955019799893,6.8814421199181055,Transient_Shock
7.685939999646507e-05,0.00015343677659984678,0.0005745351663790643,0.008766949298157545,0.01238695994180359,0.02396946320590147,0.04638671875,0.052490234375,0.10791015625,13.0,34.0,8.0,4.729919823577832,7.683649611406032,6.943827949638921,Transient_Shock
4.9480466259410605e-05,0.0001397983833157923,0.0004974520088580903,0.007034235300259055,0.011823636636661002,0.02230363218980465,0.0322265625,0.05712890625,0.097900390625,8.0,34.0,8.0,4.741295841051569,8.99055452226362,6.927335674003405,Transient_Shock
5.172085002413951e-05,0.0001570282875036355,0.0005441136745503172,0.007191720936197366,0.012531092829583361,0.023326244330159906,0.038818359375,0.059814453125,0.098876953125,34.0,34.0,8.0,3.630158492169666,8.57394437679195,6.859758790338398,Transient_Shock
4.4472923036664724e-05,0.00011810249634436332,0.000523587365023559,0.006668802219039392,0.010867497243816688,0.022882031488125325,0.03125,0.04833984375,0.1025390625,8.0,34.0,8.0,4.397506337775241,10.340099449777178,7.662166643279425,Transient_Shock
5.642138421535492e-05,0.00015847384929656982,0.0005715504485124256,0.007511416924612487,0.012588639692062436,0.02390712129287894,0.044189453125,0.05908203125,0.102294921875,34.0,34.0,8.0,4.907934934064823,9.066134811457491,6.244595680526844,Transient_Shock
5.4877702496014535e-05,0.00016404318375862204,0.0005255215655779466,0.007407948602414473,0.012807934406399107,0.022924257143426625,0.0361328125,0.056640625,0.094970703125,8.0,34.0,8.0,3.7858072299956786,9.074940281396232,6.919657606697266,Transient_Shock
4.879570042248815e-05,0.00014136594472802244,0.0004703702543338295,0.006985391930485229,0.011889741154794853,0.021688020987029443,0.034423828125,0.055908203125,0.09619140625,34.0,34.0,8.0,4.808381248135266,10.177953733946953,7.413510771720061,Transient_Shock
5.567050175159238e-05,0.0001428835057595279,0.0005656560206261929,0.007461266765877788,0.0119533888817995,0.023783524142275317,0.036865234375,0.052490234375,0.099365234375,34.0,34.0,8.0,4.484259583229918,10.620782859377812,6.726360770469207,Transient_Shock
6.487595601356588e-05,0.00014303510761237703,0.0004974857292836532,0.008054561193110764,0.011959728576032861,0.022304388117221536,0.04345703125,0.0517578125,0.103271484375,12.0,34.0,8.0,4.594284657071196,12.087027304944042,6.229021156476343,Transient_Shock
7.333011308219284e-05,0.00016464699001517147,0.0007020622106210794,0.008563300361554116,0.012831484326264497,0.02649645656726724,0.044677734375,0.05419921875,0.129150390625,34.0,34.0,8.0,4.958203781798021,11.66686948671894,5.192829561559633,Transient_Shock
6.835848034825176e-05,0.00018289865329279564,0.0006307927978923544,0.008267918743447577,0.013524002857615626,0.025115588742698317,0.050048828125,0.060302734375,0.123779296875,34.0,34.0,8.0,4.915443084507615,11.872394162478919,5.713385954806996,Transient_Shock
0.0001301226693612989,0.00017049192319973372,0.0005746305359934922,0.011407132389926002,0.013057255576871186,0.023971452521561815,0.0732421875,0.06396484375,0.1025390625,34.0,34.0,8.0,3.669114447124182,10.162799391494977,6.371968984965617,Transient_Shock
5.2376064559211954e-05,0.00017681700046523474,0.000572595188714331,0.007237130961866861,0.013297255373393215,0.023928961296185235,0.033935546875,0.061279296875,0.109130859375,18.0,34.0,8.0,4.952963758054897,10.324965398473978,5.899705031373106,Transient_Shock
7.193913552328013e-05,0.0001649798359721899,0.0005761955653724726,0.008481694142285497,0.012844447670966234,0.024004073932823833,0.046142578125,0.060546875,0.10791015625,34.0,34.0,8.0,5.470921042454614,11.579365863117573,5.926351014941032,Transient_Shock
0.1546632451199912,0.030230584961827844,0.011545936980837723,0.3932724820273994,0.17386944804026913,0.10745202176244859,3.99993896484375,2.529296875,1.531982421875,23.0,25.0,34.0,1.6164556698677464,1.6712141004719487,1.7063624453037292,Transient_Shock
0.1696450033648489,0.015075363971845945,0.024407656976109138,0.4118798409303967,0.12278177377707958,0.15622950097887767,3.99993896484375,1.493408203125,1.946533203125,17.0,31.0,42.0,2.574105573641492,2.6815172388271216,2.818809319844447,Transient_Shock
0.0031933746322465595,0.00041991308899014257,0.0012662094086408615,0.05650995162134329,0.020491781010691643,0.0355838363395638,0.265625,0.134521484375,0.177001953125,6.0,6.0,3.0,7.716418490164233,5.898926705153367,7.827879553906042,Transient_Shock
0.0005005583479942288,0.0001943073839356657,0.0007477357139578089,0.022373161332145907,0.013939418349976649,0.027344756608128896,0.134521484375,0.0654296875,0.13330078125,6.0,33.0,8.0,7.611670920637909,6.275613244396192,5.536830060286305,Transient_Shock
0.2756703955155899,0.047084124526008964,0.0178879804443568,0.5250432320443621,0.2169887658981657,0.1337459548710046,3.99993896484375,2.616455078125,1.463134765625,5.0,33.0,42.0,2.521079645706136,3.3161745003263277,3.2804674652931967,Transient_Shock
0.0032773263374110684,0.0005730355587729719,0.0012388303875923157,0.057247937407482796,0.023938161140174736,0.03519702242509039,0.21875,0.129638671875,0.1767578125,6.0,6.0,3.0,10.357552009629833,7.977760636450089,6.640911360843457,Transient_Shock
0.001109766624722397,0.00020656550987041555,0.0007155053317546844,0.03331315993301141,0.01437238706236426,0.026748931413323494,0.169921875,0.070556640625,0.156982421875,6.0,33.0,8.0,11.01005555798578,7.088484219541602,6.441694603976204,Transient_Shock
0.00017468490113969892,0.0001687904841674026,0.0006159649601613637,0.013216841572013298,0.012991939199650013,0.024818641384277338,0.060791015625,0.05712890625,0.12255859375,6.0,33.0,8.0,7.228332110500795,8.890780764508653,6.599960204857308,Transient_Shock
0.00013980822041048668,0.0001365886964777019,0.0005594947724603117,0.01182405262211255,0.01168711668794754,0.023653641843494454,0.0576171875,0.05078125,0.1162109375,8.0,33.0,8.0,5.163191360974366,9.482940576381282,8.827630180968512,Transient_Shock
0.00015367345986305736,0.00011706422083079815,0.00045124138705432415,0.012396509987212423,0.010819622028093133,0.021242443057575184,0.065185546875,0.05126953125,0.10791015625,13.0,32.0,8.0,6.831892057695234,6.291169442980553,8.642579741252213,Transient_Shock
0.00017058776211342774,0.00010993357500410639,0.0004733641253551468,0.013060925009869238,0.010484921316066534,0.021756932811293664,0.05810546875,0.04638671875,0.104248046875,13.0,32.0,8.0,8.188589664452481,7.023887344476945,8.819685772013973,Transient_Shock
6.175458838697523e-05,0.0001025246710923966,0.0004587742114381399,0.007858408769399517,0.010125446710757833,0.02141901518366659,0.041015625,0.0556640625,0.1025390625,12.0,32.0,8.0,3.8977917015392047,6.633484247225097,8.953301908168115,Transient_Shock
6.790825500502251e-05,0.00010598344670142978,0.0004849990327784326,0.00824064651620384,0.010294826210355849,0.02202269358589981,0.039306640625,0.055419921875,0.095458984375,8.0,32.0,8.0,4.365782424170313,8.148840135436275,9.982427669155323,Transient_Shock
9.44982712098863e-05,8.431306559941731e-05,0.00047273136442527175,0.00972102212783647,0.009182214634793575,0.021742386355349124,0.04736328125,0.0556640625,0.1064453125,13.0,32.0,8.0,5.525218736415726,7.726957349195985,10.159036288714091,Transient_Shock
6.940983803360723e-05,0.00010578083674772643,0.0004501029288803693,0.008331256689936232,0.01028498112529753,0.021215629353860076,0.043212890625,0.054931640625,0.0966796875,13.0,32.0,8.0,6.281546257950082,10.113723208604894,10.320532557060819,Transient_Shock
6.407027831301093e-05,7.788353468640707e-05,0.0004410055553307757,0.008004391189404159,0.008825164853214192,0.02100013226936382,0.038818359375,0.043212890625,0.08544921875,32.0,32.0,8.0,6.875168223164303,9.46297889763511,11.937767784536886,Transient_Shock
5.883815174456686e-05,0.0001251918583875522,0.0004894650737696793,0.007670603088712573,0.011188916765601227,0.022123857569819945,0.041015625,0.0595703125,0.09765625,13.0,32.0,8.0,5.210264378903244,14.007846484505666,10.146717637695463,Transient_Shock
6.055572521290742e-05,8.552724830224179e-05,0.0005548242334043607,0.007781755920928606,0.009248094306517522,0.023554707245142335,0.04833984375,0.045654296875,0.10595703125,8.0,32.0,8.0,4.773808880576087,10.878747034769278,9.086307648555461,Transient_Shock
6.156622839625925e-05,9.6907839179039e-05,0.0004401999613037333,0.007846415002806011,0.0098441779331257,0.020980942812555713,0.03857421875,0.047607421875,0.095458984375,12.0,32.0,8.0,5.770545341293878,9.269896790516404,10.000073088581178,Transient_Shock
7.782273678458296e-05,7.868741158745252e-05,0.0004529013385763392,0.00882171960473597,0.008870592516143017,0.021281478768552225,0.044189453125,0.049560546875,0.094970703125,12.0,32.0,8.0,6.557932942153864,7.592933695940023,9.229602966204233,Transient_Shock
5.264178253128193e-05,0.00010917078179772943,0.0004410148503666278,0.0072554657005103355,0.010448482272451317,0.021000353577181215,0.038330078125,0.052001953125,0.093994140625,8.0,32.0,8.0,5.3955642152356695,11.269856284857147,9.75104468511767,Transient_Shock
4.0024980989983305e-05,9.719649096950889e-05,0.0004649392794817686,0.006326529932750125,0.00985882807282432,0.02156245068357882,0.035888671875,0.04541015625,0.099609375,8.0,32.0,8.0,5.486464830998022,9.255895994403945,9.62407135766431,Transient_Shock
4.93438528792467e-05,0.00011352778165019117,0.00047515390542685054,0.007024517981986144,0.010654941654002202,0.02179802526438692,0.035888671875,0.048828125,0.09130859375,8.0,32.0,8.0,3.988181701455486,8.454989209454263,8.949739176949997,Transient_Shock
9.317544390796684e-05,8.906569200917147e-05,0.00042281465357518755,0.009652742817871346,0.00943746215935044,0.020562457381723312,0.0390625,0.043212890625,0.085205078125,12.0,32.0,8.0,6.787638960919015,8.682027384594157,10.950439028791003,Transient_Shock
8.968679685494862e-05,0.00010248733451589942,0.00037818877899553627,0.00947031133886044,0.010123602842659299,0.019447076361127816,0.045166015625,0.046142578125,0.0908203125,12.0,32.0,8.0,6.986551802139255,7.892561875557099,10.066584693557731,Transient_Shock
5.418864020612091e-05,9.876725016511045e-05,0.00040934758362709545,0.007361293378620425,0.009938171369276667,0.02023234004328455,0.03564453125,0.045654296875,0.09033203125,23.0,32.0,8.0,5.164462823414904,9.519000496662446,11.281836019812953,Transient_Shock
5.8535355492495e-05,0.00010141823076992296,0.00041548843364580534,0.007650840182129999,0.01007066188340781,0.020383533394527194,0.03564453125,0.0498046875,0.1025390625,8.0,32.0,8.0,5.2225661747692085,9.585467057137366,10.05779276315703,Transient_Shock
5.8835979871219024e-05,0.00010198758900514804,0.0004010939701402094,0.007670461516181345,0.010098890483867425,0.020027330579490854,0.041015625,0.045166015625,0.087890625,8.0,32.0,8.0,4.853102010060969,7.5642672480837545,10.03721636847569,Transient_Shock
5.219014929025434e-05,9.076977949007414e-05,0.00042443882193765603,0.007224275001012513,0.009527317539059678,0.020601913064996077,0.03857421875,0.048828125,0.095947265625,23.0,32.0,8.0,5.694716376507437,7.844733931115645,9.937294642038033,Transient_Shock
6.0720685723936185e-05,0.00010678617036319338,0.00041016077375388704,0.007792347895463612,0.010333739418196753,0.02025242636707728,0.045654296875,0.044677734375,0.088623046875,8.0,32.0,8.0,4.727945210381487,7.772473977039805,9.959970429999936,Transient_Shock
6.874612518004142e-05,8.460134267807007e-05,0.00043220422230660915,0.00829132831216093,0.009197898818647118,0.020789521935499364,0.0458984375,0.042724609375,0.0947265625,14.0,32.0,8.0,6.47907271144009,7.09929456719454,9.157166509630002,Transient_Shock
5.702094858861528e-05,0.00012780952965840697,0.0005256898548395839,0.007551221661997168,0.01130528768578699,0.022927927399561957,0.033447265625,0.05712890625,0.113037109375,8.0,33.0,8.0,4.788373346687555,5.340114649938691,7.237776191814653,Transient_Shock
4.5430322643369436e-05,0.00012142524064984173,0.0004880045889876783,0.006740201973484877,0.011019312167728152,0.0220908259009861,0.0361328125,0.0498046875,0.103515625,8.0,32.0,8.0,5.44912843644878,7.6662837425631825,9.906318853784926,Transient_Shock
4.920408537145704e-05,0.00010025262599810958,0.00044700664875563234,0.00701456237918354,0.010012623332479334,0.02114253174895647,0.035888671875,0.057373046875,0.092529296875,8.0,33.0,8.0,5.813877717902803,6.209980821913758,9.313188661721446,Transient_Shock
4.8322133807232603e-05,0.00012798266470781527,0.0005208276998018846,0.006951412360609361,0.01131294235412765,0.02282164980455805,0.03564453125,0.050537109375,0.09912109375,8.0,33.0,8.0,6.101920312816089,7.0094913070131355,9.180935805613602,Transient_Shock
4.870438715443015e-05,0.00010075015234178863,0.0005001723766326904,0.006978852853759717,0.010037437538624518,0.022364533901530127,0.032470703125,0.04541015625,0.10302734375,8.0,33.0,8.0,6.378813127177378,7.006774335485862,8.147579468633044,Transient_Shock
5.045741272624582e-05,0.00010081518848892301,0.000532082689460367,0.0071033381396527805,0.010040676694771275,0.023066917641079984,0.03564453125,0.052978515625,0.10498046875,8.0,33.0,8.0,6.145438864295883,6.919914492883937,8.57003608453895,Transient_Shock
4.0571201679995283e-05,0.00010510923675610684,0.0004911531832476612,0.0063695527064304355,0.010252279588272397,0.022161976068204324,0.039306640625,0.054443359375,0.106689453125,8.0,33.0,8.0,5.616951894410802,6.637972027845047,8.248209625419408,Transient_Shock
6.500945528387092e-05,9.168958058580756e-05,0.00045636446157004684,0.008062844118787793,0.00957546764319151,0.021362688537963727,0.037841796875,0.0498046875,0.102294921875,8.0,33.0,8.0,4.481372066022732,8.514394474290164,8.754931921137285,Transient_Shock
4.460385753191076e-05,9.418680201633833e-05,0.00046029447912587784,0.006678611946498371,0.009704988511911714,0.021454474571190922,0.035400390625,0.0478515625,0.08984375,8.0,33.0,8.0,5.808336483822613,9.063832579149288,9.310968872585871,Transient_Shock
4.998553413315676e-05,0.0001086234078684356,0.00047028695917106234,0.0070700448466156675,0.010422255411782788,0.021686100598564562,0.03759765625,0.04833984375,0.098876953125,16.0,33.0,8.0,5.031569059475585,6.602529617866174,9.467136244057803,Transient_Shock
4.542967872112058e-05,0.00011135647946503013,0.00046700028178747743,0.006740154206034204,0.010552557958382893,0.02161018930475801,0.03369140625,0.044677734375,0.09521484375,8.0,33.0,8.0,4.149022606807729,8.379231838845618,8.39957451951101,Transient_Shock
4.615062789525837e-05,0.00010720231512095779,0.0004226775163260754,0.006793425343319699,0.010353855084989252,0.02055912246001943,0.032470703125,0.046875,0.09033203125,8.0,33.0,8.0,6.575547706292446,7.188356365275013,9.32656527164651,Transient_Shock
6.834274608991109e-05,0.0001342453142569866,0.0005086565470264759,0.008266967163955054,0.011586428019755986,0.022553415418212736,0.046875,0.0546875,0.100830078125,8.0,33.0,8.0,5.198467445818763,8.244064420292359,8.523852973198675,Transient_Shock
6.613634468521923e-05,0.00014323516734293662,0.0005142132140463218,0.00813242551058534,0.011968089544406686,0.022676269844185613,0.041259765625,0.057373046875,0.104248046875,8.0,33.0,8.0,6.0172854518037076,7.415585199840028,8.135275708152466,Transient_Shock
5.750605123466812e-05,0.00014604214447899722,0.0005226750472502317,0.007583274440152362,0.012084789798709666,0.022862087552326268,0.04248046875,0.060546875,0.114501953125,8.0,33.0,8.0,5.055607863105807,7.716987866745892,7.884177636811452,Transient_Shock
5.264393985271454e-05,0.00012768978194799274,0.00048551287909504026,0.007255614367695856,0.011299990351676975,0.02203435678877512,0.033203125,0.0537109375,0.102783203125,33.0,33.0,8.0,4.170957242683763,8.237288560184693,9.159304261218836,Transient_Shock
5.339177732821554e-05,0.0001275551585422363,0.00046414133612415753,0.007306967724591066,0.011294031987834827,0.021543939661170554,0.03125,0.05517578125,0.095703125,8.0,33.0,8.0,4.9560229372527,9.36250046806255,8.88865077966413,Transient_Shock
4.4375450670486316e-05,0.00012082407192792743,0.00046149195623002015,0.006661490123875162,0.010992000360622603,0.021482363841766113,0.03955078125,0.05419921875,0.099365234375,8.0,33.0,8.0,5.096631089534767,8.614137295090911,8.829870720300775,Transient_Shock
3.3321790397167206e-05,0.00010100256986333989,0.0003985687762906309,0.0057725029577443444,0.010050003475787453,0.019964187343606825,0.031982421875,0.04443359375,0.091064453125,8.0,33.0,8.0,5.629312804803134,9.889989043912705,9.484719591956605,Transient_Shock
3.859899879898876e-05,0.00011438781803008169,0.0004804274612979498,0.0062128092517788405,0.01069522407573033,0.021918655554069685,0.036376953125,0.05224609375,0.0966796875,8.0,33.0,8.0,5.49279978747082,11.903595601180518,8.063021108907117,Transient_Shock
5.859310840605758e-05,0.0001307395832554903,0.0005200486302783247,0.00765461353734188,0.01143414112452222,0.022804574766443788,0.046875,0.053955078125,0.09765625,8.0,33.0,8.0,4.760680563328294,13.010519213324287,7.804573217976046,Transient_Shock
5.589681677520275e-05,0.00013942806981503963,0.0005462988629005849,0.007476417375668827,0.011807966370846405,0.023373037091926778,0.033447265625,0.05322265625,0.102783203125,33.0,33.0,8.0,4.938674816345579,14.086049085503005,8.144698695074542,Transient_Shock
5.082249117549509e-05,0.0001224502339027822,0.0004936760196869727,0.007128989491891196,0.011065723379100988,0.022218821293825932,0.0361328125,0.04931640625,0.10205078125,33.0,33.0,8.0,5.109121047083593,11.943982146859549,7.443543111930862,Transient_Shock
5.8541128964861855e-05,0.00011739635010599159,0.0004778286056534853,0.007651217482522755,0.010834959626412623,0.021859291060175885,0.039306640625,0.0576171875,0.094970703125,8.0,33.0,8.0,4.470762438623211,10.77815705583841,8.963438617939367,Transient_Shock
5.1523325964808464e-05,0.00014719516912009567,0.0005080462287878618,0.0071779750601968844,0.012132401622106633,0.022539880851234814,0.038818359375,0.0537109375,0.09521484375,8.0,33.0,8.0,4.9653918326776605,10.161254916144557,7.958125823050669,Transient_Shock
4.484151941142045e-05,0.000134401776449522,0.0005015620808990207,0.00669638106826519,0.011593178013362945,0.022395581727184956,0.0322265625,0.052001953125,0.10400390625,8.0,33.0,8.0,5.942648187278347,10.08291440548216,9.586335512439854,Transient_Shock
4.082053419551812e-05,0.00011250553870922886,0.000492458635562798,0.006389094943379549,0.010606862811841627,0.022191409048611537,0.0322265625,0.051025390625,0.100341796875,8.0,33.0,8.0,5.222767084043318,9.875524841402239,8.008710969865943,Transient_Shock
4.197371890768409e-05,0.00011447454744484276,0.0005139110144227743,0.006478712750823584,0.010699277893617062,0.02266960551978738,0.0322265625,0.043212890625,0.10107421875,33.0,33.0,8.0,6.071438702135509,10.592927393200785,8.270888631686349,Transient_Shock
3.568268948583864e-05,0.0001238432560057845,0.0005004161357646808,0.005973498931601029,0.011128488487022147,0.02236998291829211,0.029052734375,0.06005859375,0.104248046875,8.0,33.0,8.0,5.260781803504064,8.211453260261491,9.209786371033019,Transient_Shock
8.350764619535767e-05,0.00014707527225255035,0.0005746799542976078,0.00913825181286649,0.012127459431082437,0.02397248327348687,0.0498046875,0.060546875,0.11279296875,8.0,33.0,8.0,3.718553829943929,7.549286954565765,7.416215645729741,Transient_Shock
4.917982732877135e-05,0.00012161592894699425,0.0005514330696314573,0.007012833045836137,0.011027961232566708,0.023482612070028695,0.03564453125,0.06005859375,0.10791015625,8.0,33.0,8.0,4.232192215870193,7.883560697884497,7.811050884621211,Transient_Shock
4.549905133899301e-05,0.00011823430759250186,0.0005393268074840307,0.006745298461817165,0.010873560023860716,0.023223410763366148,0.0361328125,0.048828125,0.109375,8.0,33.0,8.0,5.2627475908153905,8.655283348743332,7.862843241143372,Transient_Shock
5.170623990125023e-05,0.0001205333974212408,0.0005775184836238623,0.007190705104595114,0.01097877030551422,0.0240316142533926,0.035400390625,0.052978515625,0.107177734375,33.0,33.0,8.0,5.46443627337914,9.46669178367839,7.797682927871507,Transient_Shock
4.5330725697567686e-05,0.00011679788804030977,0.0006168854888528585,0.006732809643645637,0.010807307159524512,0.024837179567190365,0.03369140625,0.04931640625,0.11376953125,33.0,33.0,8.0,5.641164119940678,10.64551069648755,7.451033686939017,Transient_Shock
4.556529165711254e-05,0.0001224916777573526,0.0005737640312872827,0.0067502067862482956,0.011067595843603641,0.023953372023314018,0.03173828125,0.053466796875,0.117431640625,33.0,33.0,8.0,5.012438188822737,10.9573736447989,8.324172585057058,Transient_Shock
4.100844671484083e-05,0.0001334580265393015,0.0004897573962807655,0.006403783781081372,0.011552403496212444,0.02213046308328783,0.029296875,0.056884765625,0.10595703125,8.0,33.0,8.0,5.537584024780386,11.817600848009224,7.76888625485122,Transient_Shock
3.8021589716663584e-05,0.00011215276026632637,0.00047632656060159206,0.006166164911568907,0.010590220029174388,0.021824906886435784,0.03515625,0.051025390625,0.11328125,8.0,33.0,8.0,4.367978357749837,9.408134072297694,8.081028818702944,Transient_Shock
4.0492242987966165e-05,0.00010802078759297729,0.00044411302951630205,0.006363351553070612,0.010393304940824997,0.021073989406761647,0.033203125,0.05810546875,0.098876953125,8.0,33.0,8.0,4.445745804912534,9.034950586162598,8.726071885988844,Transient_Shock
3.71446913050022e-05,0.00012210502973175608,0.0004259887173247989,0.006094644477326155,0.011050114466907394,0.020639494115040683,0.035888671875,0.052490234375,0.104736328125,8.0,33.0,8.0,5.28206822602559,10.064816592719781,8.372786703980587,Transient_Shock
3.865674079861492e-05,0.00011579622150748037,0.0004830076031794306,0.006217454527265553,0.010760865276894807,0.0219774339534767,0.035400390625,0.046142578125,0.0888671875,8.0,33.0,8.0,5.747549618261231,8.668999937370508,9.019897353755121,Transient_Shock
3.681640009745024e-05,9.808047616388649e-05,0.0003818749355559703,0.006067651942675209,0.009903558762580575,0.019541620596971232,0.030517578125,0.049560546875,0.089599609375,8.0,33.0,8.0,5.6488079142481045,8.748163195107766,8.892156324051596,Transient_Shock
7.209227987914346e-05,0.0001262070691154804,0.0005118476656207349,0.008490717277070499,0.011234191965401001,0.022624050601533205,0.046630859375,0.055908203125,0.101318359375,22.0,33.0,8.0,5.2139724153668,9.142973571905062,8.294587462075325,Transient_Shock
4.614918361767195e-05,0.00010803012628457509,0.0004991351415810641,0.00679331904282965,0.010393754195889717,0.02234133258292943,0.033447265625,0.04833984375,0.103759765625,8.0,33.0,8.0,5.137169812307568,7.869502773846279,9.115805630861654,Transient_Shock
5.072573185316287e-05,0.00013595856944448315,0.0005833506002090871,0.0071221999307210454,0.011660127333973808,0.02415265203262547,0.03564453125,0.059326171875,0.127197265625,8.0,33.0,8.0,4.7527771051742445,6.905069435925584,7.8405435236011805,Transient_Shock
5.282087658997625e-05,0.00014659244334325194,0.0005631757521769032,0.007267797230934298,0.012107536633983477,0.023731324281988632,0.035888671875,0.05517578125,0.10546875,33.0,33.0,8.0,4.618707096452333,8.33559923306216,8.233646023204496,Transient_Shock
9.014413444674574e-05,0.00011879089288413525,0.0004594242200255394,0.009494426493830248,0.010899123491553586,0.021434183446670866,0.06396484375,0.055908203125,0.093994140625,22.0,33.0,8.0,6.3017962272019625,7.27842035843921,8.764105721830063,Transient_Shock
6.801067138439976e-05,0.000132739995024167,0.0005110975907882676,0.00824685827357302,0.011521284434652545,0.022607467589012872,0.038330078125,0.060546875,0.117431640625,8.0,33.0,8.0,4.8320414888507175,7.503452284774278,8.015071700777773,Transient_Shock
5.0033850129693747e-05,0.00011879443991347216,0.0005574757233262062,0.0070734609725150634,0.010899286211191638,0.023610923813485278,0.03271484375,0.05419921875,0.115966796875,33.0,33.0,8.0,4.077599475093021,9.77559858731473,7.540594974471322,Transient_Shock
5.544576561078429e-05,9.833136209635995e-05,0.0005949256847088691,0.007446191349326466,0.00991621712632191,0.024391098472780374,0.03662109375,0.04638671875,0.116455078125,8.0,33.0,8.0,4.97646409706436,9.363699188394458,7.972093433986021,Transient_Shock
5.606013291981071e-05,0.00010778439173009247,0.0005110615020385012,0.007487331495253213,0.010381926205193931,0.022606669414986836,0.04443359375,0.047607421875,0.093017578125,8.0,33.0,8.0,5.512243615801418,10.075971173117535,9.14528394323317,Transient_Shock
4.1599327232688665e-05,0.00011302944039925933,0.0005115083440614399,0.006449754044356161,0.010631530482449802,0.022616550224590838,0.036865234375,0.046875,0.102783203125,8.0,33.0,8.0,5.174703065903809,11.020115486496929,8.678216385282617,Transient_Shock
5.834968396811746e-05,0.00011298246681690216,0.0005019220079702791,0.0076386964835708365,0.010629321089180728,0.022403615957480593,0.040771484375,0.048583984375,0.103271484375,8.0,33.0,8.0,4.445516748732844,12.077035491638732,8.072739669506172,Transient_Shock
5.184538531466387e-05,0.00012053310638293624,0.0005315764537954237,0.007200373970472913,0.010978757050911375,0.023055941832755906,0.04296875,0.04931640625,0.116943359375,8.0,33.0,8.0,4.768410950428261,10.739726813294283,7.778054732368578,Transient_Shock
3.2599782571196556e-05,0.00010100845247507095,0.0004444033511390444,0.005709621928919335,0.010050296138675266,0.021080876431947615,0.031982421875,0.055908203125,0.089111328125,33.0,33.0,8.0,5.283857459851537,9.799080424873287,8.157127442063349,Transient_Shock
6.947614019736648e-05,0.00010406550427433103,0.0004785008350154385,0.008335234861560079,0.010201250132916603,0.021874661940597815,0.044921875,0.052001953125,0.095703125,8.0,33.0,8.0,4.238317153766987,9.624398360146655,8.540832033373187,Transient_Shock
5.136406980454922e-05,0.00012952781980857253,0.00048572526065981947,0.007166873084166429,0.011381028943314947,0.02203917558938672,0.033935546875,0.061279296875,0.110595703125,8.0,33.0,8.0,4.511208461988469,10.281482407417645,7.661824065433872,Transient_Shock
4.866154267801903e-05,0.00013139074144419283,0.0005122380680404603,0.00697578258534618,0.011462580051811758,0.022632676996777477,0.035888671875,0.054443359375,0.106201171875,8.0,33.0,8.0,4.49392367765872,10.90240822117245,7.646039985509187,Transient_Shock
6.319429667200893e-05,0.00011133073348901235,0.0004857580497628078,0.007949484050679575,0.0105513379952029,0.02203991945908169,0.04296875,0.0498046875,0.09423828125,33.0,33.0,8.0,4.428326053123204,10.306677139541087,8.310742089129247,Transient_Shock
5.469581446959637e-05,0.00012350034376140684,0.0004985079831385519,0.007395661868257389,0.01111307085199257,0.022327292337821707,0.03857421875,0.05029296875,0.094482421875,37.0,33.0,8.0,3.781759022568825,8.325741601342232,8.106506205143805,Transient_Shock
4.4790413085138425e-05,0.00014308780373539776,0.0005356093424779829,0.006692564014272738,0.011961931438333767,0.023143235350269912,0.039794921875,0.058349609375,0.11376953125,8.0,33.0,8.0,3.9192104105380583,7.096621510821299,6.5650001079049405,Transient_Shock
4.424401777214371e-05,0.00013032997958362103,0.0005226742323429789,0.006651617680846044,0.011416215641955132,0.02286206973007866,0.033935546875,0.05224609375,0.10302734375,33.0,33.0,8.0,4.367162865121186,7.079171979365143,6.994609797377921,Transient_Shock
4.419869219418615e-05,0.00013218302046880126,0.0005168578936718404,0.0066482096984215346,0.01149708747765282,0.022734508872457315,0.03515625,0.056396484375,0.106689453125,8.0,34.0,8.0,4.286957576813427,6.470314667795053,7.139630493531365,Transient_Shock
7.170941898948513e-05,0.0001249592169187963,0.0004817961271328386,0.008468141412936201,0.011178515863870137,0.02194985483170307,0.044677734375,0.04833984375,0.105712890625,13.0,33.0,8.0,4.709323256272816,9.370899090790537,7.749167838004311,Transient_Shock
5.966520620859228e-05,0.00013891687558498234,0.00046010856385692023,0.007724325615132513,0.011786300334921996,0.021450141348180442,0.038818359375,0.05419921875,0.08984375,13.0,33.0,8.0,5.595140688102461,10.146571423767986,8.211230396099475,Transient_Shock
5.09990168211516e-05,0.00012432917719706893,0.00047956592970876954,0.007141359591923068,0.011150299421857196,0.021898993805852578,0.041259765625,0.05859375,0.093505859375,8.0,33.0,8.0,5.637846517715951,9.338296284090275,10.357482267681885,Transient_Shock
4.754797191708349e-05,0.00011107982936664484,0.0004192004998913035,0.006895503746433866,0.010539441606017125,0.020474386435038863,0.038330078125,0.05029296875,0.089599609375,8.0,33.0,8.0,3.618554021002642,10.216521678842863,7.931922628412047,Transient_Shock
4.895693564321846e-05,0.00010254325752612203,0.00044732424066751264,0.006996923298366108,0.01012636447725056,0.021150041150492183,0.0361328125,0.0458984375,0.098388671875,8.0,33.0,8.0,4.152937688265021,11.259404076077733,9.181738505041926,Transient_Shock
6.150355329737067e-05,9.881061487249099e-05,0.0004421302437549457,0.007842420117372613,0.009940352854526392,0.02102689334530771,0.04248046875,0.04150390625,0.09033203125,33.0,33.0,8.0,4.574272866666669,11.33533217006512,8.90183612834677,Transient_Shock
5.007025538361631e-05,0.00010604789349599741,0.0005277994750940707,0.007076033873831888,0.010297955792097644,0.02297388680859359,0.0400390625,0.051513671875,0.10791015625,8.0,33.0,8.0,4.905933813935229,9.439963247410946,7.8850780782691015,Transient_Shock
4.912818258162588e-05,0.00012048031203448772,0.0005175579426577315,0.007009149918615372,0.010976352401161677,0.02274989983841097,0.041015625,0.0546875,0.106689453125,33.0,33.0,8.0,4.735702967576548,11.340035593868691,7.425505496610535,Transient_Shock
8.468303349218331e-05,0.00012375750520732254,0.0006010556680848822,0.009202338479548735,0.011124635059511953,0.024516436692245513,0.047607421875,0.0556640625,0.11083984375,21.0,33.0,8.0,4.238004670995743,10.422999977367366,7.929311278787581,Transient_Shock
6.573028804268688e-05,0.00010248407124890946,0.0006552185477630701,0.008107421787639206,0.010123441670149015,0.02559723711190468,0.0341796875,0.04443359375,0.123779296875,33.0,33.0,8.0,5.104352704343485,9.881092580012051,7.708335990028025,Transient_Shock
4.703149534179829e-05,0.00010081937944050878,0.0005368827696656808,0.006857951249593299,0.010040885391264496,0.02317073088328637,0.03515625,0.0458984375,0.10107421875,8.0,33.0,8.0,5.425404611998216,11.410648973258143,8.66172396340104,Transient_Shock
8.687201989232562e-05,0.0001168956769106444,0.00047694984459667467,0.009320516074355842,0.010811830414441599,0.021839181408575613,0.059326171875,0.052001953125,0.100341796875,21.0,33.0,8.0,5.49709651413545,10.658913893156733,8.396634809591081,Transient_Shock
5.270131805445999e-05,0.00010779621879919432,0.0004724887548945844,0.007259567346230765,0.01038249578854691,0.02173680645574654,0.0380859375,0.048095703125,0.09521484375,8.0,33.0,8.0,4.587639796076897,9.561672779912858,7.985531078123757,Transient_Shock
4.0784503653412685e-05,0.00010480530545464717,0.00040265428469865583,0.006386274630284286,0.010237446236960034,0.020066247399517824,0.0341796875,0.05419921875,0.0830078125,33.0,33.0,8.0,4.7958882632244375,11.31011061199951,8.608756882850306,Transient_Shock
4.042748696519993e-05,0.00011343898586346768,0.0005370866856537759,0.00635826131620901,0.010650773956077919,0.023175130758072884,0.03515625,0.045166015625,0.10107421875,8.0,33.0,8.0,5.175468525121663,11.336256333059366,9.004959990986837,Transient_Shock
3.403679875191301e-05,9.590223999111913e-05,0.00042346855843788944,0.0058341065084478025,0.009792968905858894,0.020578351693901275,0.031005859375,0.050048828125,0.097412109375,8.0,33.0,8.0,5.990302721142794,10.186797739381463,9.268487431812584,Transient_Shock
4.037737016915344e-05,0.00013426545774564147,0.00045522813161369413,0.006354319016948507,0.011587297258016705,0.021336075825083067,0.029296875,0.06201171875,0.09228515625,8.0,33.0,8.0,5.436206388266751,10.019659945458734,8.832635263952975,Transient_Shock
3.373622530489229e-05,9.405855962540954e-05,0.00038902711457922123,0.0058082893613259565,0.009698379226726986,0.019723770293207668,0.032470703125,0.04296875,0.083740234375,33.0,33.0,8.0,4.9626168815979135,11.712075358786933,9.742075198078185,Transient_Shock
3.268336513428949e-05,9.623878577258438e-05,0.00042427132939337753,0.005716936691471184,0.009810136888575224,0.02059784768837214,0.029052734375,0.0478515625,0.08837890625,8.0,33.0,8.0,5.470589308435151,12.150829463961092,9.266831678433576,Transient_Shock
3.3950982469832525e-05,9.785592192201875e-05,0.00040116626769304276,0.005826747160280127,0.009892215218140918,0.020029135470435132,0.027099609375,0.047607421875,0.084716796875,8.0,33.0,8.0,5.879080444171389,12.752014381952646,9.555397051394095,Transient_Shock
3.909703445970081e-05,9.793828940019011e-05,0.00040375292519456707,0.0062527621464198374,0.009896377589814877,0.020093604086737826,0.03271484375,0.04638671875,0.090576171875,8.0,33.0,8.0,5.356122311199401,11.620147485021665,9.442691815859384,Transient_Shock
5.737593164667487e-05,0.00011812400407507084,0.00041844413135549985,0.007574690201366315,0.010868486742645954,0.020455907003980534,0.0341796875,0.052734375,0.086669921875,14.0,33.0,8.0,4.924326722470014,10.815280825054677,9.634150176838974,Transient_Shock
4.320297375670634e-05,0.00013636352014145814,0.0004427637759363279,0.006572896907506335,0.011677479186085417,0.02104195275957837,0.034423828125,0.047119140625,0.091064453125,33.0,33.0,8.0,5.202127125219991,12.081726188863419,8.755263865385025,Transient_Shock
7.387947698589414e-05,0.00013013346688239835,0.0005196411475481,0.008595317154468133,0.011407605659488689,0.022795638783506374,0.0556640625,0.050048828125,0.1064453125,33.0,33.0,8.0,4.758456078464321,12.63683673459299,7.821312021960224,Transient_Shock
5.1348411943763494e-05,0.00013379353549680673,0.00046955927973613143,0.007165780623474563,0.011566915556742286,0.02166931654981604,0.03271484375,0.056396484375,0.0908203125,33.0,33.0,8.0,4.245663898378946,12.093852653477763,7.973352422166355,Transient_Shock
7.472166544175707e-05,0.00010681977437343448,0.0004486688267206773,0.008644169447769813,0.010335365226901006,0.021181804142250897,0.048583984375,0.047119140625,0.090576171875,22.0,33.0,8.0,5.7213254375361595,12.085652094631598,8.378498770469776,Transient_Shock
6.124996798462234e-05,0.00011389751671231352,0.0005017951916670427,0.007826235875861546,0.01067227795329158,0.022400785514509143,0.041015625,0.048095703125,0.0986328125,8.0,33.0,8.0,4.905248378858961,11.485693470694505,8.235102285666411,Transient_Shock
6.52503476885613e-05,0.00011765345698222518,0.0004725942708319053,0.008077768732054744,0.010846817827465582,0.021739233446281064,0.0390625,0.045166015625,0.0908203125,14.0,33.0,8.0,6.466687992248876,11.256931044725526,7.818601950739613,Transient_Shock
0.1700071676712014,0.03822237054919242,0.007322761168325087,0.4123192545482219,0.19550542332424545,0.08557313344926132,3.99993896484375,1.7744140625,1.00732421875,20.0,34.0,17.0,3.2307001926935794,4.040104486008234,2.5084441554451073,Transient_Shock
0.0005700485780835152,0.00014497755546472035,0.0005517632489500102,0.023875690106958482,0.012040662584123863,0.023489641311650763,0.144287109375,0.060302734375,0.111572265625,20.0,33.0,8.0,4.58913358406851,5.246148741598914,7.523688487423127,Transient_Shock
0.00012167518434580415,0.0001279812386201229,0.0004484396740735974,0.011030647503469783,0.011312879324916486,0.02117639426516227,0.064453125,0.060546875,0.091796875,22.0,33.0,8.0,4.433537548358668,5.72211956491922,7.634504376206459,Transient_Shock
6.948805821593851e-05,0.0001510442489234265,0.0005195726371312048,0.008335949748885157,0.012290006058722124,0.022794136025109723,0.05126953125,0.06298828125,0.103271484375,14.0,34.0,8.0,3.930774562076478,6.804307889579409,6.447019355405578,Transient_Shock
0.12816327670202554,0.009014980019856011,0.005882863639271818,0.35799898980587297,0.09494724861656609,0.07669982815672939,3.99993896484375,1.0673828125,0.783447265625,17.0,33.0,42.0,2.4749419797923107,3.5587443342106275,2.5435647461864006,Transient_Shock
0.003876747123285895,0.0005782153457403183,0.0015468653291463852,0.062263529640439554,0.024046108744250456,0.03933020886222682,0.498291015625,0.15185546875,0.21630859375,20.0,34.0,3.0,4.755364506695816,4.57907101617604,8.194741241026929,Transient_Shock
0.0005500933875737246,0.00024340656455024146,0.0006724039230903145,0.023454069744368984,0.015601492382148622,0.025930752459007327,0.123291015625,0.08251953125,0.138671875,6.0,7.0,8.0,7.245981487187462,5.175590739972225,5.399612603019541,Transient_Shock
9.948969454853795e-05,0.00013525033136829734,0.0004866587551077828,0.009974452092648396,0.011629717596240131,0.022060343494782277,0.052978515625,0.05712890625,0.10302734375,6.0,34.0,8.0,4.759678788813887,7.183354011098351,6.901611127805366,Transient_Shock
0.2678037017094539,0.038814721741800895,0.020292381228500744,0.5174975378776733,0.1970145216520876,0.14245132933216434,3.99993896484375,2.077392578125,1.59423828125,12.0,28.0,42.0,2.4079841853644783,3.080332990212153,2.0133631046533798,Transient_Shock
0.0018519235163694248,0.00047954868932720274,0.0017238653927051928,0.04303398094958709,0.02189860016821173,0.04151945800110104,0.21630859375,0.09228515625,0.201171875,6.0,6.0,3.0,7.0307823908810665,6.6121518029234245,9.019412026750647,Transient_Shock
0.0004788119695149362,0.00019478588365018368,0.0005672998922818806,0.021881772540517284,0.013956571342926015,0.023818058113160286,0.0986328125,0.0673828125,0.11572265625,6.0,33.0,8.0,8.1680639541414,7.468188878297216,7.375081912657247,Transient_Shock
0.00013618412413052283,0.00016199745004996657,0.0004855722618231084,0.011669795376548933,0.012727821889465871,0.022035704250672552,0.054443359375,0.06396484375,0.09716796875,6.0,33.0,8.0,4.9390680300488095,9.316168337932387,9.404714540183459,Transient_Shock
6.469059735536575e-05,0.0001304740690102335,0.000436406957305735,0.008043046522019237,0.011422524633820385,0.020890355605056966,0.047119140625,0.051513671875,0.086181640625,13.0,33.0,8.0,4.129619874810547,12.223140588876378,9.272850304567356,Transient_Shock
4.928692942485213e-05,0.00011986028403043747,0.00048551809959462844,0.00702046504334664,0.010948072160450783,0.022034475251174655,0.04052734375,0.05029296875,0.08984375,8.0,33.0,8.0,6.633064563165443,13.219931308441472,8.79318425615324,Transient_Shock
3.740261308848858e-05,0.0001289378706132993,0.0004500967770582065,0.00611576757966558,0.011355081268458597,0.02121548437010587,0.034912109375,0.0517578125,0.0888671875,8.0,33.0,8.0,5.216347757027917,10.157163547585416,9.337619715083681,Transient_Shock
4.680897109210491e-05,0.00011898332377313636,0.0005024555684940424,0.0068417081998653605,0.010907947734250306,0.022415520705396125,0.03759765625,0.05029296875,0.10693359375,42.0,33.0,8.0,4.8965944321082535,10.388458426189713,7.526470524868913,Transient_Shock
5.4009477025829256e-05,0.00012338871238171123,0.0004840734036406502,0.007349114029992272,0.011108047190290075,0.022001668201312604,0.038818359375,0.048583984375,0.087890625,8.0,33.0,8.0,5.614352218754511,11.77404710740999,8.384757039918535,Transient_Shock
4.929676651954651e-05,0.0001294067915296182,0.00043120629561599344,0.007021165609750742,0.01137571059449115,0.02076550735272301,0.037353515625,0.048583984375,0.090087890625,33.0,33.0,8.0,4.430166060962543,11.90265213411986,8.500586135898226,Transient_Shock
8.478551171720028e-05,0.00013000669059692882,0.0004774033404828515,0.009207904849486678,0.011402047649300927,0.021849561562714514,0.04638671875,0.056396484375,0.095703125,22.0,33.0,8.0,5.322994020974726,11.815405017187429,8.631000911361308,Transient_Shock
9.151029735221528e-05,0.00011717612142092548,0.0005126119940541685,0.009566101470934504,0.010824791980492073,0.02264093624508864,0.059326171875,0.05029296875,0.105712890625,21.0,33.0,8.0,4.047869732714329,11.873059763368556,7.61851570902947,Transient_Shock
7.138246655813418e-05,0.00011121225179522298,0.0004898523329757154,0.008448814506079191,0.010545721966523819,0.02213260791176032,0.044677734375,0.048095703125,0.093994140625,14.0,33.0,8.0,4.713434064243315,12.958672161615997,8.80720140626222,Transient_Shock
6.359876351780258e-05,0.00012985913417651318,0.00045956845497130416,0.00797488329179823,0.011395575201652314,0.021437547783534017,0.04052734375,0.05615234375,0.09716796875,33.0,33.0,8.0,5.260666887833571,12.54826761162412,8.58654618085436,Transient_Shock
7.522615123889409e-05,0.00011918507516384125,0.000470573766506277,0.00867330105778037,0.010917191725157219,0.02169271229022035,0.049072265625,0.048583984375,0.09326171875,33.0,33.0,8.0,4.355454052192417,11.15639527901735,9.197246221423221,Transient_Shock
6.353459320962429e-05,0.00011619459837675095,0.00042342696906416677,0.007970859000736638,0.010779359831490502,0.020577341156334236,0.041748046875,0.053466796875,0.088623046875,21.0,33.0,8.0,4.210709413069367,11.369433655196362,9.140966090165868,Transient_Shock
3.860978176817298e-05,0.00011666776481433772,0.00037427470306283794,0.006213676992584421,0.01080128533158613,0.019346180580746112,0.03271484375,0.042236328125,0.0751953125,8.0,33.0,8.0,5.9021243132943635,12.37429480455173,10.25453048447819,Transient_Shock
6.007657793816179e-05,0.00012860306014772505,0.0004360614657343831,0.007750908200860193,0.011340328925905327,0.020882084803351967,0.037109375,0.053955078125,0.10888671875,13.0,33.0,8.0,5.357691541182349,11.509503876129465,8.109459408757614,Transient_Shock
4.3327396269887686e-05,0.00011617946438491344,0.0003580793127184734,0.006582354918255904,0.010778657819270145,0.018922983716065322,0.035400390625,0.051513671875,0.081298828125,13.0,33.0,8.0,4.764271289836501,11.56968707392042,9.02223423448055,Transient_Shock
8.059594256337732e-05,0.00012585203148773871,0.000367435652151471,0.008977524300350143,0.011218379182740202,0.019168611116913793,0.043701171875,0.049072265625,0.0849609375,22.0,33.0,8.0,5.574368426313661,11.081217685961473,8.83382693698299,Transient_Shock
5.600122676696628e-05,0.00013416140791377984,0.00045213501653051935,0.007483396739914721,0.011582806564636217,0.021263466710076215,0.033447265625,0.0537109375,0.09423828125,33.0,33.0,8.0,4.727879627536902,11.850302447493577,9.130443707228483,Transient_Shock
4.58273570984602e-05,0.0001433666875527706,0.0004384304484119639,0.006769590615278017,0.011973582903741495,0.020938730821421912,0.035888671875,0.05029296875,0.093994140625,8.0,33.0,8.0,4.155002033442011,10.225777039163637,8.86067290271548,Transient_Shock
5.0584887503646314e-05,0.00010808923980221152,0.00038744276025681756,0.007112305357874218,0.01039659751083072,0.019683565740404294,0.033935546875,0.048095703125,0.089111328125,8.0,33.0,8.0,5.505089830528187,11.132556712036846,9.457758101339717,Transient_Shock
6.752667468390428e-05,0.00010100839426741004,0.0004150224522163626,0.008217461571793584,0.01005029324285665,0.02037209984798726,0.043212890625,0.046875,0.09423828125,12.0,33.0,8.0,4.847989587766728,11.732776990670395,8.915003468549486,Transient_Shock
4.9430978833697736e-05,9.77324671112001e-05,0.0003979694993176963,0.007030716807957617,0.00988597325058085,0.01994917289808518,0.037841796875,0.043701171875,0.083740234375,8.0,33.0,8.0,5.766272136083172,12.078232943238678,10.23927553180736,Transient_Shock
6.097437290009111e-05,7.812207331880927e-05,0.0003702427457028534,0.00780860889660195,0.008838669205191994,0.019241692901167853,0.040771484375,0.038818359375,0.0859375,35.0,33.0,8.0,4.603428460293374,11.83535998421893,9.731583471451074,Transient_Shock
5.780054198112339e-05,0.00010025116716860794,0.0003720191562024411,0.007602666767728505,0.010012550482699598,0.01928779811700758,0.039306640625,0.04638671875,0.0859375,8.0,33.0,8.0,4.89787052681404,12.367822183322469,9.607944562697773,Transient_Shock
3.761960761039518e-05,8.393681127927266e-05,0.00036341953091323376,0.006133482502656641,0.009161703514045445,0.019063565535157208,0.029541015625,0.04150390625,0.087646484375,8.0,33.0,8.0,6.04269119369289,12.519080144312875,9.655016714451582,Transient_Shock
6.678943464066833e-05,0.00011212214303668588,0.0004366065695649013,0.008172480323663578,0.010588774387845171,0.020895132676412975,0.03955078125,0.046142578125,0.089599609375,13.0,33.0,8.0,5.864042924658691,13.202339190904967,9.427031145372556,Transient_Shock
6.647809277637862e-05,0.00011416710913181305,0.00043187386108911596,0.008153409886444972,0.010684900988395403,0.02078157503869993,0.04833984375,0.04931640625,0.0927734375,8.0,33.0,8.0,4.335160905329379,13.104603773649156,9.311916087264068,Transient_Shock
4.611111944541335e-05,0.00011805501708295196,0.0004588823903759476,0.006790516876159969,0.010865312562598093,0.021421540336211763,0.033447265625,0.04736328125,0.0947265625,8.0,33.0,8.0,4.915220116960468,11.920263397336086,9.306362763684707,Transient_Shock
8.455522765871137e-05,0.00012178968972875737,0.0004386038599477615,0.009195391653361557,0.01103583661209051,0.020942871339617246,0.039306640625,0.057373046875,0.08837890625,12.0,33.0,8.0,5.812055713512059,11.053375738135188,9.475754203425923,Transient_Shock
6.184400626807474e-05,0.00012649543350562453,0.0005266008338367101,0.007864096023579235,0.011247018871933332,0.02294778494401388,0.034423828125,0.0517578125,0.105224609375,13.0,33.0,8.0,5.844099992645789,11.926831764266144,8.380963604998316,Transient_Shock
5.5704134865663946e-05,0.00010899276458076201,0.00045300355122890323,0.00746352027301219,0.010439959989423427,0.021283880079273686,0.04150390625,0.04296875,0.091796875,13.0,33.0,8.0,3.601255651007754,12.369014778077789,8.508842888414451,Transient_Shock
5.365171455196105e-05,0.00013843070701113902,0.0005062887794338167,0.007324733070355605,0.011765657950626434,0.022500861748693462,0.040771484375,0.057373046875,0.10791015625,13.0,33.0,8.0,5.474751080364995,10.902813200305818,7.691572560743742,Transient_Shock
5.057628368376754e-05,0.00011564568558242172,0.00046454496623482555,0.007111700477647209,0.010753868400832405,0.021553305227617076,0.038818359375,0.052490234375,0.096923828125,33.0,33.0,8.0,5.324924610922462,11.592258413071963,8.478314164085727,Transient_Shock
5.020292883273214e-05,0.00015071784946485423,0.0005645757446472999,0.0070854025173402915,0.012276719816989155,0.023760802693665463,0.034423828125,0.054931640625,0.102294921875,33.0,33.0,8.0,5.257253568498629,11.81850804818765,8.379714405097758,Transient_Shock
6.0518879763549194e-05,0.00011503425412229262,0.00046294915591715835,0.007779388135550841,0.010725402282538992,0.021516253296453784,0.045166015625,0.053955078125,0.099609375,8.0,33.0,8.0,5.213112787169283,10.45760655680279,8.866198490480715,Transient_Shock
3.925786222680472e-05,0.00015003274893388152,0.000529872122569941,0.00626560948566097,0.012248785610577137,0.0230189513785911,0.032470703125,0.05078125,0.094970703125,8.0,33.0,8.0,4.826542599942828,11.291673890875224,8.533885523741873,Transient_Shock
4.8357469495385885e-05,0.00011203044778085314,0.0005407741373346653,0.006953953515474912,0.01058444366893476,0.023254550895140187,0.03271484375,0.053955078125,0.103759765625,8.0,33.0,8.0,5.431791957654132,11.030225384246048,7.772296292376188,Transient_Shock
4.9037145799957216e-05,0.0001084242103388533,0.0005515174088941421,0.007002652768769648,0.010412694672314813,0.023484407782487133,0.036865234375,0.046630859375,0.10009765625,33.0,33.0,8.0,5.301763453914018,11.031658561495517,7.905712979800788,Transient_Shock
6.666447734460235e-05,0.00013153988038538955,0.0005675258435076103,0.008164831740128045,0.011469083676797791,0.023822800916508752,0.04052734375,0.059326171875,0.1083984375,33.0,33.0,8.0,4.206396682387482,9.837289417555063,7.484569490484484,Transient_Shock
5.405860429164022e-05,0.00011770249329856597,0.0005696120460925158,0.007352455664037711,0.01084907799301701,0.023866546589159394,0.03564453125,0.05126953125,0.103759765625,8.0,33.0,8.0,4.395399980089562,10.673764909525328,8.634663495679865,Transient_Shock
6.624401066801511e-05,0.0001418603933416307,0.0006559846078744158,0.008139042367994844,0.011910516082086061,0.02561219646719929,0.037353515625,0.05322265625,0.126220703125,33.0,33.0,8.0,5.724501539226989,11.608471163799392,7.59324911894053,Transient_Shock
3.945216303691268e-05,0.00011072467532358132,0.0005552850743697491,0.00628109568760998,0.010522579309446013,0.023564487568579737,0.032470703125,0.044921875,0.1044921875,33.0,33.0,8.0,6.285100244932561,12.222173779740842,8.040454311964238,Transient_Shock
4.414064096636139e-05,0.00010472212670720182,0.0005822479142807424,0.006643842334550195,0.010233382955171854,0.024129813805347573,0.034912109375,0.046875,0.111572265625,33.0,33.0,8.0,5.522255190748267,12.174651041661187,8.174521224703911,Transient_Shock
3.64509760402143e-05,0.00011205832925043069,0.0004989895387552679,0.0060374643717552735,0.010585760683599016,0.02233807374764592,0.034423828125,0.056640625,0.09912109375,33.0,33.0,8.0,5.074089016745684,10.403981285886688,8.150140397183065,Transient_Shock
5.439092274173163e-05,9.757767838891596e-05,0.0005809034009871539,0.007375020185852486,0.009878141444063045,0.024101937701918364,0.036865234375,0.046875,0.103271484375,33.0,33.0,8.0,5.632658621302503,11.91202142004995,7.928626561135805,Transient_Shock
6.148218744783662e-05,0.0001444720801373478,0.0005936622474109754,0.007841057801587527,0.01201965391088062,0.024365185150352856,0.03662109375,0.05712890625,0.1201171875,8.0,33.0,8.0,4.63192290229196,11.9863107136726,7.4166536158759415,Transient_Shock
5.6277596740983427e-05,0.00013356835916056298,0.0004980292724212632,0.007501839557134199,0.011557177819890243,0.022316569459064788,0.037841796875,0.0537109375,0.106689453125,8.0,33.0,8.0,5.139669449994771,9.354473020333272,8.040161268227545,Transient_Shock
5.389979560277425e-05,0.0001106146810343489,0.00046717043733224273,0.007341648016812999,0.010517351426777984,0.02161412587481258,0.034423828125,0.04443359375,0.10791015625,33.0,33.0,8.0,4.3065935885068285,8.80811669985797,8.403308014095982,Transient_Shock
4.619598257704638e-05,0.00010085990288644098,0.00046365555317606777,0.006796762654164582,0.010042903110477615,0.021532662472998267,0.03369140625,0.044189453125,0.100341796875,12.0,33.0,8.0,4.951134251157716,10.439299704650983,8.038442498919416,Transient_Shock
5.826573760714382e-05,0.00012927269199281,0.000535140043211868,0.007633199696532498,0.011369814949805032,0.02313309411237217,0.043212890625,0.050048828125,0.0986328125,8.0,33.0,8.0,5.642608723365222,11.077886367769832,8.935768986473443,Transient_Shock
4.9113514251075685e-05,0.00012295457054278813,0.00048258821698254906,0.0070081034703460025,0.011088488199154478,0.02196789059018979,0.043212890625,0.05810546875,0.09423828125,8.0,33.0,8.0,5.4539409513503125,11.75627908302003,8.274903204877058,Transient_Shock
6.0746093367924914e-05,0.00010672612916096114,0.0004633042117347941,0.0077939780194663695,0.010330833904431971,0.0215245025897184,0.038818359375,0.05029296875,0.101806640625,8.0,33.0,8.0,4.776932585760572,12.1506622048148,9.803161964699656,Transient_Shock
6.688673965982161e-05,0.00013491001664078794,0.0005253739655017853,0.008178431369145407,0.011615077125907858,0.022921037618349332,0.042724609375,0.053955078125,0.1220703125,33.0,33.0,8.0,4.066422611382809,11.327940091218778,7.696457009179388,Transient_Shock
9.966775542125106e-05,9.757425505085848e-05,0.0004946846129314508,0.009983373949785266,0.009877968164094197,0.022241506534662864,0.05078125,0.042236328125,0.104736328125,13.0,33.0,8.0,5.602184422271956,10.224264711238254,9.095042160122576,Transient_Shock
6.305344504653476e-05,0.00013873466741642915,0.0005074640357634053,0.007940619940945087,0.011778568139482368,0.022526962417587625,0.037841796875,0.05517578125,0.098388671875,8.0,33.0,8.0,4.520579850683171,12.98119140554545,7.885580492672515,Transient_Shock
7.52999767428264e-05,0.00012635462553589605,0.0004868826326855924,0.008677555919890485,0.011240757338182158,0.022065417120136033,0.04052734375,0.051513671875,0.103759765625,8.0,33.0,8.0,4.264887520855426,11.2397188227877,8.393918589418012,Transient_Shock
7.336848284467123e-05,0.00010701209248509258,0.0004275451610737946,0.008565540429224021,0.010344664928604143,0.020677165208843173,0.04443359375,0.053955078125,0.1044921875,8.0,33.0,8.0,4.160532949549414,9.652757595131586,8.969549700600377,Transient_Shock
8.773209628998302e-05,0.0001093780119845178,0.0005761898210039362,0.009366541319504389,0.010458394331087244,0.02400395427849204,0.0517578125,0.04833984375,0.108642578125,21.0,33.0,8.0,4.2586674007262,9.831018463798078,8.320787823207334,Transient_Shock
7.854227078496478e-05,0.00011229028677917086,0.0005744565278291702,0.008862407730688358,0.010596711130306934,0.023967822759465872,0.045166015625,0.048095703125,0.1162109375,12.0,33.0,8.0,3.9188307131485134,10.919852743361446,6.823521498406844,Transient_Shock
6.786127050872892e-05,0.00011169444769620895,0.000511855585500598,0.008237795245618145,0.010568559395499888,0.022624225633170254,0.044189453125,0.05908203125,0.10009765625,33.0,33.0,8.0,4.4708854841671775,11.688598964104443,7.923384458850096,Transient_Shock
6.478348223026842e-05,0.00012378381507005543,0.0005112028302391991,0.008048818685389082,0.011125817501202121,0.0226097950065718,0.04443359375,0.049560546875,0.095947265625,21.0,33.0,8.0,4.463036509822051,12.859468283736902,8.000905769147531,Transient_Shock
9.79279720922932e-05,0.00012901704758405685,0.0005019814125262201,0.009895856309197967,0.011358567144849603,0.02240494169879092,0.046630859375,0.051513671875,0.08984375,13.0,33.0,8.0,6.8209635810572085,11.869874730080248,8.148019966444798,Transient_Shock
6.770857362425886e-05,0.00013442708586808294,0.0004540578775049653,0.008228521958666626,0.011594269527144992,0.021308633872328966,0.050048828125,0.052978515625,0.091796875,21.0,33.0,8.0,4.420910772223514,11.00959915080657,7.616068588062591,Transient_Shock
4.881397762801498e-05,0.00011635092960204929,0.0005115836938784923,0.006986700052815705,0.010786608809169325,0.02261821597470703,0.03466796875,0.052978515625,0.10791015625,33.0,33.0,8.0,4.03855697591673,11.22096642110175,7.21586192972874,Transient_Shock
6.064720219001174e-05,0.00011204543625353836,0.00047255129538825713,0.007787631359406514,0.010585151687790702,0.021738244993289066,0.037841796875,0.0478515625,0.106689453125,33.0,33.0,8.0,4.422471279441327,11.399464142430913,8.094354348144744,Transient_Shock
6.376742385327816e-05,0.00012595899170264602,0.0005087661229481455,0.007985450760807316,0.011223145356924057,0.022555844540786886,0.043701171875,0.047119140625,0.093994140625,33.0,33.0,8.0,4.419418003871014,12.20451037841114,8.72266386882004,Transient_Shock
5.926351514062844e-05,0.00010304589159204625,0.000433185588917695,0.007698280011835659,0.01015115222977403,0.020813110986051438,0.03466796875,0.0537109375,0.09423828125,8.0,33.0,8.0,4.231985703261605,11.633546276618418,7.983884437438663,Transient_Shock
6.788823520764709e-05,0.00012859230628237128,0.00042347190537839197,0.008239431728441415,0.011339854773425067,0.020578433015620796,0.0419921875,0.0498046875,0.113037109375,8.0,33.0,8.0,4.771148330498373,11.031688776352459,8.359771964043038,Transient_Shock
4.490242281462997e-05,0.00013162483446649276,0.00046850483340676874,0.006700927011588021,0.01147278669140557,0.02164497247415133,0.03271484375,0.057861328125,0.102294921875,33.0,33.0,8.0,5.041010232408645,11.77981589766486,8.113843503912062,Transient_Shock
8.350890129804611e-05,0.0001296723166888114,0.0005744482878071722,0.009138320485627877,0.011387375320450775,0.023967650861258225,0.047119140625,0.049072265625,0.11474609375,22.0,33.0,8.0,6.5938659029525235,10.84616685781834,8.261724872779546,Transient_Shock
7.524044121964835e-05,0.00010597321306704544,0.00045955064706504345,0.008674124810011,0.010294329170327002,0.02143713243568373,0.05419921875,0.049560546875,0.092041015625,13.0,33.0,8.0,4.8360192316678505,10.808749952354288,7.9653941890985935,Transient_Shock
5.275091098155826e-05,0.00012746292850351892,0.0004990300512872636,0.007262982237453033,0.01128994811784,0.02233898053375005,0.034912109375,0.05322265625,0.08935546875,13.0,33.0,8.0,4.561041434899244,10.359695870320776,7.776786338660368,Transient_Shock
5.606369813904166e-05,0.00011482460831757635,0.0004794124834006652,0.007487569574904908,0.010715624494987511,0.021895490024218804,0.039794921875,0.047119140625,0.093994140625,13.0,33.0,8.0,4.4430042245373205,10.390859519948883,8.211821110728827,Transient_Shock
8.666211215313524e-05,0.00012004817835986614,0.00047193094724207185,0.009309248742682475,0.010956649960634232,0.021723971718865587,0.062255859375,0.052001953125,0.0927734375,22.0,33.0,8.0,4.573887095926335,9.361701862000212,7.933210733312375,Transient_Shock
6.795156514272094e-05,0.0001407663476129528,0.00047726318007335067,0.008243273933500023,0.011864499467442897,0.021846353930881707,0.043701171875,0.064208984375,0.096923828125,8.0,33.0,8.0,4.759914594751946,7.091888270548773,7.391591566234207,Transient_Shock
6.957001460250467e-05,0.00010460148041602224,0.00045179366134107113,0.008340864140033974,0.010227486515074085,0.021255438394469098,0.046142578125,0.04541015625,0.094482421875,14.0,33.0,8.0,6.939588762184936,7.179395022240075,7.966945509227585,Transient_Shock
0.00019591761520132422,0.00014827237100689672,0.0004395403520902619,0.013997057376510401,0.012176714294377475,0.020965217673333657,0.0595703125,0.061767578125,0.094482421875,14.0,33.0,8.0,13.626349513562669,8.168577225327283,7.496308942171281,Transient_Shock
0.00020480573584791273,0.00012311612954363227,0.00043384957825765014,0.014311035456874276,0.011095770795381106,0.020829056105778055,0.06005859375,0.0517578125,0.103515625,14.0,33.0,8.0,12.227508999529404,8.835443331256096,8.14999276109484,Transient_Shock
8.522480493411422e-05,0.0001136797945946455,0.00044028715637978166,0.009231728166173125,0.010662072715689266,0.020983020668621132,0.04150390625,0.04541015625,0.088134765625,14.0,33.0,8.0,8.508816836764233,8.216484174410825,7.834277950550391,Transient_Shock
4.567945143207908e-05,0.0001117454630730208,0.0004305471338739153,0.006758657516998407,0.01057097266447231,0.020749629728597938,0.036865234375,0.0498046875,0.08740234375,8.0,33.0,8.0,4.968599640330207,6.77946489092751,7.246469250231644,Transient_Shock
4.655838347389363e-05,0.00011479813474579714,0.00046006164848222397,0.006823370389616383,0.010714389144780824,0.021449047729030394,0.035400390625,0.05517578125,0.09814453125,8.0,33.0,8.0,4.114802431158706,8.011188322699525,7.284300993863465,Transient_Shock
4.535168409347534e-05,0.00010993983596563339,0.0004749420186271891,0.006734365901365572,0.010485219881606365,0.021793164493188893,0.043212890625,0.049072265625,0.09375,33.0,33.0,8.0,4.123947292835065,9.393872261251676,7.595494631915032,Transient_Shock
5.5434702517231926e-05,0.0001194532960653305,0.0004682759717979934,0.007445448442990652,0.010929469157526843,0.021639685113189457,0.037841796875,0.05517578125,0.0947265625,14.0,33.0,8.0,6.522783541675572,8.85259593498708,8.270596946561815,Transient_Shock
4.548713332042098e-05,0.00012400071136653423,0.0004738839197671041,0.006744414972436155,0.011135560666914542,0.021768875023002544,0.031494140625,0.05712890625,0.08984375,14.0,33.0,8.0,5.0536551427091645,8.915662839193354,7.113583093980714,Transient_Shock
4.760123556479812e-05,0.00012033407983835787,0.0004972090500814375,0.006899364866768398,0.01096968914046145,0.02229818490553519,0.034912109375,0.048095703125,0.095703125,14.0,33.0,8.0,4.185237561030985,9.26991744896359,7.367389996341455,Transient_Shock
9.118532398133539e-05,0.00017018310245475732,0.0006942847830941901,0.009549100689663682,0.013045424579321185,0.026349284299467986,0.06494140625,0.061767578125,0.1220703125,20.0,33.0,8.0,3.992110533839336,8.077410039060904,5.856349320850571,Transient_Shock
5.55002479813993e-05,0.00010894276420003735,0.00042100989958271384,0.00744984885627885,0.01043756505129608,0.02051852576533494,0.034912109375,0.04541015625,0.091796875,14.0,33.0,8.0,4.4811937298186955,9.477485324690225,8.577988764875949,Transient_Shock
6.354272773023695e-05,0.00012561812764033675,0.000521378533449024,0.007971369250651793,0.01120794930575334,0.022833714841195334,0.042236328125,0.052490234375,0.093505859375,14.0,33.0,8.0,5.833854422579495,9.3779745575872,7.994542224443392,Transient_Shock
6.475421469076537e-05,0.00013624547500512563,0.00048558412527199835,0.008047000353595454,0.01167242369883503,0.022035973435997745,0.038818359375,0.048095703125,0.092529296875,14.0,33.0,8.0,6.789890567523615,11.084023742747577,6.825839805221422,Transient_Shock
6.0518792452057824e-05,0.00013793666948913597,0.0004963324718119111,0.007779382523829113,0.011744644289595832,0.022278520413436597,0.0419921875,0.057861328125,0.098388671875,8.0,33.0,8.0,4.005852474726452,10.500286843368865,7.888918274193377,Transient_Shock
7.904681478976272e-05,0.00012713168689515442,0.0005075660155853257,0.008890827564954948,0.011275268816979683,0.022529225809719375,0.044677734375,0.0546875,0.097412109375,14.0,33.0,8.0,7.560294108947328,8.130368914116548,8.119584649784514,Transient_Shock
6.534880958497524e-05,0.000164691693498753,0.0006993252172833309,0.008083861056758413,0.012833226153183502,0.02644475784126848,0.04248046875,0.067626953125,0.119140625,3.0,33.0,8.0,4.337793337274047,7.207532130883625,6.385685545722835,Transient_Shock
8.129694833769463e-05,0.00012198157128295861,0.00040383467785432003,0.009016482037784728,0.011044526756858287,0.020095638279346094,0.044189453125,0.052734375,0.10302734375,14.0,33.0,8.0,9.035207956759598,7.975063464261369,8.236125703281731,Transient_Shock
0.00010756401752587408,0.00011418759822845459,0.00039764911343809217,0.010371307416419305,0.0106858597327709,0.019941141227073543,0.04443359375,0.0478515625,0.094970703125,14.0,33.0,8.0,10.384414567440107,7.757441834806099,7.229157920169673,Transient_Shock
7.079995339154266e-05,0.0001112713034672197,0.0003996083942183759,0.008414270817577877,0.010548521387721584,0.01999020745811248,0.046875,0.054443359375,0.08837890625,14.0,33.0,8.0,7.489983165257177,7.184181546073205,7.87331716515479,Transient_Shock
6.174738155095838e-05,0.000107749681774294,0.00047582689148839563,0.007857950213061824,0.010380254417609137,0.021813456660703633,0.04248046875,0.044921875,0.094482421875,14.0,33.0,8.0,6.786431359383384,8.036229528148983,7.742446818458157,Transient_Shock
7.676850873394869e-05,0.00010809808372869156,0.0005184707697480917,0.008761764019531038,0.010397022830055322,0.022769953222351858,0.047119140625,0.047119140625,0.0966796875,14.0,33.0,8.0,5.390819068068296,8.430798278851064,7.43703873668083,Transient_Shock
4.030839409097098e-05,0.00013496700194082223,0.00046382451182580553,0.006348889201346246,0.011617529941464417,0.021536585426334545,0.033203125,0.057861328125,0.09130859375,8.0,33.0,8.0,4.474401608780954,8.147611962753418,7.646551732183934,Transient_Shock
4.320815423852764e-05,0.0001118956133723259,0.00047175514919217676,0.006573290974734622,0.010578072289993384,0.021719925165436846,0.035888671875,0.04931640625,0.10009765625,33.0,33.0,8.0,3.9289124953758106,7.573780353459069,7.4341112893899615,Transient_Shock
5.344008968677372e-05,0.00011384544995962642,0.0005285804181767162,0.007310272887298648,0.010669838328654584,0.022990876846625843,0.034423828125,0.049072265625,0.0966796875,33.0,33.0,8.0,4.613441158264215,8.234130847261099,7.65872658845316,Transient_Shock
4.495429675444029e-05,0.00013306288383319043,0.0005525330452655908,0.006704796548325705,0.011535288632417935,0.023506021468244914,0.033203125,0.052734375,0.1015625,33.0,33.0,8.0,4.4531967418591085,7.402740123285554,6.384387509655767,Transient_Shock
5.270969995763153e-05,0.00014598933921661228,0.0005553532646445092,0.007260144623740737,0.012082604819185815,0.023565934410595926,0.037353515625,0.059326171875,0.1103515625,8.0,33.0,8.0,5.815020263144833,7.789401235629061,6.581408536028468,Transient_Shock
3.812749855569564e-05,0.00012803388744941913,0.0005177163657208439,0.006174746841425618,0.011315206027705334,0.022753381412898697,0.02978515625,0.0556640625,0.10009765625,8.0,33.0,8.0,3.6005980118570946,6.506266729008728,7.174708619065664,Transient_Shock
4.058331251144409e-05,9.882356971502304e-05,0.00041591975605115294,0.0063705033169635895,0.009941004462076408,0.020394110817859967,0.032470703125,0.04541015625,0.09228515625,8.0,33.0,8.0,4.203363072397341,8.439720835576622,7.241679124164753,Transient_Shock
4.939728751196526e-05,0.00013002344348933548,0.0004902947694063187,0.007028320390531813,0.011402782269662763,0.022142600782345298,0.03564453125,0.05859375,0.10302734375,33.0,33.0,8.0,4.629812770682233,8.128938599828155,7.47228774138259,Transient_Shock
4.811212420463562e-05,0.00014482790356851183,0.0005430091259768233,0.006936290377762138,0.01203444654184445,0.023302556211214753,0.0361328125,0.055419921875,0.095947265625,33.0,33.0,8.0,4.2975350494441695,8.01752913958642,7.224161397570071,Transient_Shock
0.00015761228496558033,8.039563181228004e-05,0.0002883614506572485,0.012554373141084358,0.008966361124351396,0.0169812087513595,0.05908203125,0.05126953125,0.102783203125,14.0,33.0,8.0,7.711913362954686,5.673967162543414,5.530212027133474,Transient_Shock
0.00033661717316135764,6.685906555503607e-06,1.4854504115646705e-05,0.01834712983442799,0.0025857120016551743,0.0038541541375049734,0.059814453125,0.011962890625,0.018310546875,14.0,28.0,14.0,25.003043352765843,3.536485700962768,6.508991329812061,Transient_Shock
0.0004343258588050958,8.135801181197166e-06,1.2931817764183506e-05,0.02084048605011639,0.0028523325860069625,0.0035960836703535564,0.067626953125,0.015380859375,0.019287109375,14.0,14.0,14.0,22.803197294652065,3.8515269124523837,7.019084272811572,Transient_Shock
0.00019753968445002101,1.8978487787535414e-05,2.169306026189588e-05,0.0140548811610067,0.004356430624666874,0.004657580945286499,0.05615234375,0.028076171875,0.024169921875,14.0,40.0,14.0,18.68266848841276,6.049551103352663,4.929553335150197,Transient_Shock
6.0549937188625336e-05,2.051278715953231e-05,1.8295831978321075e-05,0.007781384014982511,0.004529104454473567,0.004277362736350644,0.031005859375,0.02197265625,0.025146484375,14.0,39.0,23.0,14.850510038012805,4.544951804418189,3.398696835749,Transient_Shock
5.2735060307895765e-05,2.7872258215211332e-05,6.117153679952025e-05,0.0072618909595156935,0.005279418359555466,0.007821223484821302,0.032958984375,0.022705078125,0.032470703125,14.0,38.0,3.0,11.160322605251057,5.249615770206383,10.85679023312309,Transient_Shock
0.00010141363236471079,3.506551365717314e-05,0.00011167534103151411,0.01007043357381949,0.005921614109106836,0.01056765541790203,0.036865234375,0.02783203125,0.053466796875,14.0,42.0,3.0,15.505472552356142,5.277148458770534,8.826514035471765,Transient_Shock
0.0001458756159991026,2.3970318579813465e-05,6.644075256190263e-05,0.012077897830297397,0.004895949201106305,0.008151119712156277,0.04833984375,0.025390625,0.038818359375,14.0,33.0,4.0,18.209976658196858,4.623217136513623,9.862295610486894,Transient_Shock
0.00011151608487125486,3.947087316191755e-05,6.78227370372042e-05,0.01056011765423354,0.006282584910840247,0.00823545609163234,0.043212890625,0.03271484375,0.0458984375,14.0,37.0,5.0,17.686094766982805,5.814595304865286,5.186998666479194,Transient_Shock
0.0001811679067031946,6.334748104563914e-05,7.33477900212165e-05,0.013459862804025701,0.007959113081596412,0.00856433243289963,0.06396484375,0.037109375,0.04150390625,14.0,40.0,5.0,12.954851668475227,9.722155279082545,7.527439950268248,Transient_Shock
0.0001988721633097157,4.031402932014316e-05,8.95937810128089e-05,0.01410220420039774,0.006349332982301619,0.009465399147041233,0.066162109375,0.02880859375,0.03955078125,14.0,43.0,5.0,13.43808639814377,7.405168154454505,6.0898814415229605,Transient_Shock
0.00013467296594171785,2.834736369550228e-05,0.00010503525845706463,0.011604868200101105,0.0053242242341492605,0.01024867105809649,0.060546875,0.025390625,0.051025390625,14.0,46.0,6.0,7.521095535844983,4.854625507431429,7.012545043067465,Transient_Shock
5.89338451391086e-05,2.624640183057636e-05,0.00011565594104467891,0.007676838225409508,0.005123124225565525,0.01075434521691948,0.0390625,0.02490234375,0.054443359375,14.0,48.0,6.0,6.5083847108620025,4.8413745938144865,8.651046083572671,Transient_Shock
7.895566523075104e-05,2.7235273591941223e-05,0.000125929233036004,0.0088857000416822,0.005218742529761477,0.011221819506479509,0.0458984375,0.026611328125,0.0595703125,23.0,25.0,6.0,5.022331980970113,4.535720602237747,8.376580383682713,Transient_Shock
4.337398786447011e-05,3.20459803333506e-05,0.00014658792861155234,0.0065858930954328515,0.005660916916308753,0.012107350189515143,0.036376953125,0.031494140625,0.054931640625,14.0,26.0,6.0,6.520478808888369,3.704162680592124,6.150421851201511,Transient_Shock
9.469760334468447e-05,3.2712789106881246e-05,0.0001858015857578721,0.009731269359373651,0.005719509516285574,0.013630905536972666,0.040283203125,0.029296875,0.061767578125,14.0,40.0,7.0,12.980637917410535,5.825750949044503,7.996881378931298,Transient_Shock
0.00013419520109891891,4.1284274630015716e-05,0.00018114357590093277,0.011584265237766223,0.00642528401162281,0.013458958945658938,0.04345703125,0.041015625,0.06494140625,14.0,41.0,7.0,14.500837894264555,3.8635174598599424,10.428187886098168,Transient_Shock
0.00010975444092764519,4.69111510028597e-05,0.00021299869695212692,0.010476375371646683,0.006849171555951836,0.014594474877573599,0.0498046875,0.036865234375,0.068603515625,14.0,28.0,7.0,9.607030049398155,6.0365553328762145,12.04397707023623,Transient_Shock
0.00012884617535746656,5.810684524476528e-05,0.00022623944096267223,0.01135104291937382,0.007622784612250649,0.015041257958118804,0.04541015625,0.04052734375,0.075927734375,14.0,29.0,7.0,13.076064138476344,5.6656940366347746,8.055904057543122,Transient_Shock
7.882932186475955e-05,6.633180601056665e-05,0.00027273816158412956,0.008878587830548254,0.008144434050967977,0.01651478615011801,0.049560546875,0.050048828125,0.090576171875,14.0,29.0,7.0,6.993469667123792,5.255865752313193,7.873183763440157,Transient_Shock
4.132393223699182e-05,5.419246372184716e-05,0.00024026078972383402,0.006428369329541655,0.00736155307811111,0.015500348051699808,0.02880859375,0.037841796875,0.0771484375,23.0,30.0,7.0,4.910342662275359,6.967454776973582,7.021346205691201,Transient_Shock
3.148637188132852e-05,4.832422928302549e-05,0.0002398099168203771,0.005611271859509974,0.006951563082000011,0.015485797261373956,0.03076171875,0.036376953125,0.07373046875,30.0,30.0,8.0,4.747170248447608,7.339844307377983,7.120163675727682,Transient_Shock
3.514636409818195e-05,6.0331829445203766e-05,0.0003189492126693949,0.005928436901762719,0.007767356657525375,0.017859149270595027,0.03515625,0.044189453125,0.084228515625,8.0,31.0,8.0,4.181685639543034,4.71015522633381,6.824487229263514,Transient_Shock
4.173685738351196e-05,6.749201565980911e-05,0.00030989874721853994,0.006460406905413309,0.00821535243673752,0.01760394124105565,0.029541015625,0.04150390625,0.082763671875,8.0,31.0,8.0,4.626377767487356,6.990550480690456,7.434570307868831,Transient_Shock
3.7607955164276063e-05,7.190968608483672e-05,0.0002711854031076655,0.006132532524518403,0.008479957905841086,0.01646770788870344,0.03271484375,0.041748046875,0.07763671875,8.0,31.0,8.0,5.041822170166239,7.404617291513557,9.334800787897663,Transient_Shock
3.94661765312776e-05,8.324462396558374e-05,0.00030449506812146865,0.00628221111801232,0.009123849185819752,0.01744978705089173,0.028564453125,0.048095703125,0.08056640625,8.0,31.0,8.0,5.253436262548721,9.720560183712232,9.41540551751588,Transient_Shock
3.826815736829303e-05,7.368344813585281e-05,0.00031843151373323053,0.006186126200482256,0.008583906344774087,0.017844649442710567,0.027587890625,0.04052734375,0.08447265625,8.0,31.0,8.0,5.312269535693428,7.047690435849418,10.622923961810914,Transient_Shock
3.937951987609267e-05,7.689473204663955e-05,0.00036674528382718563,0.006275310341018417,0.008768964137607107,0.01915059486875501,0.031494140625,0.04150390625,0.08642578125,8.0,32.0,8.0,5.403702228759566,8.277191959427316,10.697478593902927,Transient_Shock
4.2922794818878174e-05,9.971832332666963e-05,0.0003117778687737882,0.006551549039645371,0.009985906234622356,0.01765723276093364,0.03515625,0.041748046875,0.0791015625,8.0,32.0,8.0,5.326949387767462,15.147294666774725,11.536111928827975,Transient_Shock
4.1778606828302145e-05,0.0001263142294192221,0.0003827283508144319,0.006463637275427988,0.011238960335334497,0.019563444247228858,0.0390625,0.053955078125,0.083740234375,8.0,32.0,8.0,6.279247122550617,14.233805791028074,11.906366701204686,Transient_Shock
4.028329567518085e-05,0.00010635145008563995,0.0004523994830378797,0.0063469122945870975,0.010312683941905713,0.021269684601278874,0.03125,0.044677734375,0.097412109375,8.0,32.0,8.0,6.194647729154998,13.675709898270503,9.681181017506573,Transient_Shock
3.785627995966934e-05,9.630544445826672e-05,0.00040361034552915953,0.0061527457252570856,0.009813533739599957,0.02009005588666093,0.032470703125,0.05224609375,0.103271484375,8.0,32.0,8.0,4.869773306980648,8.978577627019279,9.359116855575136,Transient_Shock
2.7566900826059282e-05,9.196187238558196e-05,0.00039496190947829746,0.00525041910956252,0.009589675301363542,0.01987364862017786,0.027099609375,0.048583984375,0.085693359375,8.0,32.0,8.0,6.021535667871791,8.084180842199677,9.62630767885761,Transient_Shock
4.255562089383602e-05,0.00010059299165732227,0.0004189571445749607,0.006523466938203644,0.010029605757821304,0.020468442651432002,0.03173828125,0.048828125,0.102294921875,8.0,32.0,8.0,6.144600523245823,8.789655437088758,9.892329132554622,Transient_Shock
3.702774120029062e-05,9.72577508946415e-05,0.00040235533379018307,0.00608504241565255,0.009861934439786217,0.02005879691781596,0.029541015625,0.04541015625,0.093505859375,8.0,32.0,8.0,5.677308565998773,7.786060826012673,10.064582352300318,Transient_Shock
3.0396124202525243e-05,0.00010240901247016154,0.000376224925275892,0.005513268014755427,0.010119733814194993,0.019396518380263298,0.0322265625,0.052734375,0.0927734375,8.0,32.0,8.0,5.531023039956343,6.234375735390277,10.142014519545762,Transient_Shock
4.6247601858340204e-05,9.998433233704418e-05,0.00033490754140075296,0.006800558937200692,0.009999216586165347,0.018300479266968747,0.03076171875,0.046630859375,0.078857421875,8.0,33.0,8.0,5.393996459910717,6.900498569201783,9.031659771129103,Transient_Shock
4.1318999137729406e-05,9.718979345052503e-05,0.0003677144995890558,0.006427985620529141,0.009858488395820377,0.01917588328054423,0.02978515625,0.0556640625,0.092041015625,8.0,33.0,8.0,5.096704211410399,6.640203088748941,9.536267910590935,Transient_Shock
3.553609349182807e-05,0.00010569131336524151,0.0003876780247082934,0.005961215772963437,0.010280628062781063,0.01968954099790783,0.0244140625,0.05419921875,0.0888671875,8.0,33.0,8.0,6.401109758058565,7.091515034338172,8.969705922090917,Transient_Shock
3.5353805287741125e-05,8.472146873828024e-05,0.00030828904345980845,0.005945906599311927,0.009204426583893222,0.017558161733501842,0.030517578125,0.04638671875,0.07666015625,8.0,33.0,8.0,5.177431143074739,7.236970616496882,9.356513974358911,Transient_Shock
0.0001605993566045072,0.00014630513032898307,0.0003981058835051954,0.012672780145039492,0.012095665766256236,0.01995259089705383,0.130126953125,0.056884765625,0.09228515625,8.0,33.0,8.0,3.0230237790452827,9.679193684300495,8.62921615471362,Transient_Shock
5.291713387123309e-05,0.00012099099330953322,0.0004082194318471011,0.0072744163938582105,0.010999590597360123,0.020204440894197026,0.039306640625,0.046875,0.087890625,14.0,33.0,8.0,4.402599995607085,11.116556497687764,8.100608529654856,Transient_Shock
4.558917135000229e-05,0.00011643318794085644,0.00047350808745250106,0.0067519753665132905,0.010790421119718008,0.021760240978732314,0.035400390625,0.04833984375,0.092529296875,14.0,33.0,8.0,6.741425490620355,12.186435179199862,8.98778934868822,Transient_Shock
3.880854637827724e-05,0.00011233983968850225,0.0003972037084167823,0.006229650582358311,0.010599048999249992,0.019929970105767403,0.03564453125,0.049560546875,0.084716796875,8.0,33.0,8.0,5.597214750551943,10.73324952814563,8.81670737834699,Transient_Shock
3.978408858529292e-05,9.583983046468347e-05,0.0003965292125940323,0.006307462927777929,0.009789781941630951,0.01991304126932981,0.0419921875,0.052490234375,0.097900390625,8.0,33.0,8.0,4.77361930306168,10.059336601058408,7.424146439850205,Transient_Shock
3.0116523703327402e-05,0.0001005509948299732,0.0003998254978796467,0.005487852376233111,0.010027511896276823,0.019995636971090636,0.027099609375,0.052978515625,0.0849609375,8.0,33.0,8.0,5.402932620743577,11.157166318678652,8.829252545837946,Transient_Shock
3.441398439463228e-05,0.00011705996803357266,0.0004037335420434829,0.005866343358058091,0.0108194254946172,0.0200931217595346,0.02685546875,0.04931640625,0.077880859375,37.0,33.0,8.0,5.226879873111878,10.680704278036437,9.463530735238994,Transient_Shock
3.1027851946419105e-05,8.800042269285768e-05,0.00035730431773117743,0.00557026497991066,0.00938085404922482,0.018902495013388507,0.02978515625,0.038818359375,0.079833984375,8.0,33.0,8.0,7.108342831693406,10.385739938405719,8.918532741355428,Transient_Shock
4.143999831285328e-05,9.028427302837372e-05,0.0003460388943494763,0.006437390644729686,0.009501803672375773,0.018602120694949712,0.032470703125,0.04833984375,0.076904296875,8.0,33.0,8.0,6.919224975619636,8.774685750162963,9.28691660285712,Transient_Shock
4.318844003137201e-05,0.00011544110020622611,0.00037761934436275624,0.0065717912346157205,0.01074435201425503,0.01943243022276823,0.036865234375,0.060791015625,0.079833984375,8.0,33.0,8.0,4.6420191691680275,10.28917964388677,8.841377171765613,Transient_Shock
4.408691529533826e-05,0.00012924871407449245,0.0004391937836771831,0.006639797835426788,0.011368760445822247,0.020956950724692346,0.03125,0.053466796875,0.090576171875,8.0,33.0,8.0,3.7343929449076834,9.970167574563092,8.72740770553734,Transient_Shock
4.197467569611035e-05,0.00010687624671845697,0.0004127774736844003,0.006478786591338717,0.010338096861533894,0.0203169257931509,0.03857421875,0.0498046875,0.0849609375,8.0,33.0,8.0,4.856555631150696,10.76332490601242,8.258712676217966,Transient_Shock
3.497838042676449e-05,0.00011168139462824911,0.0004204902179480996,0.00591425231341752,0.010567941835014475,0.020505858137325042,0.0302734375,0.045166015625,0.08740234375,8.0,33.0,8.0,4.147077346643393,11.646258215045403,9.652799231723542,Transient_Shock
3.8768499507568777e-05,0.00011257538790232502,0.0004195328801870346,0.00622643553789556,0.010610154942427797,0.020482501804882983,0.03173828125,0.04833984375,0.09033203125,8.0,33.0,8.0,4.04813286345457,11.286379775102032,8.524119713203545,Transient_Shock
0.1871676140724503,0.021542700807913207,0.01758394477656111,0.4326287254360837,0.14677431930659127,0.1326044674080067,3.99993896484375,2.0302734375,1.210205078125,42.0,34.0,42.0,3.171101826028703,2.7611828311760704,3.71051601300561,Transient_Shock
0.006589776603505015,0.0009932437060342636,0.0019112321169814095,0.08117743900558218,0.031515769164566866,0.043717640798439816,0.490478515625,0.285888671875,0.201416015625,20.0,32.0,3.0,5.940384965502711,4.200387804394253,9.07666669418485,Transient_Shock
0.0007904054327809718,0.00024421693524345756,0.0008223702279792633,0.028114150045501496,0.015627441737004096,0.02867699823864526,0.143798828125,0.073974609375,0.162109375,6.0,7.0,3.0,8.2796755635187,6.679792526701282,7.066111896052941,Transient_Shock
0.00012848953701904975,0.00012441012950148433,0.00043566658860072494,0.01133532253705424,0.011153928881855233,0.020872627735882346,0.05859375,0.04931640625,0.096923828125,6.0,33.0,8.0,5.2948189404478,8.917157912284573,7.9151836480278215,Transient_Shock
0.00011515239020809531,0.00011104525765404105,0.0004961579652444925,0.010730908172568401,0.010537801367175272,0.022274603593431076,0.048095703125,0.052978515625,0.095947265625,21.0,33.0,8.0,3.70585459756802,8.176867336265726,8.22380934701346,Transient_Shock
5.7055582146858796e-05,0.00011325228479108773,0.0004796906723640859,0.007553514555944061,0.010642005675204638,0.021901841757351957,0.033203125,0.04541015625,0.090087890625,8.0,33.0,8.0,4.193995218065735,8.7808364975238,8.60790884864192,Transient_Shock
4.0741197153693065e-05,0.00012363120913505554,0.0004329969196987804,0.00638288313802572,0.011118957196385618,0.020808578031638308,0.0380859375,0.052734375,0.0908203125,8.0,33.0,8.0,4.223436524063327,7.363146474031305,8.00448010773366,Transient_Shock
5.235286880633794e-05,8.664802589919418e-05,0.00043730437755584717,0.007235528232709616,0.009308492138858699,0.020911823869663955,0.031982421875,0.043212890625,0.092041015625,8.0,33.0,8.0,6.871645493095323,7.337917975030899,9.664387387845087,Transient_Shock
5.1601557061076164e-05,0.00010256553287035786,0.00046505307545885444,0.007183422378022621,0.010127464286303747,0.02156508927546683,0.03759765625,0.04736328125,0.10009765625,8.0,32.0,8.0,5.4446723228573415,7.441987837882811,9.221816866560513,Transient_Shock
5.52076380699873e-05,0.00010034598744823597,0.000408829131629318,0.00743018425545338,0.010017284434827434,0.020219523526268317,0.04150390625,0.051513671875,0.0849609375,8.0,32.0,8.0,4.3135026438054895,8.138043240742945,10.803411964183407,Transient_Shock
5.666719516739249e-05,0.00013643502825289033,0.000504648414789699,0.007527761630617197,0.011680540580507836,0.022464381023961,0.031494140625,0.05322265625,0.113525390625,12.0,32.0,8.0,4.3086307185505195,8.446700701440836,8.677197767769927,Transient_Shock
4.534421896096319e-05,0.00010885618394240737,0.00046762671263422817,0.006733811622028284,0.010433416695522488,0.021624678324410472,0.033203125,0.04736328125,0.095458984375,8.0,32.0,8.0,4.8396284445659665,8.859920765314298,8.640216465089207,Transient_Shock
7.299903882085346e-05,0.00013725504686590284,0.0005210492381593212,0.008543947496377388,0.011715589906867807,0.02282650297700726,0.041015625,0.05322265625,0.098388671875,13.0,32.0,8.0,4.562065587219922,10.410160341246108,8.819636150022626,Transient_Shock
6.671622395515442e-05,0.00010169058805331588,0.000434018289524829,0.0081679999972548,0.010084175130039933,0.020833105614018018,0.04248046875,0.0458984375,0.0947265625,12.0,32.0,8.0,4.708535440388999,9.345290362807772,10.54342207167888,Transient_Shock
3.5621924325823784e-05,0.00010333157479180954,0.0004372234361653682,0.005968410535965483,0.010165213957010918,0.020909888478071043,0.0302734375,0.048583984375,0.091064453125,8.0,32.0,8.0,5.516534581731903,9.159698864917903,10.86845262598777,Transient_Shock
4.3152933358214796e-05,0.00011305767111480236,0.0004561860114336014,0.006569089233540278,0.010632858087776887,0.021358511451728124,0.03515625,0.052490234375,0.092529296875,8.0,32.0,8.0,5.227429644682704,7.430243929573507,9.242881437745577,Transient_Shock
4.776926652994007e-05,0.0001278269301110413,0.0004413855349412188,0.006911531417127471,0.01130605723101742,0.021009177398013917,0.03466796875,0.0625,0.094970703125,8.0,32.0,8.0,4.66056411624441,8.071152763465479,9.103476584004564,Transient_Shock
3.7639852962456644e-05,0.00011571988216019236,0.00043424503746791743,0.006135132676842176,0.010757317609896639,0.020838546913542637,0.0283203125,0.05029296875,0.09521484375,8.0,32.0,8.0,6.170372413146054,6.812774980603493,9.651501746939665,Transient_Shock
5.246308501227759e-05,0.00011306514716125093,0.0004456385358935222,0.007243140548979951,0.01063320963591196,0.021110152436529733,0.031494140625,0.056884765625,0.09228515625,8.0,32.0,8.0,4.90245222646959,8.199864644068521,9.108617446777135,Transient_Shock
5.8489255025051534e-05,0.00011584555250010453,0.0004455595881154295,0.007647826817145609,0.010763157180869586,0.021108282452995307,0.035400390625,0.050048828125,0.091796875,13.0,32.0,8.0,4.833985714807986,7.346697826677781,8.83766831042992,Transient_Shock
4.0410959627479315e-05,9.482696987106465e-05,0.0003861397854052484,0.006356961509044971,0.009737914041059545,0.019650439827272274,0.03466796875,0.051513671875,0.08935546875,8.0,32.0,8.0,4.804368831375285,7.201440070628687,10.120817855435101,Transient_Shock
5.1656181312864646e-05,0.00010220048716291785,0.00039100125650293194,0.007187223477314772,0.010109425659399146,0.019773751705301955,0.03271484375,0.050537109375,0.089111328125,8.0,32.0,8.0,5.949340597683219,6.560661391475034,9.879727653286999,Transient_Shock
5.424358823802322e-05,0.00011337862451910041,0.00045252498239278793,0.007365024659702317,0.010647939919021914,0.02127263458983837,0.042236328125,0.044921875,0.0927734375,8.0,32.0,8.0,4.070527225158999,7.774678409721635,9.876499798894708,Transient_Shock
4.6016648411750793e-05,9.030781438923441e-05,0.000435421010479331,0.006783557209292982,0.00950304237543085,0.02086674412742273,0.033935546875,0.048095703125,0.088623046875,8.0,32.0,8.0,6.206337993158638,6.402480516697142,9.667871526004728,Transient_Shock
5.4622520110569894e-05,0.0001338055262749549,0.0005208612965361681,0.0073907049806205835,0.011567433867325757,0.02282238586423795,0.053466796875,0.0556640625,0.108642578125,8.0,32.0,8.0,4.214047338604712,7.379785166790905,9.614198589031606,Transient_Shock
4.4910699216416106e-05,0.00010084103269036859,0.000439566469140118,0.006701544539612947,0.010041963587385119,0.02096584053025583,0.03271484375,0.048828125,0.091552734375,8.0,32.0,8.0,5.0193703668789045,5.864805752954904,9.772109141653834,Transient_Shock
5.347462138161063e-05,9.464926188229583e-05,0.00048077919927891344,0.007312634366738886,0.00972878522130568,0.02192667779849272,0.040283203125,0.045166015625,0.1025390625,8.0,32.0,8.0,4.760133243564577,6.632199458446758,9.653193628293142,Transient_Shock
5.9665399021469057e-05,9.232668890035711e-05,0.00034710034015006386,0.007724338096009849,0.009608677791473555,0.01863062908626716,0.03955078125,0.043212890625,0.0908203125,8.0,32.0,8.0,5.677773391211212,6.684223496998101,10.84640195604638,Transient_Shock
9.324494385509752e-05,0.0001260860444745049,0.0003943784649891313,0.009656342157105738,0.011228804231729436,0.019858964348352392,0.08935546875,0.052490234375,0.0927734375,22.0,32.0,8.0,2.793428422938224,6.9529430065984466,9.547870440701281,Transient_Shock
5.720505942008458e-05,9.439632049179636e-05,0.00034450948805897497,0.00756340263506344,0.009715776885653372,0.018560966786753726,0.040771484375,0.043701171875,0.08251953125,8.0,32.0,8.0,5.131678885126236,6.186938059527364,11.124434997643462,Transient_Shock
4.2377938370918855e-05,0.00010054293306893669,0.0003542542071954813,0.0065098339741439535,0.010027109906096407,0.018821641989887103,0.0322265625,0.045654296875,0.082763671875,8.0,32.0,8.0,6.049400745043566,7.041145313768127,10.49190506917447,Transient_Shock
5.056102236267179e-05,9.060125739779323e-05,0.0003551518857420888,0.007110627423981079,0.009518469278082125,0.018845473879478034,0.04150390625,0.043212890625,0.080078125,8.0,32.0,8.0,5.240554772442406,7.468742677627796,10.106099049308193,Transient_Shock
4.316307604312897e-05,8.875279672793113e-05,0.0003578505966288503,0.006569861189030478,0.009420870274445516,0.018916939409662714,0.030517578125,0.045166015625,0.08251953125,8.0,32.0,8.0,5.3785016738556894,6.946538152789979,11.434222557016906,Transient_Shock
3.5742748877964914e-05,8.701346814632416e-05,0.00042607203067746013,0.005978523971513781,0.009328100993574425,0.020641512315657983,0.035400390625,0.044189453125,0.0986328125,8.0,33.0,8.0,5.6077810890111115,6.760178918184378,11.55130786321405,Transient_Shock
4.220414848532528e-05,9.688209684100002e-05,0.0004011140554212034,0.006496472002966324,0.009842870355795612,0.020027832019996656,0.0341796875,0.047119140625,0.08642578125,8.0,33.0,8.0,5.976825421472729,7.883090525158399,11.297595437998744,Transient_Shock
3.456136619206518e-05,9.840982602327131e-05,0.0003557235322659835,0.005878891578526107,0.0099201726811216,0.018860634460854796,0.03466796875,0.052734375,0.083740234375,8.0,33.0,8.0,5.050947715231764,6.758004901390555,10.10878125647246,Transient_Shock
0.20771329691251594,0.013799209147691727,0.0093129880115157,0.4557557425996034,0.1174700351055184,0.09650382381810423,3.99993896484375,1.16357421875,0.993896484375,17.0,34.0,43.0,2.668005873606774,2.7194279409034463,2.788937553418402,Transient_Shock
0.006946002933545969,0.0008213845867430791,0.0008458955562673509,0.08334268374336147,0.028659807862982598,0.029084283664332373,0.5849609375,0.14794921875,0.172607421875,20.0,6.0,8.0,4.601139782986562,6.963191773615075,7.089240984148145,Transient_Shock
0.0012838553775509354,0.00026244198670610785,0.0006340295331028756,0.035830927668020755,0.0162000613179737,0.025179943071875193,0.1572265625,0.0830078125,0.126708984375,6.0,7.0,8.0,10.977847921694782,7.251929865448139,6.8519832932658495,Transient_Shock
0.1305646917969625,0.0063882902613841,0.004374996085971361,0.3613373656252042,0.0799267806269219,0.06614375318933272,3.99993896484375,0.80810546875,0.68994140625,20.0,33.0,43.0,2.689788621813525,3.0174358238713475,2.141194532112022,Transient_Shock
0.0008819763570500072,0.0002998058589582797,0.0005861096869921312,0.02969808675739916,0.017314902799561993,0.02420970233175392,0.173583984375,0.084716796875,0.109375,6.0,6.0,8.0,7.153121670805242,9.143289219452216,6.543355956952703,Transient_Shock
0.16313829317346062,0.008404060718021356,0.010371421463787556,0.40390381673544584,0.09167366425545209,0.10184017607893044,3.99993896484375,1.10791015625,1.013916015625,17.0,35.0,42.0,2.73540272183873,2.597949660976976,3.075201155891253,Transient_Shock
0.006474629943113541,0.0007404548487102147,0.000798660097643733,0.08046508524269108,0.027211300018746158,0.028260574970154675,0.588134765625,0.135498046875,0.1533203125,20.0,6.0,8.0,6.238933576121102,8.028241138305278,6.668254069969619,Transient_Shock
0.18720317684142174,0.010483480858965777,0.009299024008214474,0.43266982427877004,0.10238887077688559,0.0964314471954791,3.99993896484375,1.128662109375,1.03759765625,5.0,32.0,43.0,2.225020160144974,3.5389125609625234,2.628296836004945,Transient_Shock
0.009662229509558529,0.001046723478793865,0.001148524330346845,0.09829664037777959,0.03235310616917431,0.03388988536933764,0.717041015625,0.19482421875,0.173583984375,6.0,33.0,2.0,3.0021427110191587,5.520429612001863,5.747835162915626,Transient_Shock
0.12803204263377665,0.0056778531543386634,0.004640961866243742,0.35781565453984354,0.07535153053746595,0.06812460543917845,3.99993896484375,0.876953125,0.6943359375,6.0,32.0,8.0,2.082271705706447,3.0293527810749925,2.2060136238696,Transient_Shock
0.01231987715800642,0.0010557090281508863,0.0014284866010711994,0.11099494203794343,0.03249167629025758,0.03779532512191421,0.890625,0.1923828125,0.231689453125,5.0,6.0,8.0,3.6867119379085898,5.390948450935001,5.650382791036346,Transient_Shock
0.0010944543755613267,0.0002294545374752488,0.0005234999116510153,0.03308253883185701,0.015147756846320474,0.02288012044660201,0.1455078125,0.078857421875,0.109130859375,6.0,33.0,8.0,11.260933437345361,6.06935811605819,7.5710326389691165,Transient_Shock
0.00023906441856524907,0.00017640982696320862,0.0005175871156097855,0.015461708138664662,0.013281936115010063,0.022750540995980416,0.078369140625,0.060302734375,0.107177734375,6.0,33.0,8.0,5.487292602691612,8.351800570382057,6.842537194037441,Transient_Shock
0.00012319277448114008,0.00011844368418678641,0.0004028177027066704,0.011099224048605383,0.010883183550174388,0.02007031894880274,0.053955078125,0.051025390625,0.10546875,6.0,33.0,8.0,5.958657532118323,7.994348477355136,7.546327092679836,Transient_Shock
4.5019201934337616e-05,0.0001021610660245642,0.0003747696609934792,0.006709635007534882,0.010107475749392832,0.0193589684899139,0.035400390625,0.044189453125,0.074951171875,8.0,33.0,8.0,5.6172709852258755,9.051860355842143,7.980125040731131,Transient_Shock
4.218445610604249e-05,0.0001076478511095047,0.00042831943937926553,0.006494956205090416,0.010375348240396787,0.020695879768187327,0.03564453125,0.042236328125,0.087646484375,8.0,33.0,8.0,4.820216630605803,8.044497753062844,7.720394301066985,Transient_Shock
3.504980122670531e-05,0.00012154681826359592,0.0005051251173426863,0.005920287258799636,0.01102482735754152,0.02247498870617483,0.0322265625,0.046630859375,0.10205078125,8.0,33.0,8.0,4.2644175487385025,8.123334573617022,7.614139851267003,Transient_Shock
5.337512993719429e-05,0.0001032505533657968,0.00048550112114753574,0.007305828490814323,0.010161227945765058,0.022034089977748927,0.034912109375,0.041259765625,0.08837890625,8.0,34.0,8.0,4.0905714199108365,6.716839110705124,7.112073331833622,Transient_Shock
5.5420558055629954e-05,9.669559949543327e-05,0.00047035975148901343,0.0074444985093443305,0.009833392064564154,0.021687778850979954,0.04150390625,0.040283203125,0.09326171875,13.0,34.0,8.0,4.057698493724542,7.488803975193046,7.27144332653388,Transient_Shock
4.780523886438459e-05,0.00010633148121996783,0.00047901713696774095,0.006914133269209134,0.010311715726297337,0.021886460128758625,0.0380859375,0.047607421875,0.09814453125,42.0,34.0,8.0,4.197001133168639,8.27448524512677,6.671180412674362,Transient_Shock
5.381973096518777e-05,0.00012865729149780236,0.0004978725592081901,0.007336193220273562,0.011342719757527396,0.022313058042504844,0.03759765625,0.056396484375,0.098388671875,12.0,34.0,8.0,5.653208957492175,8.244175311955296,7.359978783028775,Transient_Shock
5.071760097052902e-05,0.00013846448564436287,0.0005240540485829115,0.0071216290952652835,0.011767093338814087,0.02289222681573183,0.03857421875,0.056396484375,0.1044921875,12.0,34.0,8.0,4.883161196739199,9.411838044513656,6.578297593292973,Transient_Shock
4.77381945529487e-05,0.00013838542145094834,0.0005350380924937781,0.006909283215569376,0.011763733312641371,0.023130890438843425,0.038330078125,0.05419921875,0.1025390625,34.0,34.0,8.0,4.521655104068111,9.712042582036956,6.830817014971807,Transient_Shock
5.21919246239122e-05,0.00014556535461451858,0.0005120732239447534,0.00722439787275813,0.012065046813606593,0.022629034975993858,0.04052734375,0.06201171875,0.099853515625,34.0,34.0,8.0,3.9589430832993195,9.560861291019899,6.02040312869686,Transient_Shock
5.375960608944297e-05,0.00015636718308087438,0.0005645738528983202,0.007332094249901795,0.01250468644472441,0.02376076288544457,0.0400390625,0.058837890625,0.105224609375,34.0,34.0,8.0,4.035611179877114,12.029170299365875,6.00363491872444,Transient_Shock
4.450893902685493e-05,0.0001243617407453712,0.0004984971455996856,0.006671502006808882,0.011151759535847749,0.02232704963938777,0.035400390625,0.051025390625,0.10302734375,34.0,34.0,9.0,5.274475022240998,11.4108746049445,6.343710907258655,Transient_Shock
5.6105749536072835e-05,0.0001479675411246717,0.0005593510431936011,0.007490377129095225,0.012164190935885201,0.02365060344248326,0.042236328125,0.057861328125,0.094482421875,34.0,34.0,8.0,4.597214561903618,12.075193554246807,6.358535336438955,Transient_Shock
0.25251506729455286,0.0382884214304795,0.023941667517647147,0.502508773350827,0.19567427380848895,0.15473095203496665,3.99993896484375,2.283447265625,1.6171875,5.0,33.0,42.0,2.5125571858204228,3.220021886743951,3.5689005578424577,Transient_Shock
0.002656602879142156,0.0005435208877315745,0.0009475633851252496,0.05154224363706101,0.023313534432418747,0.030782517524160523,0.23583984375,0.098876953125,0.16064453125,6.0,6.0,2.0,8.692948871815034,8.113946369887481,4.236326271105732,Transient_Shock
0.160631470589351,0.016510102650499903,0.009360075928270817,0.4007885609512215,0.12849164428280893,0.09674748538474175,3.99993896484375,1.71435546875,0.96826171875,6.0,30.0,42.0,1.9417667806822638,2.4044740093078314,2.6776862833203237,Transient_Shock
0.05307614848425146,0.003307842151116347,0.004418823078594869,0.23038261324208356,0.05751384312594966,0.06647422867995438,1.90283203125,0.42578125,0.623291015625,17.0,6.0,2.0,3.11017868726516,4.170072092304996,3.940594405343913,Transient_Shock
0.0024344021803699434,0.00043351388012524694,0.00197741154988762,0.04933966133213668,0.020820996136718506,0.044468095865323715,0.197021484375,0.125244140625,0.228271484375,6.0,7.0,3.0,9.327799310920767,8.764314764571727,9.926436162416158,Transient_Shock
0.2668221622495821,0.022367515510268277,0.016902059400308644,0.5165483155035762,0.14955773303399686,0.13000792052913024,3.99993896484375,1.885498046875,1.2939453125,16.0,33.0,42.0,3.6196749191961453,2.8215519731430754,3.8939286418055787,Transient_Shock
0.006754479862138396,0.0010513708366488572,0.002721720109548187,0.08218564267643343,0.03242484906131187,0.05217010743278364,0.5224609375,0.172607421875,0.256103515625,20.0,6.0,3.0,5.103884520574037,7.2560521182916125,8.32475898161729,Transient_Shock
0.0019356405500730034,0.00031362763547804207,0.0014884392585372552,0.04399591515212524,0.017709535157028885,0.03858029624740141,0.190673828125,0.10498046875,0.188232421875,6.0,7.0,3.0,9.73876858858966,5.944466039311347,9.196122143862603,Transient_Shock
0.2264908224087776,0.02101635244616773,0.012287649031350156,0.47591051932981854,0.14497017778207946,0.1108496686118193,3.99993896484375,1.4677734375,1.031494140625,5.0,34.0,42.0,2.9472003001746594,2.942413354528095,3.839953340996765,Transient_Shock
0.0019248924472776707,0.0005712934907933231,0.0028652117907768115,0.04387359624281637,0.023901746605495655,0.05352767313060424,0.1875,0.14111328125,0.221435546875,6.0,6.0,3.0,7.093845048626553,5.552057626084574,11.81641145822765,Transient_Shock
0.0009210575626639184,0.0001611902698641643,0.001196806722873589,0.030348930173301304,0.012696073009563403,0.03459489446253,0.14892578125,0.0556640625,0.171630859375,6.0,34.0,3.0,9.488343636864345,5.342829809766448,8.515059604811768,Transient_Shock
0.00016753630188759416,0.00014897863366059028,0.0004832601662201341,0.012943581493836788,0.012205680384992484,0.021983179165446797,0.057373046875,0.055908203125,0.1044921875,6.0,33.0,8.0,6.681679473496819,6.249433499800423,5.944202406402525,Transient_Shock
0.00011948257451876998,0.0001275715731026139,0.0005670921964338049,0.010930808502520295,0.011294758656235816,0.023813697664029517,0.0615234375,0.05126953125,0.105712890625,5.0,33.0,8.0,4.356173137908508,7.445913789871598,7.268492474254504,Transient_Shock
7.522888699895702e-05,0.00013096210022922605,0.0005444879607239272,0.008673458767928572,0.011443867363318488,0.023334265806404263,0.042724609375,0.052734375,0.099853515625,42.0,33.0,8.0,3.5771045666379173,7.792979897443809,7.133460622006777,Transient_Shock
5.128405973664485e-05,0.0001180223043775186,0.0004701754078269005,0.0071612889717316145,0.010863807084881367,0.021683528491158916,0.036865234375,0.051513671875,0.100341796875,25.0,33.0,8.0,4.990758334158347,8.478168851393105,7.0974506598994695,Transient_Shock
5.116499960422516e-05,0.0001108961550926324,0.00044939308645552956,0.007152971382874753,0.010530724338459934,0.021198893519604498,0.03955078125,0.046875,0.0927734375,8.0,33.0,8.0,5.110000424774107,8.86656314743616,8.681931203103955,Transient_Shock
6.0584337916225195e-05,0.00011531164636835456,0.0004053530137753114,0.00778359415156168,0.010738326050570198,0.020133380584872265,0.04248046875,0.05029296875,0.08251953125,8.0,33.0,8.0,4.726763476038382,8.783664287049083,8.49780140397175,Transient_Shock
6.4845648012124e-05,0.00010684603694244288,0.0004407972446642816,0.008052679554789449,0.010336635668458228,0.020995171937002125,0.03955078125,0.0537109375,0.088623046875,33.0,33.0,8.0,3.932470315127322,10.168224532747878,8.721196193967167,Transient_Shock
5.4763397201895714e-05,0.00012354811406112276,0.0004634859360521659,0.007400229537108677,0.011115219928598928,0.021528723511907665,0.0322265625,0.052490234375,0.093994140625,33.0,33.0,8.0,4.964718387707217,11.108684786710217,9.106493065942935,Transient_Shock
6.360454426612705e-05,0.00010693688818719238,0.00047987117068259977,0.007975245718228816,0.010341029358201841,0.021905961989435657,0.041748046875,0.04443359375,0.10107421875,33.0,33.0,8.0,4.614312860434567,12.573037843560236,8.490253642157738,Transient_Shock
4.127003194298595e-05,0.00011642081881291233,0.0004019465959572699,0.00642417558469458,0.01078984795133427,0.020048605835750022,0.03271484375,0.04931640625,0.087646484375,8.0,33.0,8.0,5.0481701069027345,11.71073965518665,8.80353719464589,Transient_Shock
6.366334855556488e-05,9.420141577720642e-05,0.0004203106182103511,0.00797893154222825,0.009705741382151413,0.020501478439623595,0.0341796875,0.046630859375,0.095703125,12.0,33.0,8.0,4.56568390697821,10.963936777927623,8.661736391933035,Transient_Shock
4.685943349613808e-05,0.00010686710811569355,0.0004269815945008304,0.006845395057711284,0.010337654865378973,0.02066353296270583,0.029296875,0.05078125,0.08642578125,12.0,33.0,8.0,4.641167251588159,10.818759569027097,9.586716056156472,Transient_Shock
6.096540892031044e-05,0.000101858502603136,0.0004863367503276095,0.007808034894921413,0.01009249734224072,0.02205304401500186,0.04248046875,0.043701171875,0.108642578125,8.0,33.0,8.0,4.471277760096685,10.754896243639221,7.872006618115589,Transient_Shock
7.559271398349665e-05,0.00011515535516082309,0.0004877131104876753,0.008694407051863666,0.010731046321809589,0.02208422764073209,0.043212890625,0.046875,0.095703125,12.0,33.0,8.0,4.673368201748159,10.220612538957473,8.026336397444958,Transient_Shock
5.594183676294051e-05,0.00011105612793471664,0.0004328420473029837,0.007479427569202105,0.010538317130107475,0.020804856339397867,0.033935546875,0.05078125,0.09130859375,12.0,33.0,8.0,4.848026212143153,11.118775783750513,8.428858919085886,Transient_Shock
5.208210495766252e-05,0.00013004113861825317,0.0004260693058313336,0.007216793260005619,0.011403558156042928,0.020641446311519297,0.037841796875,0.053466796875,0.093994140625,8.0,33.0,8.0,5.640824673889922,9.77991316315301,8.760229648290624,Transient_Shock
4.644691580324434e-05,0.00012131975017837249,0.0004884991212747991,0.006815197414840185,0.011014524509862988,0.022102016226462216,0.032470703125,0.0556640625,0.104248046875,8.0,33.0,8.0,5.183950017963574,9.74028092177218,7.549762094587092,Transient_Shock
4.52775857411325e-05,0.00011610329602262937,0.0004732814704766497,0.0067288621431214135,0.010775123944652765,0.02175503322168573,0.0361328125,0.04833984375,0.094970703125,8.0,33.0,8.0,4.66063867676782,10.775026569967457,8.131477249937369,Transient_Shock
5.949974001850933e-05,0.0001339250593446195,0.0004878934378211852,0.0077136074581553166,0.011572599506792737,0.022088309981100528,0.039794921875,0.053466796875,0.087646484375,33.0,33.0,8.0,4.960063214181047,9.945740393654603,7.856636999337823,Transient_Shock
7.787322101648897e-05,0.00013833347475156188,0.000477983496239176,0.008824580500878722,0.011761525188153188,0.021862833673592635,0.044189453125,0.05517578125,0.094970703125,20.0,33.0,8.0,4.023509617791179,9.361487690821432,7.528606109109145,Transient_Shock
5.604425314231776e-05,0.00012054963372065686,0.0004488111262617167,0.007486270977083167,0.010979509721324393,0.021185162880226264,0.04052734375,0.054443359375,0.092041015625,8.0,33.0,8.0,4.279824099567,9.096590997991845,7.642213981569908,Transient_Shock
4.947033812641166e-05,0.0001243526603502687,0.0005576673283940181,0.007033515346283938,0.011151352400057525,0.023614981016168914,0.036865234375,0.054931640625,0.10498046875,8.0,33.0,8.0,4.705085668723337,8.839629734943923,7.850009904826372,Transient_Shock
5.779518687631935e-05,0.00014326025484479032,0.0005423959664767608,0.007602314573622914,0.011969137598206076,0.023289396009273423,0.03857421875,0.054931640625,0.110107421875,8.0,33.0,8.0,4.868259709576387,9.14073987020187,7.1997178162677,Transient_Shock
5.67722599953413e-05,0.0001206145971082151,0.0005303483594616409,0.00753473688958953,0.010982467714872423,0.023029293507653266,0.03564453125,0.05224609375,0.106201171875,8.0,33.0,8.0,4.504606200835159,9.089264581234671,7.287829698842043,Transient_Shock
8.502436321577989e-05,0.0001413821846654173,0.0006526799261337146,0.009220865643516334,0.011890424074246356,0.025547601181592657,0.04833984375,0.05126953125,0.110595703125,21.0,33.0,8.0,4.508113893376081,9.012994720536968,6.852570335840184,Transient_Shock
6.93295405653771e-05,0.00011704651114996523,0.000479002595966449,0.008326436246400804,0.010818803591431227,0.021886127934526222,0.041748046875,0.0478515625,0.093017578125,21.0,33.0,8.0,7.6999011347271145,9.379428807127525,7.065131072713576,Transient_Shock
7.6986791100353e-05,9.879929712042212e-05,0.000459875853266567,0.008774211708202225,0.009939783555008738,0.021444716208580773,0.043701171875,0.046630859375,0.08935546875,21.0,33.0,8.0,7.591764694921805,9.10570843886204,7.833873005107368,Transient_Shock
6.806757301092148e-05,0.00011338629701640457,0.00043449631994008087,0.008250307449478564,0.010648300193758842,0.020844575312058553,0.04638671875,0.057373046875,0.090087890625,21.0,33.0,8.0,6.185337310488505,9.286523064916272,7.262375594800405,Transient_Shock
4.53343236586079e-05,0.00011070561231463216,0.00044328322110231966,0.006733076834450049,0.010521673455997015,0.02105429222515731,0.037353515625,0.05419921875,0.09228515625,8.0,33.0,8.0,4.2811345575362605,8.02820362529682,7.200610697218549,Transient_Shock
4.564701521303505e-05,9.315358693129383e-05,0.00040910602183430456,0.006756257485696874,0.009651610587424973,0.020226369467462632,0.0400390625,0.048095703125,0.0869140625,8.0,33.0,8.0,4.498290554821501,7.180607085578586,7.1588804774217,Transient_Shock
4.895019446848892e-05,0.0001457923644920811,0.0005154446553206071,0.006996441557569742,0.012074450898160177,0.02270340624929676,0.035888671875,0.05908203125,0.098388671875,21.0,33.0,8.0,4.828257099599165,7.373178061330109,6.466736125526616,Transient_Shock
4.1238668927690014e-05,0.00012170796981081367,0.00045679531467612833,0.006421734105963125,0.011032133511284826,0.021372770402456682,0.031494140625,0.0498046875,0.099853515625,8.0,33.0,8.0,4.522314891073989,6.216720426885393,6.899814043726386,Transient_Shock
3.8886384572833776e-05,0.00011070672189816833,0.00046767754247412086,0.006235894849404837,0.010521726184337261,0.02162585356637099,0.031494140625,0.0439453125,0.090087890625,8.0,34.0,8.0,4.620240888527052,6.503766309989109,7.316158301896084,Transient_Shock
4.806689321412705e-05,0.0001178634374809917,0.0005219293379923329,0.006933029151397464,0.010856492872055493,0.022845772869227534,0.038818359375,0.0498046875,0.093505859375,8.0,34.0,8.0,3.522234775240639,6.718822710860827,7.387660377738692,Transient_Shock
4.9011301598511636e-05,0.00013419297465588897,0.00045216272337711416,0.007000807210494489,0.011584169139644369,0.02126411821301589,0.034912109375,0.052490234375,0.0908203125,8.0,34.0,8.0,3.6207114461949295,6.570006402556058,7.418551262123827,Transient_Shock
4.2325584217906e-05,0.00011904980055987835,0.0003914326043741312,0.006505811572579243,0.010910994480792222,0.019784655781037264,0.0361328125,0.05517578125,0.087158203125,8.0,34.0,8.0,3.815311271955771,7.038950229790564,7.32421152486731,Transient_Shock
4.7546283894916996e-05,0.0001475057470088359,0.00047070634536794387,0.006895381345140891,0.012145194399795991,0.021695767913764746,0.04541015625,0.06103515625,0.096435546875,9.0,34.0,8.0,3.8611835337104257,8.284125624824686,6.631096463205902,Transient_Shock
4.5219436287879944e-05,0.00011855829507112503,0.0004930418072035536,0.006724539856962701,0.010888447780612489,0.02220454474209173,0.03369140625,0.04443359375,0.098876953125,8.0,34.0,8.0,3.866625839985915,11.782661372731297,6.553170835878804,Transient_Shock
6.60959049127996e-05,0.00012921768575324677,0.0005130433964950498,0.008129938801294853,0.01136739573311525,0.022650461286584204,0.0458984375,0.052978515625,0.101318359375,21.0,34.0,8.0,7.392092814507717,9.968728655515104,5.866440097897399,Transient_Shock
6.433031740016304e-05,0.00013747813864029013,0.0004900493077002466,0.008020618267949363,0.011725107190993614,0.022137057340582703,0.04443359375,0.051025390625,0.10107421875,21.0,34.0,8.0,6.15252640652938,8.782753647359094,6.721035636584222,Transient_Shock
0.00011005394844687544,0.00012533622793853283,0.000501437796629034,0.010490660057731136,0.011195366360174768,0.022392806805513105,0.05517578125,0.046875,0.0947265625,21.0,34.0,8.0,5.4327045000933465,10.926812627780608,6.7364733643107355,Transient_Shock
5.100770795252174e-05,0.00012168139437562786,0.0004969947040081024,0.0071419680727739,0.011030928989692022,0.022293378030439945,0.03369140625,0.0478515625,0.094482421875,34.0,34.0,8.0,4.3077096185271975,10.53244078409051,6.376681012747355,Transient_Shock
6.46398366370704e-05,0.00012847713878727518,0.0005831849848618731,0.00803989033737839,0.011334775639035613,0.024149223276575028,0.04052734375,0.049072265625,0.10400390625,34.0,34.0,8.0,4.954716735820203,12.749568563599727,6.023568249222245,Transient_Shock
5.811637674923986e-05,0.00014803465455770493,0.0005663155898218974,0.007623409784947932,0.012166949270778805,0.023797386197267494,0.04052734375,0.0517578125,0.112060546875,25.0,34.0,8.0,4.87023475065712,10.314262656162233,5.611873783302432,Transient_Shock
5.06257638335228e-05,0.00012059320215485059,0.0005452319128380623,0.007115178411924946,0.010981493621309015,0.023350201558831614,0.035888671875,0.045654296875,0.094482421875,34.0,34.0,8.0,5.014368809544363,12.800738563842087,6.021472998368251,Transient_Shock
4.382175029604696e-05,0.00012527784201665781,0.0005058084170741495,0.0066197998682775115,0.011192758463250147,0.02249018490529034,0.033447265625,0.0498046875,0.1044921875,34.0,34.0,8.0,4.128635765798197,10.563348667461424,6.3799601459983535,Transient_Shock
6.227228732313961e-05,0.00012535528730950318,0.00043582239595707506,0.007891279194347366,0.011196217544756049,0.020876359739118194,0.03564453125,0.050537109375,0.102294921875,14.0,34.0,8.0,4.990230131659777,10.3958004959274,6.021405798922471,Transient_Shock
0.00020783870422746986,0.00014209361688699573,0.0005631883068417665,0.014416612092564254,0.011920302717926073,0.0237315887972501,0.065673828125,0.05615234375,0.101318359375,14.0,34.0,8.0,13.415640725581577,9.872269539969508,5.12800636360682,Transient_Shock
0.00038519488589372486,0.00012819078619941138,0.00044369924580678344,0.01962638239446396,0.011322136997908627,0.021064169715580613,0.07275390625,0.0546875,0.09619140625,14.0,34.0,8.0,18.873713198465023,9.52602042243697,6.271354086022201,Transient_Shock
0.0003360707160027232,0.00011698337038978934,0.0004671736642194446,0.018332231615455965,0.010815885095071478,0.02161420052232894,0.072021484375,0.050048828125,0.095458984375,14.0,34.0,8.0,16.662521823416817,10.26379430246163,6.868883444677953,Transient_Shock
0.00016125669571920298,0.00012029092977172695,0.0004806320648640394,0.012698688740149629,0.010967722177905809,0.02192332239565982,0.0517578125,0.045166015625,0.09326171875,14.0,34.0,8.0,13.683340529494787,11.102659509577766,6.607619773230099,Transient_Shock
0.00015460570284631103,0.00011116303721792065,0.0004806122997251805,0.012434054159698317,0.010543388317705113,0.02192287161220401,0.05517578125,0.04638671875,0.095703125,14.0,34.0,8.0,13.140132456452097,8.88462479422108,6.5742095572581665,Transient_Shock
0.0001609520950296428,0.0001290901236643549,0.000469360442366451,0.012686689679725078,0.011361783471988669,0.02166472807044785,0.052001953125,0.051025390625,0.093505859375,14.0,34.0,8.0,13.787642871183062,10.35313008868731,6.71398266882885,Transient_Shock
0.00014829396968707442,0.00013070179556962103,0.0005082007810415234,0.012177601146657516,0.011432488599146777,0.022543309008251727,0.060546875,0.052001953125,0.098388671875,14.0,34.0,8.0,13.158916967428048,10.312788836158624,5.837194502905612,Transient_Shock
8.865343625075184e-05,0.0001352868821413722,0.000434832283644937,0.009415595374205067,0.011631288928634359,0.0208526325351246,0.0439453125,0.0498046875,0.0859375,14.0,34.0,9.0,7.55459119393639,11.714950138352014,6.27111975700282,Transient_Shock
0.00010510888751014136,0.00012540342504507862,0.000493935131089529,0.01025226255565772,0.011198367070474098,0.022224651427852113,0.05224609375,0.051513671875,0.09375,14.0,34.0,8.0,7.633783624170766,13.27279637228059,6.605366568358277,Transient_Shock
0.0001644529402256012,0.00014290219041868113,0.0004725969301944133,0.012823920626142427,0.011954170419509717,0.02173929461124287,0.053466796875,0.0546875,0.0966796875,14.0,34.0,8.0,11.932907205649771,10.629714411775412,6.4873843527212705,Transient_Shock
0.00014614444444305263,0.00013003658023080789,0.0005022688856115565,0.012089021649540241,0.011403358287399721,0.02241135617519735,0.053466796875,0.050537109375,0.09228515625,14.0,34.0,8.0,13.603938598074874,11.45462436298939,6.402354724791047,Transient_Shock
0.0001121307686844375,0.00012442107254173607,0.0005012980509491172,0.010589181681529385,0.011154419417510535,0.02238968626285588,0.0478515625,0.05224609375,0.1044921875,14.0,34.0,8.0,11.173296455923234,10.951956864251597,6.5342507598144435,Transient_Shock
0.00019065685046371073,0.00012194717055535875,0.0004545173105725553,0.013807854665505092,0.011042969281645165,0.021319411590673774,0.065185546875,0.05615234375,0.09765625,22.0,34.0,8.0,8.51224701246468,10.499542413434568,6.812342881170271,Transient_Shock
0.00019951097419834696,0.00015055949552333914,0.0005598081625066698,0.014124835368893578,0.01227026876328873,0.023660265478364136,0.0771484375,0.053955078125,0.10107421875,14.0,34.0,8.0,6.610590098339754,12.027625493051712,6.299700647607454,Transient_Shock
7.562047903775238e-05,0.00014238321091397665,0.000489298105094349,0.008696003624525024,0.011932443627102399,0.02212008374971372,0.04296875,0.05419921875,0.094970703125,14.0,34.0,8.0,5.731623135225099,13.237801536085206,6.562841214775896,Transient_Shock
7.953877502586693e-05,0.00014025898417457938,0.000491777256684145,0.008918451380473346,0.01184309858840073,0.022176051422292134,0.0390625,0.057861328125,0.098388671875,14.0,34.0,8.0,9.50798533336642,11.563843831600606,6.707899920668146,Transient_Shock
0.00012061651432304643,0.0001321880699833855,0.0004615278448909521,0.010982554999773343,0.011497307075284433,0.021483199130738238,0.052734375,0.0546875,0.09912109375,14.0,34.0,8.0,10.038179876805692,13.535089636029417,6.197335136024878,Transient_Shock
9.314260387327522e-05,0.00011604091560002416,0.0004546129457594361,0.009651041595251531,0.010772228905849716,0.021321654386079802,0.051513671875,0.05029296875,0.096923828125,14.0,34.0,9.0,9.589410367886465,11.75053366130406,6.469056855167576,Transient_Shock
5.947399404249154e-05,0.0001263457779714372,0.00044436248936108314,0.007711938410185311,0.01124036378287808,0.021079907242705864,0.04443359375,0.0556640625,0.099609375,14.0,34.0,9.0,6.687231410495453,11.75217806686445,6.410266938478441,Transient_Shock
6.620526255574077e-05,0.00014435242337640375,0.0005545827407331672,0.00813666163458582,0.012014675333790912,0.02354958047892079,0.0439453125,0.05078125,0.100830078125,24.0,34.0,9.0,4.34769473395135,14.3596611699992,6.296834918426008,Transient_Shock
6.269290679483674e-05,0.00012987834270461462,0.00047657730465289205,0.007917885247642626,0.011396417976917775,0.02183065057786625,0.04052734375,0.042724609375,0.0908203125,23.0,34.0,9.0,6.129600884980158,14.226176796933844,6.0172228384293325,Transient_Shock
5.92205578868743e-05,0.0001283504388993606,0.000496534732519649,0.007695489450767527,0.011329185270766852,0.022283059316881265,0.044189453125,0.046630859375,0.098388671875,34.0,34.0,9.0,4.748821151069156,13.357009862872657,6.512878974186158,Transient_Shock
7.691571590839885e-05,0.00013502650836016983,0.0004891803109785542,0.008770160540628595,0.011620090720823562,0.022117420983888563,0.041259765625,0.050537109375,0.093017578125,14.0,34.0,9.0,4.831193350903097,13.066533333199404,6.731036782833033,Transient_Shock
9.151891208603047e-05,0.00015797296873643063,0.0006321356049738824,0.009566551734351855,0.012568729798051617,0.02514230707341477,0.0517578125,0.053466796875,0.113037109375,14.0,34.0,9.0,6.9955415955756255,14.57632669498417,5.62123419283223,Transient_Shock
7.351298336288892e-05,0.00013892758579459041,0.0005385009571909904,0.008573971271405622,0.01178675467610107,0.02320562339587089,0.04931640625,0.046142578125,0.097900390625,14.0,34.0,9.0,6.566138412233933,11.69784943501045,6.122099506349079,Transient_Shock
7.332743552979082e-05,0.00013336751362658106,0.00047832182826823555,0.008563144021315467,0.011548485339064213,0.021870569911829812,0.048828125,0.055419921875,0.1005859375,14.0,34.0,9.0,5.58267011306875,12.513415921826526,6.856832100438707,Transient_Shock
7.193113196990453e-05,0.00015700151197961532,0.0006001336587360129,0.008481222315792961,0.012530024420551435,0.024497625573430843,0.04296875,0.053466796875,0.11669921875,14.0,34.0,9.0,4.204246671903555,16.173999666716846,5.871763730410843,Transient_Shock
7.260135316755623e-05,0.00015092396279214881,0.000551310004084371,0.008520642767277374,0.012285111427746548,0.023479991569086457,0.042724609375,0.0517578125,0.11083984375,34.0,34.0,9.0,5.203355818912528,12.941049301910509,5.716526242062302,Transient_Shock
6.84288352204021e-05,0.000118757932796143,0.0004941045626765117,0.00827217233986346,0.010897611334422925,0.022228462895047686,0.0390625,0.054931640625,0.103271484375,34.0,34.0,9.0,4.828787007169901,12.137317701623148,6.176040413971126,Transient_Shock
6.63963110127952e-05,0.0001202414532599505,0.0005560482240980491,0.008148393155266576,0.010965466395003474,0.0235806748015838,0.03662109375,0.0478515625,0.11181640625,9.0,34.0,9.0,4.232173825304652,14.654800893644104,6.37440123993908,Transient_Shock
7.026549428701401e-05,0.00014349700359161943,0.0006566122174263,0.008382451567829904,0.011979023482388681,0.02562444569988393,0.04150390625,0.05908203125,0.12841796875,34.0,34.0,9.0,4.178399238078272,13.397083746562238,5.633548008503853,Transient_Shock
5.103483272250742e-05,0.00014356890096678399,0.0005684271309291944,0.007143866790646884,0.011982024076373072,0.02384170989944292,0.03662109375,0.0615234375,0.11376953125,34.0,34.0,9.0,4.574159553880528,12.375145331724482,5.902507922267299,Transient_Shock
4.2926520109176636e-05,0.00013219565153121948,0.0005669263446179684,0.006551833339545248,0.011497636780278785,0.023810215131702787,0.033203125,0.058349609375,0.103271484375,34.0,34.0,9.0,5.456425374026697,8.940249587428736,5.966111209654159,Transient_Shock
4.969647488906048e-05,0.00014441343591897748,0.0005054989451309666,0.007049572674216536,0.012017214149667863,0.022483303696987384,0.03564453125,0.05419921875,0.107421875,34.0,34.0,9.0,5.664033586123675,7.093826461531136,6.047436400369305,Transient_Shock
5.5924057960510254e-05,0.00017752661369740963,0.0005947496829321608,0.007478238961179982,0.013323911351304077,0.024387490295890654,0.037353515625,0.054931640625,0.118896484375,34.0,34.0,8.0,6.904065531983127,9.20287136147842,5.634470568128047,Transient_Shock
5.986355245113373e-05,0.00016066519310697913,0.0006741638317180332,0.007737154027879614,0.012675377434497922,0.02596466506077121,0.03857421875,0.0595703125,0.1220703125,34.0,34.0,34.0,5.562847764589862,9.387400287069193,5.105880467322334,Transient_Shock
